defined_class	defined_class_label	birth_notch	birth_notch_label	neuroblast	neuroblast_label	stage	stage_label	neurotransmitter	neurotransmitter_label	clone	clone_label	other_types	other_types_label
FBbt:00001592	larval VUM neuron	FBbt:00005106	neuron	FBbt:00001428	VUM precursor	FBbt:00001727	larva					FBbt:00047097	primary neuron
FBbt:00001599	larval MP1 neuron	FBbt:00005106	neuron	FBbt:00001427	MP1 precursor	FBbt:00001727	larva					FBbt:00111673|FBbt:00052517	larval medial midline neuron|primary interneuron
FBbt:00001604	larval MP3 neuron	FBbt:00005106	neuron	FBbt:00001432	MP3 precursor	FBbt:00001727	larva					FBbt:00052517	primary interneuron
FBbt:00016016	larval midline neuron	FBbt:00047097	primary neuron	FBbt:00049579	midline neuroblast of ventral nervous system	FBbt:00001727	larva						
FBbt:00048515	DM1 lineage neuron	FBbt:00005106	neuron	FBbt:00050018	neuroblast DM1								
FBbt:00048864	lineage MNB primary neuron	FBbt:00047097	primary neuron	FBbt:00001419	neuroblast MNB							FBbt:00111673	larval medial midline neuron
FBbt:00048865	lineage NB1-1 primary neuron	FBbt:00047097	primary neuron	FBbt:00001371	neuroblast NB1-1								
FBbt:00048866	lineage NB1-2 primary neuron	FBbt:00047097	primary neuron	FBbt:00001384	neuroblast NB1-2								
FBbt:00048867	lineage NB2-1 primary neuron	FBbt:00047097	primary neuron	FBbt:00001410	neuroblast NB2-1								
FBbt:00048868	lineage NB2-2 primary neuron	FBbt:00047097	primary neuron	FBbt:00001385	neuroblast NB2-2								
FBbt:00048869	lineage NB2-3 primary neuron	FBbt:00047097	primary neuron	FBbt:00001421	neuroblast NB2-3								
FBbt:00048870	lineage NB2-4 primary neuron	FBbt:00047097	primary neuron	FBbt:00001411	neuroblast NB2-4								
FBbt:00048871	lineage NB2-5 primary neuron	FBbt:00047097	primary neuron	FBbt:00001374	neuroblast NB2-5								
FBbt:00048872	lineage NB3-1 primary neuron	FBbt:00047097	primary neuron	FBbt:00001394	neuroblast NB3-1								
FBbt:00048873	lineage NB3-2 primary neuron	FBbt:00047097	primary neuron	FBbt:00001388	neuroblast NB3-2								
FBbt:00048874	lineage NB3-3 primary neuron	FBbt:00047097	primary neuron	FBbt:00001422	neuroblast NB3-3							FBbt:00049540	Notch OFF hemilineage neuron
FBbt:00048875	lineage NB3-4 primary neuron	FBbt:00047097	primary neuron	FBbt:00001414	neuroblast NB3-4								
FBbt:00048876	lineage NB3-5 primary neuron	FBbt:00047097	primary neuron	FBbt:00001375	neuroblast NB3-5								
FBbt:00048877	lineage NB4-1 primary neuron	FBbt:00047097	primary neuron	FBbt:00001397	neuroblast NB4-1								
FBbt:00048878	lineage NB4-2 primary neuron	FBbt:00047097	primary neuron	FBbt:00001389	neuroblast NB4-2								
FBbt:00048879	lineage NB4-3 primary neuron	FBbt:00047097	primary neuron	FBbt:00001423	neuroblast NB4-3								
FBbt:00048880	lineage NB4-4 primary neuron	FBbt:00047097	primary neuron	FBbt:00001415	neuroblast NB4-4								
FBbt:00048881	lineage NB5-1 neuron	FBbt:00005106	neuron	FBbt:00001424	neuroblast NB5-1							FBbt:00047097	primary neuron
FBbt:00048882	lineage NB5-2 primary neuron	FBbt:00047097	primary neuron	FBbt:00001376	neuroblast NB5-2								
FBbt:00048883	lineage NB5-3 primary neuron	FBbt:00047097	primary neuron	FBbt:00001390	neuroblast NB5-3								
FBbt:00048884	lineage NB5-4 primary neuron	FBbt:00047097	primary neuron	FBbt:00001416	neuroblast NB5-4								
FBbt:00048885	lineage NB5-5 neuron	FBbt:00005106	neuron	FBbt:00001425	neuroblast NB5-5							FBbt:00047097	primary neuron
FBbt:00048886	lineage NB5-6 primary neuron	FBbt:00047097	primary neuron	FBbt:00001377	neuroblast NB5-6								
FBbt:00048887	lineage NB5-7 primary neuron	FBbt:00047097	primary neuron	FBbt:00111737	neuroblast NB5-7								
FBbt:00048888	lineage NB6-1 primary neuron	FBbt:00047097	primary neuron	FBbt:00001398	neuroblast NB6-1								
FBbt:00048889	lineage NB6-2 primary neuron	FBbt:00047097	primary neuron	FBbt:00001391	neuroblast NB6-2								
FBbt:00048890	lineage NB6-4 neuron	FBbt:00005106	neuron	FBbt:00001399	neuroblast NB6-4							FBbt:00047097	primary neuron
FBbt:00048891	lineage NB7-1 primary neuron	FBbt:00047097	primary neuron	FBbt:00001380	neuroblast NB7-1								
FBbt:00048892	lineage NB7-2 primary neuron	FBbt:00047097	primary neuron	FBbt:00001392	neuroblast NB7-2								
FBbt:00048893	lineage NB7-3 neuron	FBbt:00005106	neuron	FBbt:00001426	neuroblast NB7-3							FBbt:00047097	primary neuron
FBbt:00048894	lineage NB7-4 primary neuron	FBbt:00047097	primary neuron	FBbt:00001381	neuroblast NB7-4							FBbt:00049540	Notch OFF hemilineage neuron
FBbt:00048895	lineage 0 secondary neuron	FBbt:00047096	secondary neuron	FBbt:00001419	neuroblast MNB							FBbt:00049539	Notch ON hemilineage neuron
FBbt:00048896	lineage 16 secondary neuron	FBbt:00047096	secondary neuron	FBbt:00001371	neuroblast NB1-1			GO:0061535	glutamate secretion, neurotransmission			FBbt:00049540	Notch OFF hemilineage neuron
FBbt:00048897	lineage 1 secondary neuron	FBbt:00047096	secondary neuron	FBbt:00001384	neuroblast NB1-2								
FBbt:00048898	lineage 2 secondary neuron	FBbt:00047096	secondary neuron	FBbt:00001410	neuroblast NB2-1			GO:0061535	glutamate secretion, neurotransmission			FBbt:00049539	Notch ON hemilineage neuron
FBbt:00048899	lineage 10 secondary neuron	FBbt:00047096	secondary neuron	FBbt:00001385	neuroblast NB2-2			GO:0014055	acetylcholine secretion, neurotransmission			FBbt:00049540	Notch OFF hemilineage neuron
FBbt:00048900	lineage 15 secondary neuron	FBbt:00047096	secondary neuron	FBbt:00001421	neuroblast NB2-3			GO:0061535	glutamate secretion, neurotransmission			FBbt:00049540|FBbt:00005123	Notch OFF hemilineage neuron|motor neuron
FBbt:00048901	lineage 18 secondary neuron	FBbt:00047096	secondary neuron	FBbt:00001411	neuroblast NB2-4			GO:0014055	acetylcholine secretion, neurotransmission			FBbt:00049540	Notch OFF hemilineage neuron
FBbt:00048902	lineage 17 secondary neuron	FBbt:00047096	secondary neuron	FBbt:00001374	neuroblast NB2-5			GO:0014055	acetylcholine secretion, neurotransmission			FBbt:00049539	Notch ON hemilineage neuron
FBbt:00048903	lineage 4 secondary neuron	FBbt:00047096	secondary neuron	FBbt:00001394	neuroblast NB3-1			GO:0014055	acetylcholine secretion, neurotransmission			FBbt:00049540	Notch OFF hemilineage neuron
FBbt:00048904	lineage 7 secondary neuron	FBbt:00047096	secondary neuron	FBbt:00001388	neuroblast NB3-2			GO:0014055	acetylcholine secretion, neurotransmission			FBbt:00049540	Notch OFF hemilineage neuron
FBbt:00048905	lineage 8 secondary neuron	FBbt:00047096	secondary neuron	FBbt:00001422	neuroblast NB3-3								
FBbt:00048906	lineage 25 secondary neuron	FBbt:00047096	secondary neuron	FBbt:00001414	neuroblast NB3-4								
FBbt:00048907	lineage 9 secondary neuron	FBbt:00047096	secondary neuron	FBbt:00001375	neuroblast NB3-5								
FBbt:00048908	lineage 14 secondary neuron	FBbt:00047096	secondary neuron	FBbt:00001397	neuroblast NB4-1			GO:0061535	glutamate secretion, neurotransmission			FBbt:00049539	Notch ON hemilineage neuron
FBbt:00048909	lineage 13 secondary neuron	FBbt:00047096	secondary neuron	FBbt:00001389	neuroblast NB4-2			GO:0061534	gamma-aminobutyric acid secretion, neurotransmission				
FBbt:00048910	lineage 21 secondary neuron	FBbt:00047096	secondary neuron	FBbt:00001423	neuroblast NB4-3			GO:0061535	glutamate secretion, neurotransmission				
FBbt:00048911	lineage 24 secondary neuron	FBbt:00047096	secondary neuron	FBbt:00001415	neuroblast NB4-4			GO:0061535	glutamate secretion, neurotransmission			FBbt:00049540|FBbt:00005123	Notch OFF hemilineage neuron|motor neuron
FBbt:00048912	lineage 6 secondary neuron	FBbt:00047096	secondary neuron	FBbt:00001376	neuroblast NB5-2			GO:0061534	gamma-aminobutyric acid secretion, neurotransmission				
FBbt:00048913	lineage 5 secondary neuron	FBbt:00047096	secondary neuron	FBbt:00001390	neuroblast NB5-3			GO:0061534	gamma-aminobutyric acid secretion, neurotransmission			FBbt:00049540	Notch OFF hemilineage neuron
FBbt:00048914	lineage 22 secondary neuron	FBbt:00047096	secondary neuron	FBbt:00001416	neuroblast NB5-4								
FBbt:00048915	lineage 20 secondary neuron	FBbt:00047096	secondary neuron	FBbt:00111737	neuroblast NB5-7								
FBbt:00048916	lineage 12 secondary neuron	FBbt:00047096	secondary neuron	FBbt:00001398	neuroblast NB6-1								
FBbt:00048917	lineage 19 secondary neuron	FBbt:00047096	secondary neuron	FBbt:00001391	neuroblast NB6-2								
FBbt:00048918	lineage 3 secondary neuron	FBbt:00047096	secondary neuron	FBbt:00001380	neuroblast NB7-1								
FBbt:00048919	lineage 11 secondary neuron	FBbt:00047096	secondary neuron	FBbt:00001392	neuroblast NB7-2								
FBbt:00048920	lineage 23 secondary neuron	FBbt:00047096	secondary neuron	FBbt:00001381	neuroblast NB7-4			GO:0014055	acetylcholine secretion, neurotransmission			FBbt:00049540	Notch OFF hemilineage neuron
FBbt:00048921	lineage MNB neuron	FBbt:00005106	neuron	FBbt:00001419	neuroblast MNB								
FBbt:00048922	lineage NB1-1 neuron	FBbt:00005106	neuron	FBbt:00001371	neuroblast NB1-1								
FBbt:00048923	lineage NB1-2 neuron	FBbt:00005106	neuron	FBbt:00001384	neuroblast NB1-2								
FBbt:00048924	lineage NB2-1 neuron	FBbt:00005106	neuron	FBbt:00001410	neuroblast NB2-1								
FBbt:00048925	lineage NB2-2 neuron	FBbt:00005106	neuron	FBbt:00001385	neuroblast NB2-2								
FBbt:00048926	lineage NB2-3 neuron	FBbt:00005106	neuron	FBbt:00001421	neuroblast NB2-3								
FBbt:00048927	lineage NB2-4 neuron	FBbt:00005106	neuron	FBbt:00001411	neuroblast NB2-4								
FBbt:00048928	lineage NB2-5 neuron	FBbt:00005106	neuron	FBbt:00001374	neuroblast NB2-5								
FBbt:00048929	lineage NB3-1 neuron	FBbt:00005106	neuron	FBbt:00001394	neuroblast NB3-1								
FBbt:00048930	lineage NB3-2 neuron	FBbt:00005106	neuron	FBbt:00001388	neuroblast NB3-2								
FBbt:00048931	lineage NB3-3 neuron	FBbt:00005106	neuron	FBbt:00001422	neuroblast NB3-3								
FBbt:00048932	lineage NB3-4 neuron	FBbt:00005106	neuron	FBbt:00001414	neuroblast NB3-4								
FBbt:00048933	lineage NB3-5 neuron	FBbt:00005106	neuron	FBbt:00001375	neuroblast NB3-5								
FBbt:00048934	lineage NB4-1 neuron	FBbt:00005106	neuron	FBbt:00001397	neuroblast NB4-1								
FBbt:00048935	lineage NB4-2 neuron	FBbt:00005106	neuron	FBbt:00001389	neuroblast NB4-2								
FBbt:00048936	lineage NB4-3 neuron	FBbt:00005106	neuron	FBbt:00001423	neuroblast NB4-3								
FBbt:00048937	lineage NB4-4 neuron	FBbt:00005106	neuron	FBbt:00001415	neuroblast NB4-4								
FBbt:00048938	lineage NB5-2 neuron	FBbt:00005106	neuron	FBbt:00001376	neuroblast NB5-2								
FBbt:00048939	lineage NB5-3 neuron	FBbt:00005106	neuron	FBbt:00001390	neuroblast NB5-3								
FBbt:00048940	lineage NB5-4 neuron	FBbt:00005106	neuron	FBbt:00001416	neuroblast NB5-4								
FBbt:00048941	lineage NB5-7 neuron	FBbt:00005106	neuron	FBbt:00111737	neuroblast NB5-7								
FBbt:00048942	lineage NB6-1 neuron	FBbt:00005106	neuron	FBbt:00001398	neuroblast NB6-1								
FBbt:00048943	lineage NB6-2 neuron	FBbt:00005106	neuron	FBbt:00001391	neuroblast NB6-2								
FBbt:00048944	lineage NB7-1 neuron	FBbt:00005106	neuron	FBbt:00001380	neuroblast NB7-1								
FBbt:00048945	lineage NB7-2 neuron	FBbt:00005106	neuron	FBbt:00001392	neuroblast NB7-2								
FBbt:00048946	lineage NB7-4 neuron	FBbt:00005106	neuron	FBbt:00001381	neuroblast NB7-4								
FBbt:00049154	BLD6 lineage neuron	FBbt:00005106	neuron	FBbt:00049153	neuroblast BLD6								
FBbt:00049156	BLVa4 lineage neuron	FBbt:00005106	neuron	FBbt:00049155	neuroblast BLVa4								
FBbt:00049158	BLVp2 lineage neuron	FBbt:00005106	neuron	FBbt:00049157	neuroblast BLVp2								
FBbt:00049160	DALl2 lineage neuron	FBbt:00005106	neuron	FBbt:00049159	neuroblast DALl2								
FBbt:00049162	DPLpv lineage neuron	FBbt:00005106	neuron	FBbt:00049161	neuroblast DPLpv								
FBbt:00049465	adult SMPad1 lineage neuron	FBbt:00005106	neuron	FBbt:00049463	neuroblast SMPad1	FBbt:00003004	adult			FBbt:00049464	adult SMPad1 lineage clone		
FBbt:00049466	adult CREa1 lineage neuron	FBbt:00005106	neuron	FBbt:00100551	neuroblast BAmd1	FBbt:00003004	adult			FBbt:00049461	adult CREa1 lineage clone		
FBbt:00049467	adult BAmas2 lineage neuron	FBbt:00005106	neuron	FBbt:00100556	neuroblast BAmas2	FBbt:00003004	adult			FBbt:00047123	adult BAmas2 lineage clone		
FBbt:00049894	DALcm1 Notch OFF hemilineage neuron	FBbt:00049540	Notch OFF hemilineage neuron	FBbt:00100548	neuroblast DALcm1								
FBbt:00049895	DALcm1 Notch ON hemilineage neuron	FBbt:00049539	Notch ON hemilineage neuron	FBbt:00100548	neuroblast DALcm1								
FBbt:00049896	SMPp&v1 Notch ON hemilineage neuron	FBbt:00049539	Notch ON hemilineage neuron	FBbt:00100599	neuroblast DPLc5								
FBbt:00049897	SMPp&v1 Notch OFF hemilineage neuron	FBbt:00049540	Notch OFF hemilineage neuron	FBbt:00100599	neuroblast DPLc5								
FBbt:00049898	CREa1 Notch OFF hemilineage neuron	FBbt:00049540	Notch OFF hemilineage neuron	FBbt:00100551	neuroblast BAmd1								
FBbt:00049899	CREa1 Notch ON hemilineage neuron	FBbt:00049539	Notch ON hemilineage neuron	FBbt:00100551	neuroblast BAmd1								
FBbt:00049900	DALcm2 Notch OFF hemilineage neuron	FBbt:00049540	Notch OFF hemilineage neuron	FBbt:00100549	neuroblast DALcm2								
FBbt:00049901	DALcm2 Notch ON hemilineage neuron	FBbt:00049539	Notch ON hemilineage neuron	FBbt:00100549	neuroblast DALcm2								
FBbt:00049902	DALcl1 Notch OFF hemilineage neuron	FBbt:00049540	Notch OFF hemilineage neuron	FBbt:00100545	neuroblast DALcl1								
FBbt:00049903	DALcl1 Notch ON hemilineage neuron	FBbt:00049539	Notch ON hemilineage neuron	FBbt:00100545	neuroblast DALcl1								
FBbt:00049904	DALcl2 Notch ON hemilineage neuron	FBbt:00049539	Notch ON hemilineage neuron	FBbt:00100546	neuroblast DALcl2								
FBbt:00049905	LALv1 Notch ON hemilineage neuron	FBbt:00049539	Notch ON hemilineage neuron	FBbt:00050166	neuroblast LALv1								
FBbt:00049906	LALv1 Notch OFF hemilineage neuron	FBbt:00049540	Notch OFF hemilineage neuron	FBbt:00050166	neuroblast LALv1								
FBbt:00049907	DALcl2 Notch OFF hemilineage neuron	FBbt:00049540	Notch OFF hemilineage neuron	FBbt:00100546	neuroblast DALcl2								
FBbt:00049911	ALl1 Notch OFF hemilineage neuron	FBbt:00049540	Notch OFF hemilineage neuron	FBbt:00067347	neuroblast ALl1								
FBbt:00049912	ALl1 Notch ON hemilineage neuron	FBbt:00049539	Notch ON hemilineage neuron	FBbt:00067347	neuroblast ALl1								
FBbt:00050002	adult BLVa1 lineage neuron	FBbt:00005106	neuron	FBbt:00100630	neuroblast BLVa1	FBbt:00003004	adult			FBbt:00050001	adult BLVa1 lineage clone		
FBbt:00050005	adult SLPa&l1 lineage neuron	FBbt:00005106	neuron	FBbt:00100619	neuroblast BLAvm	FBbt:00003004	adult			FBbt:00050004	adult SLPa&l1 lineage clone		
FBbt:00050008	adult SLPpl3 lineage neuron	FBbt:00005106	neuron	FBbt:00050006	neuroblast SLPpl3	FBbt:00003004	adult			FBbt:00050007	adult SLPpl3 lineage clone		
FBbt:00050011	adult BAmas2 (male) lineage neuron	FBbt:00005106	neuron	FBbt:00050009	neuroblast BAmas2 (male)	FBbt:00003004	adult			FBbt:00050010	adult BAmas2 (male) lineage clone		
FBbt:00050014	adult VPNl&d1 lineage neuron	FBbt:00005106	neuron	FBbt:00050012	neuroblast VPNl&d1	FBbt:00003004	adult			FBbt:00050013	adult VPNl&d1 lineage clone		
FBbt:00050017	adult BAlp3 lineage neuron	FBbt:00005106	neuron	FBbt:00100565	neuroblast BAlp3	FBbt:00003004	adult			FBbt:00050016	adult BAlp3 lineage clone		
FBbt:00050020	adult DM1 lineage neuron	FBbt:00005106	neuron	FBbt:00050018	neuroblast DM1	FBbt:00003004	adult			FBbt:00050019	adult DM1 lineage clone		
FBbt:00050023	adult DPLc1 lineage neuron	FBbt:00005106	neuron	FBbt:00100595	neuroblast DPLc1	FBbt:00003004	adult			FBbt:00050022	adult DPLc1 lineage clone		
FBbt:00050025	adult ALl1 lineage neuron	FBbt:00005106	neuron	FBbt:00067347	neuroblast ALl1	FBbt:00003004	adult			FBbt:00050024	adult ALl1 lineage clone		
FBbt:00050028	adult BLAd1 lineage neuron	FBbt:00005106	neuron	FBbt:00100614	neuroblast BLAd1	FBbt:00003004	adult			FBbt:00050027	adult BLAd1 lineage clone		
FBbt:00050031	adult DPMpl1 lineage neuron	FBbt:00005106	neuron	FBbt:00100577	neuroblast DPMpl1	FBbt:00003004	adult			FBbt:00050030	adult DPMpl1 lineage clone		
FBbt:00050034	adult DPLal2 lineage neuron	FBbt:00005106	neuron	FBbt:00100592	neuroblast DPLal2	FBbt:00003004	adult			FBbt:00050033	adult DPLal2 lineage clone		
FBbt:00050037	adult ALv2 lineage neuron	FBbt:00005106	neuron	FBbt:00050035	neuroblast ALv2	FBbt:00003004	adult			FBbt:00050036	adult ALv2 lineage clone		
FBbt:00050040	adult ALlv1 lineage neuron	FBbt:00005106	neuron	FBbt:00050038	neuroblast ALlv1	FBbt:00003004	adult			FBbt:00050039	adult ALlv1 lineage clone		
FBbt:00050043	adult SMPad1 (female) lineage neuron	FBbt:00005106	neuron	FBbt:00050041	neuroblast SMPad1 (female)	FBbt:00003004	adult			FBbt:00050042	adult SMPad1 (female) lineage clone		
FBbt:00050046	adult DPLm1 lineage neuron	FBbt:00005106	neuron	FBbt:00100605	neuroblast DPLm1	FBbt:00003004	adult			FBbt:00050045	adult DPLm1 lineage clone		
FBbt:00050049	adult BLD4 lineage neuron	FBbt:00005106	neuron	FBbt:00100623	neuroblast BLD4	FBbt:00003004	adult			FBbt:00050048	adult BLD4 lineage clone		
FBbt:00050052	adult BAlp1 lineage neuron	FBbt:00005106	neuron	FBbt:00100563	neuroblast BAlp1	FBbt:00003004	adult			FBbt:00050051	adult BAlp1 lineage clone		
FBbt:00050055	adult CLp2 lineage neuron	FBbt:00005106	neuron	FBbt:00100611	neuroblast CP4	FBbt:00003004	adult			FBbt:00050054	adult CLp2 lineage clone		
FBbt:00050058	adult SLPav3 lineage neuron	FBbt:00005106	neuron	FBbt:00050056	neuroblast SLPav3	FBbt:00003004	adult			FBbt:00050057	adult SLPav3 lineage clone		
FBbt:00050061	adult DM5 lineage neuron	FBbt:00005106	neuron	FBbt:00050059	neuroblast DM5	FBbt:00003004	adult			FBbt:00050060	adult DM5 lineage clone		
FBbt:00050064	adult DALcl2 lineage neuron	FBbt:00005106	neuron	FBbt:00100546	neuroblast DALcl2	FBbt:00003004	adult			FBbt:00050063	adult DALcl2 lineage clone		
FBbt:00050067	adult BLVp2 lineage neuron	FBbt:00005106	neuron	FBbt:00049157	neuroblast BLVp2	FBbt:00003004	adult			FBbt:00050066	adult BLVp2 lineage clone		
FBbt:00050070	adult SLPpl2 lineage neuron	FBbt:00005106	neuron	FBbt:00050068	neuroblast SLPpl2	FBbt:00003004	adult			FBbt:00050069	adult SLPpl2 lineage clone		
FBbt:00050073	adult WEDd2 lineage neuron	FBbt:00005106	neuron	FBbt:00100735	neuroblast BAmd2	FBbt:00003004	adult			FBbt:00050072	adult WEDd2 lineage clone		
FBbt:00050076	adult BLAv1 lineage neuron	FBbt:00005106	neuron	FBbt:00100612	neuroblast BLAv1	FBbt:00003004	adult			FBbt:00050075	adult BLAv1 lineage clone		
FBbt:00050079	adult DPMpl2 lineage neuron	FBbt:00005106	neuron	FBbt:00100578	neuroblast DPMpl2	FBbt:00003004	adult			FBbt:00050078	adult DPMpl2 lineage clone		
FBbt:00050082	adult BLP4 lineage neuron	FBbt:00005106	neuron	FBbt:00100628	neuroblast BLP4	FBbt:00003004	adult			FBbt:00050081	adult BLP4 lineage clone		
FBbt:00050085	adult CP3 lineage neuron	FBbt:00005106	neuron	FBbt:00100610	neuroblast CP3	FBbt:00003004	adult			FBbt:00050084	adult CP3 lineage clone		
FBbt:00050088	adult BAlv lineage neuron	FBbt:00005106	neuron	FBbt:00100566	neuroblast BAlv	FBbt:00003004	adult			FBbt:00050087	adult BAlv lineage clone		
FBbt:00050091	adult DPLc3 lineage neuron	FBbt:00005106	neuron	FBbt:00100597	neuroblast DPLc3	FBbt:00003004	adult			FBbt:00050090	adult DPLc3 lineage clone		
FBbt:00050094	adult DPMl1 lineage neuron	FBbt:00005106	neuron	FBbt:00100586	neuroblast DPMl1	FBbt:00003004	adult			FBbt:00050093	adult DPMl1 lineage clone		
FBbt:00050096	adult ALad1 lineage neuron	FBbt:00005106	neuron	FBbt:00067346	neuroblast ALad1	FBbt:00003004	adult			FBbt:00050095	adult ALad1 lineage clone		
FBbt:00050099	adult DPLd lineage neuron	FBbt:00005106	neuron	FBbt:00100594	neuroblast DPLd	FBbt:00003004	adult			FBbt:00050098	adult DPLd lineage clone		
FBbt:00050102	adult DM3 lineage neuron	FBbt:00005106	neuron	FBbt:00050100	neuroblast DM3	FBbt:00003004	adult			FBbt:00050101	adult DM3 lineage clone		
FBbt:00050105	adult VLPl1 lineage neuron	FBbt:00005106	neuron	FBbt:00050103	neuroblast VLPl1	FBbt:00003004	adult			FBbt:00050104	adult VLPl1 lineage clone		
FBbt:00050108	adult BLD6 lineage neuron	FBbt:00005106	neuron	FBbt:00049153	neuroblast BLD6	FBbt:00003004	adult			FBbt:00050107	adult BLD6 lineage clone		
FBbt:00050111	adult BAmv2 lineage neuron	FBbt:00005106	neuron	FBbt:00100553	neuroblast BAmv2	FBbt:00003004	adult			FBbt:00050110	adult BAmv2 lineage clone		
FBbt:00050114	adult CP1 lineage neuron	FBbt:00005106	neuron	FBbt:00100608	neuroblast CP1	FBbt:00003004	adult			FBbt:00050113	adult CP1 lineage clone		
FBbt:00050117	adult LHd2 lineage neuron	FBbt:00005106	neuron	FBbt:00100606	neuroblast DPLm2	FBbt:00003004	adult			FBbt:00050116	adult LHd2 lineage clone		
FBbt:00050120	adult VESa1 lineage neuron	FBbt:00005106	neuron	FBbt:00050118	neuroblast VESa1	FBbt:00003004	adult			FBbt:00050119	adult VESa1 lineage clone		
FBbt:00050123	adult DM2 lineage neuron	FBbt:00005106	neuron	FBbt:00050121	neuroblast DM2	FBbt:00003004	adult			FBbt:00050122	adult DM2 lineage clone		
FBbt:00050126	adult DPLl3 lineage neuron	FBbt:00005106	neuron	FBbt:00100602	neuroblast DPLl3	FBbt:00003004	adult			FBbt:00050125	adult DPLl3 lineage clone		
FBbt:00050129	adult DALcl1 lineage neuron	FBbt:00005106	neuron	FBbt:00100545	neuroblast DALcl1	FBbt:00003004	adult			FBbt:00050128	adult DALcl1 lineage clone		
FBbt:00050132	adult DPLpv lineage neuron	FBbt:00005106	neuron	FBbt:00049161	neuroblast DPLpv	FBbt:00003004	adult			FBbt:00050131	adult DPLpv lineage clone		
FBbt:00050135	adult VLPa2 lineage neuron	FBbt:00005106	neuron	FBbt:00100543	neuroblast DALv1	FBbt:00003004	adult			FBbt:00050134	adult VLPa2 lineage clone		
FBbt:00050138	adult DALv2 lineage neuron	FBbt:00005106	neuron	FBbt:00050136	neuroblast DALv2	FBbt:00003004	adult			FBbt:00050137	adult DALv2 lineage clone		
FBbt:00050141	adult DPLp1 lineage neuron	FBbt:00005106	neuron	FBbt:00100603	neuroblast DPLp1	FBbt:00003004	adult			FBbt:00050140	adult DPLp1 lineage clone		
FBbt:00050144	adult DM6 lineage neuron	FBbt:00005106	neuron	FBbt:00050142	neuroblast DM6	FBbt:00003004	adult			FBbt:00050143	adult DM6 lineage clone		
FBbt:00050147	adult BLVp1 lineage neuron	FBbt:00005106	neuron	FBbt:00100633	neuroblast BLVp1	FBbt:00003004	adult			FBbt:00050146	adult BLVp1 lineage clone		
FBbt:00050150	adult CREa1 (female) lineage neuron	FBbt:00005106	neuron	FBbt:00050148	neuroblast CREa1 (female)	FBbt:00003004	adult			FBbt:00050149	adult CREa1 (female) lineage clone		
FBbt:00050153	adult BLAd3 lineage neuron	FBbt:00005106	neuron	FBbt:00100616	neuroblast BLAd3	FBbt:00003004	adult			FBbt:00050152	adult BLAd3 lineage clone		
FBbt:00050156	adult SLPal4 lineage neuron	FBbt:00005106	neuron	FBbt:00050154	neuroblast SLPal4	FBbt:00003004	adult			FBbt:00050155	adult SLPal4 lineage clone		
FBbt:00050159	adult VLPa1 lineage neuron	FBbt:00005106	neuron	FBbt:00049159	neuroblast DALl2	FBbt:00003004	adult			FBbt:00050158	adult VLPa1 lineage clone		
FBbt:00050162	adult VPNp&v1 lineage neuron	FBbt:00005106	neuron	FBbt:00100625	neuroblast BLP1	FBbt:00003004	adult			FBbt:00050161	adult VPNp&v1 lineage clone		
FBbt:00050165	adult PSp2 lineage neuron	FBbt:00005106	neuron	FBbt:00100571	neuroblast CM5	FBbt:00003004	adult			FBbt:00050164	adult PSp2 lineage clone		
FBbt:00050168	adult LALv1 lineage neuron	FBbt:00005106	neuron	FBbt:00050166	neuroblast LALv1	FBbt:00003004	adult			FBbt:00050167	adult LALv1 lineage clone		
FBbt:00050171	adult PBp1 lineage neuron	FBbt:00005106	neuron	FBbt:00050169	neuroblast PBp1	FBbt:00003004	adult			FBbt:00050170	adult PBp1 lineage clone		
FBbt:00050174	adult SMPad3 lineage neuron	FBbt:00005106	neuron	FBbt:00100540	neuroblast DAMd1	FBbt:00003004	adult			FBbt:00050173	adult SMPad3 lineage clone		
FBbt:00050177	adult SLPal5 lineage neuron	FBbt:00005106	neuron	FBbt:00050175	neuroblast SLPal5	FBbt:00003004	adult			FBbt:00050176	adult SLPal5 lineage clone		
FBbt:00050180	adult BAmas2 (female) lineage neuron	FBbt:00005106	neuron	FBbt:00050178	neuroblast BAmas2 (female)	FBbt:00003004	adult			FBbt:00050179	adult BAmas2 (female) lineage clone		
FBbt:00050183	adult DALl1 lineage neuron	FBbt:00005106	neuron	FBbt:00100547	neuroblast DALl1	FBbt:00003004	adult			FBbt:00050182	adult DALl1 lineage clone		
FBbt:00050186	adult CP2 lineage neuron	FBbt:00005106	neuron	FBbt:00100609	neuroblast CP2	FBbt:00003004	adult			FBbt:00050185	adult CP2 lineage clone		
FBbt:00050189	adult BAmas1 lineage neuron	FBbt:00005106	neuron	FBbt:00100555	neuroblast BAmas1	FBbt:00003004	adult			FBbt:00050188	adult BAmas1 lineage clone		
FBbt:00050192	adult FLAa1 lineage neuron	FBbt:00005106	neuron	FBbt:00100560	neuroblast BAla4	FBbt:00003004	adult			FBbt:00050191	adult FLAa1 lineage clone		
FBbt:00050195	adult SMPp&v1 lineage neuron	FBbt:00005106	neuron	FBbt:00100599	neuroblast DPLc5	FBbt:00003004	adult			FBbt:00050194	adult SMPp&v1 lineage clone		
FBbt:00050197	adult ALv1 lineage neuron	FBbt:00005106	neuron	FBbt:00067348	neuroblast ALv1	FBbt:00003004	adult			FBbt:00050196	adult ALv1 lineage clone		
FBbt:00050200	adult BLP2 lineage neuron	FBbt:00005106	neuron	FBbt:00100626	neuroblast BLP2	FBbt:00003004	adult			FBbt:00050199	adult BLP2 lineage clone		
FBbt:00050203	adult SMPad2 lineage neuron	FBbt:00005106	neuron	FBbt:00050201	neuroblast SMPad2	FBbt:00003004	adult			FBbt:00050202	adult SMPad2 lineage clone		
FBbt:00050206	adult CLp1 lineage neuron	FBbt:00005106	neuron	FBbt:00100598	neuroblast DPLc4	FBbt:00003004	adult			FBbt:00050205	adult CLp1 lineage clone		
FBbt:00050209	adult DPLl2 lineage neuron	FBbt:00005106	neuron	FBbt:00100601	neuroblast DPLl2	FBbt:00003004	adult			FBbt:00050208	adult DPLl2 lineage clone		
FBbt:00050212	adult VLPp2 lineage neuron	FBbt:00005106	neuron	FBbt:00100579	neuroblast DPMpl3	FBbt:00003004	adult			FBbt:00050211	adult VLPp2 lineage clone		
FBbt:00050215	adult PSp1 lineage neuron	FBbt:00005106	neuron	FBbt:00050213	neuroblast PSp1	FBbt:00003004	adult			FBbt:00050214	adult PSp1 lineage clone		
FBbt:00050218	adult SLPpm2 lineage neuron	FBbt:00005106	neuron	FBbt:00100596	neuroblast DPLc2	FBbt:00003004	adult			FBbt:00050217	adult SLPpm2 lineage clone		
FBbt:00050221	adult DPLal1 lineage neuron	FBbt:00005106	neuron	FBbt:00100591	neuroblast DPLal1	FBbt:00003004	adult			FBbt:00050220	adult DPLal1 lineage clone		
FBbt:00050224	adult DALcm2 lineage neuron	FBbt:00005106	neuron	FBbt:00100549	neuroblast DALcm2	FBbt:00003004	adult			FBbt:00050223	adult DALcm2 lineage clone		
FBbt:00050227	adult BLAv2 lineage neuron	FBbt:00005106	neuron	FBbt:00100613	neuroblast BLAv2	FBbt:00003004	adult			FBbt:00050226	adult BLAv2 lineage clone		
FBbt:00050230	adult DPLl1 lineage neuron	FBbt:00005106	neuron	FBbt:00100600	neuroblast DPLl1	FBbt:00003004	adult			FBbt:00050229	adult DPLl1 lineage clone		
FBbt:00050233	adult VLPd1 lineage neuron	FBbt:00005106	neuron	FBbt:00100590	neuroblast DPLam	FBbt:00003004	adult			FBbt:00050232	adult VLPd1 lineage clone		
FBbt:00050236	adult SLPp&v1 lineage neuron	FBbt:00005106	neuron	FBbt:00100604	neuroblast DPLp2	FBbt:00003004	adult			FBbt:00050235	adult SLPp&v1 lineage clone		
FBbt:00050239	adult SLPav2 lineage neuron	FBbt:00005106	neuron	FBbt:00100621	neuroblast BLD2	FBbt:00003004	adult			FBbt:00050238	adult SLPav2 lineage clone		
FBbt:00050242	adult DALd lineage neuron	FBbt:00005106	neuron	FBbt:00100550	neuroblast DALd	FBbt:00003004	adult			FBbt:00050241	adult DALd lineage clone		
FBbt:00050245	adult SMPad1 (male) lineage neuron	FBbt:00005106	neuron	FBbt:00050243	neuroblast SMPad1 (male)	FBbt:00003004	adult			FBbt:00050244	adult SMPad1 (male) lineage clone		
FBbt:00050248	adult CREa1 (male) lineage neuron	FBbt:00005106	neuron	FBbt:00050246	neuroblast CREa1 (male)	FBbt:00003004	adult			FBbt:00050247	adult CREa1 (male) lineage clone		
FBbt:00050251	adult VPNp1 lineage neuron	FBbt:00005106	neuron	FBbt:00050249	neuroblast VPNp1	FBbt:00003004	adult			FBbt:00050250	adult VPNp1 lineage clone		
FBbt:00050254	adult DM4 lineage neuron	FBbt:00005106	neuron	FBbt:00050252	neuroblast DM4	FBbt:00003004	adult			FBbt:00050253	adult DM4 lineage clone		
FBbt:00050257	adult LHl3 lineage neuron	FBbt:00005106	neuron	FBbt:00050255	neuroblast LHl3	FBbt:00003004	adult			FBbt:00050256	adult LHl3 lineage clone		
FBbt:00050260	adult VLPl4 lineage neuron	FBbt:00005106	neuron	FBbt:00100622	neuroblast BLD3	FBbt:00003004	adult			FBbt:00050259	adult VLPl4 lineage clone		
FBbt:00050263	adult BLD1 lineage neuron	FBbt:00005106	neuron	FBbt:00100620	neuroblast BLD1	FBbt:00003004	adult			FBbt:00050262	adult BLD1 lineage clone		
FBbt:00050266	adult SLPav1 lineage neuron	FBbt:00005106	neuron	FBbt:00100618	neuroblast BLAl	FBbt:00003004	adult			FBbt:00050265	adult SLPav1 lineage clone		
FBbt:00050269	adult DPLal3 lineage neuron	FBbt:00005106	neuron	FBbt:00100593	neuroblast DPLal3	FBbt:00003004	adult			FBbt:00050268	adult DPLal3 lineage clone		
FBbt:00050272	adult MBp1 lineage neuron	FBbt:00005106	neuron	FBbt:00050270	neuroblast MBp1	FBbt:00003004	adult			FBbt:00050271	adult MBp1 lineage clone		
FBbt:00050275	adult DALcm1 lineage neuron	FBbt:00005106	neuron	FBbt:00100548	neuroblast DALcm1	FBbt:00003004	adult			FBbt:00050274	adult DALcm1 lineage clone		
FBbt:00050278	adult BLAd2 lineage neuron	FBbt:00005106	neuron	FBbt:00100615	neuroblast BLAd2	FBbt:00003004	adult			FBbt:00050277	adult BLAd2 lineage clone		
FBbt:00050281	adult LHa3 lineage neuron	FBbt:00005106	neuron	FBbt:00100631	neuroblast BLVa2	FBbt:00003004	adult			FBbt:00050280	adult LHa3 lineage clone		
FBbt:00051309	NB1-2 Notch OFF hemilineage primary neuron	FBbt:00047105	Notch OFF hemilineage primary neuron	FBbt:00001384	neuroblast NB1-2								
FBbt:00051310	NB7-1 Notch OFF hemilineage primary neuron	FBbt:00047105	Notch OFF hemilineage primary neuron	FBbt:00001380	neuroblast NB7-1								
FBbt:00051311	NB5-2 Notch OFF hemilineage primary neuron	FBbt:00047105	Notch OFF hemilineage primary neuron	FBbt:00001376	neuroblast NB5-2								
FBbt:00051312	NB4-1 Notch OFF hemilineage primary neuron	FBbt:00047105	Notch OFF hemilineage primary neuron	FBbt:00001397	neuroblast NB4-1								
FBbt:00051313	NB7-1 Notch ON hemilineage primary neuron	FBbt:00047106	Notch ON hemilineage primary neuron	FBbt:00001380	neuroblast NB7-1								
FBbt:00051314	NB4-1 Notch ON hemilineage primary neuron	FBbt:00047106	Notch ON hemilineage primary neuron	FBbt:00001397	neuroblast NB4-1								
FBbt:00051315	NB1-2 Notch ON hemilineage primary neuron	FBbt:00047106	Notch ON hemilineage primary neuron	FBbt:00001384	neuroblast NB1-2								
FBbt:00051316	NB5-2 Notch ON hemilineage primary neuron	FBbt:00047106	Notch ON hemilineage primary neuron	FBbt:00001376	neuroblast NB5-2								
FBbt:00051317	NB2-1 Notch ON hemilineage primary neuron	FBbt:00047106	Notch ON hemilineage primary neuron	FBbt:00001410	neuroblast NB2-1								
FBbt:00051318	NB2-1 Notch OFF hemilineage primary neuron	FBbt:00047105	Notch OFF hemilineage primary neuron	FBbt:00001410	neuroblast NB2-1								
FBbt:00051455	hemilineage 1A secondary neuron	FBbt:00049541	Notch ON hemilineage secondary neuron	FBbt:00001384	neuroblast NB1-2			GO:0014055	acetylcholine secretion, neurotransmission				
FBbt:00051456	hemilineage 8A secondary neuron	FBbt:00049541	Notch ON hemilineage secondary neuron	FBbt:00001422	neuroblast NB3-3			GO:0061535	glutamate secretion, neurotransmission				
FBbt:00051457	hemilineage 9A secondary neuron	FBbt:00049541	Notch ON hemilineage secondary neuron	FBbt:00001375	neuroblast NB3-5			GO:0061534	gamma-aminobutyric acid secretion, neurotransmission				
FBbt:00051458	hemilineage 13A secondary neuron	FBbt:00049541	Notch ON hemilineage secondary neuron	FBbt:00001389	neuroblast NB4-2								
FBbt:00051459	hemilineage 21A secondary neuron	FBbt:00049541	Notch ON hemilineage secondary neuron	FBbt:00001423	neuroblast NB4-3								
FBbt:00051460	hemilineage 6A secondary neuron	FBbt:00049541	Notch ON hemilineage secondary neuron	FBbt:00001376	neuroblast NB5-2								
FBbt:00051461	hemilineage 22A secondary neuron	FBbt:00049541	Notch ON hemilineage secondary neuron	FBbt:00001416	neuroblast NB5-4			GO:0014055	acetylcholine secretion, neurotransmission				
FBbt:00051462	hemilineage 20A secondary neuron	FBbt:00049541	Notch ON hemilineage secondary neuron	FBbt:00111737	neuroblast NB5-7			GO:0014055	acetylcholine secretion, neurotransmission				
FBbt:00051463	hemilineage 12A secondary neuron	FBbt:00049541	Notch ON hemilineage secondary neuron	FBbt:00001398	neuroblast NB6-1			GO:0014055	acetylcholine secretion, neurotransmission				
FBbt:00051464	hemilineage 19A secondary neuron	FBbt:00049541	Notch ON hemilineage secondary neuron	FBbt:00001391	neuroblast NB6-2			GO:0061534	gamma-aminobutyric acid secretion, neurotransmission				
FBbt:00051465	hemilineage 3A secondary neuron	FBbt:00049541	Notch ON hemilineage secondary neuron	FBbt:00001380	neuroblast NB7-1			GO:0014055	acetylcholine secretion, neurotransmission				
FBbt:00051466	hemilineage 11A secondary neuron	FBbt:00049541	Notch ON hemilineage secondary neuron	FBbt:00001392	neuroblast NB7-2			GO:0014055	acetylcholine secretion, neurotransmission				
FBbt:00051467	hemilineage 1B secondary neuron	FBbt:00049542	Notch OFF hemilineage secondary neuron	FBbt:00001384	neuroblast NB1-2			GO:0061534	gamma-aminobutyric acid secretion, neurotransmission				
FBbt:00051468	hemilineage 8B secondary neuron	FBbt:00049542	Notch OFF hemilineage secondary neuron	FBbt:00001422	neuroblast NB3-3			GO:0014055	acetylcholine secretion, neurotransmission				
FBbt:00051469	hemilineage 9B secondary neuron	FBbt:00049542	Notch OFF hemilineage secondary neuron	FBbt:00001375	neuroblast NB3-5			GO:0061535	glutamate secretion, neurotransmission				
FBbt:00051470	hemilineage 13B secondary neuron	FBbt:00049542	Notch OFF hemilineage secondary neuron	FBbt:00001389	neuroblast NB4-2								
FBbt:00051471	hemilineage 21B secondary neuron	FBbt:00049542	Notch OFF hemilineage secondary neuron	FBbt:00001423	neuroblast NB4-3								
FBbt:00051472	hemilineage 6B secondary neuron	FBbt:00049542	Notch OFF hemilineage secondary neuron	FBbt:00001376	neuroblast NB5-2								
FBbt:00051473	hemilineage 22B secondary neuron	FBbt:00049542	Notch OFF hemilineage secondary neuron	FBbt:00001416	neuroblast NB5-4			GO:0061535	glutamate secretion, neurotransmission				
FBbt:00051474	hemilineage 20B secondary neuron	FBbt:00049542	Notch OFF hemilineage secondary neuron	FBbt:00111737	neuroblast NB5-7			GO:0061535	glutamate secretion, neurotransmission				
FBbt:00051475	hemilineage 12B secondary neuron	FBbt:00049542	Notch OFF hemilineage secondary neuron	FBbt:00001398	neuroblast NB6-1			GO:0061534	gamma-aminobutyric acid secretion, neurotransmission				
FBbt:00051476	hemilineage 19B secondary neuron	FBbt:00049542	Notch OFF hemilineage secondary neuron	FBbt:00001391	neuroblast NB6-2			GO:0014055	acetylcholine secretion, neurotransmission				
FBbt:00051477	hemilineage 3B secondary neuron	FBbt:00049542	Notch OFF hemilineage secondary neuron	FBbt:00001380	neuroblast NB7-1			GO:0061534	gamma-aminobutyric acid secretion, neurotransmission				
FBbt:00051478	hemilineage 11B secondary neuron	FBbt:00049542	Notch OFF hemilineage secondary neuron	FBbt:00001392	neuroblast NB7-2			GO:0061534	gamma-aminobutyric acid secretion, neurotransmission				
FBbt:00052194	ALlv1 lineage neuron	FBbt:00005106	neuron	FBbt:00050038	neuroblast ALlv1								
FBbt:00052201	DM3 lineage neuron	FBbt:00005106	neuron	FBbt:00050100	neuroblast DM3								
FBbt:00052202	DM6 lineage neuron	FBbt:00005106	neuron	FBbt:00050142	neuroblast DM6								
FBbt:00052203	DM5 lineage neuron	FBbt:00005106	neuron	FBbt:00050059	neuroblast DM5								
FBbt:00052204	DM4 lineage neuron	FBbt:00005106	neuron	FBbt:00050252	neuroblast DM4								
FBbt:00052205	DM2 lineage neuron	FBbt:00005106	neuron	FBbt:00050121	neuroblast DM2								
FBbt:00052519	lineage NB5-6 neuron	FBbt:00005106	neuron	FBbt:00001377	neuroblast NB5-6								
FBbt:00052520	lineage NB5-6 secondary neuron	FBbt:00047096	secondary neuron	FBbt:00001377	neuroblast NB5-6								
FBbt:00052819		FBbt:00005106	neuron	FBbt:00100584	neuroblast DPMm2								
FBbt:00100636	ALv1 lineage neuron	FBbt:00005106	neuron	FBbt:00067348	neuroblast ALv1								
FBbt:00100637	DAMv1 lineage neuron	FBbt:00005106	neuron	FBbt:00100498	neuroblast DAMv1								
FBbt:00100638	DAMv2 lineage neuron	FBbt:00005106	neuron	FBbt:00100512	neuroblast DAMv2								
FBbt:00100639	DAMd1 lineage neuron	FBbt:00005106	neuron	FBbt:00100540	neuroblast DAMd1								
FBbt:00100640	DAMd2 lineage neuron	FBbt:00005106	neuron	FBbt:00100541	neuroblast DAMd2								
FBbt:00100641	DAMd3 lineage neuron	FBbt:00005106	neuron	FBbt:00100542	neuroblast DAMd3								
FBbt:00100642	DALv1 lineage neuron	FBbt:00005106	neuron	FBbt:00100543	neuroblast DALv1								
FBbt:00100643	DALv2 lineage neuron	FBbt:00005106	neuron	FBbt:00050136	neuroblast DALv2								
FBbt:00100644	DALcl1 lineage neuron	FBbt:00005106	neuron	FBbt:00100545	neuroblast DALcl1								
FBbt:00100646	DALcl2 lineage neuron	FBbt:00005106	neuron	FBbt:00100546	neuroblast DALcl2								
FBbt:00100647	DALl1 lineage neuron	FBbt:00005106	neuron	FBbt:00100547	neuroblast DALl1								
FBbt:00100648	DALcm1 lineage neuron	FBbt:00005106	neuron	FBbt:00100548	neuroblast DALcm1								
FBbt:00100649	DALcm2 lineage neuron	FBbt:00005106	neuron	FBbt:00100549	neuroblast DALcm2								
FBbt:00100650	DALd lineage neuron	FBbt:00005106	neuron	FBbt:00100550	neuroblast DALd								
FBbt:00100651	BAmd1 lineage neuron	FBbt:00005106	neuron	FBbt:00100551	neuroblast BAmd1								
FBbt:00100652	LALv1 lineage neuron	FBbt:00005106	neuron	FBbt:00050166	neuroblast LALv1								
FBbt:00100653	BAmv2 lineage neuron	FBbt:00005106	neuron	FBbt:00100553	neuroblast BAmv2								
FBbt:00100654	ALad1 lineage neuron	FBbt:00005106	neuron	FBbt:00067346	neuroblast ALad1								
FBbt:00100655	BAmas1 lineage neuron	FBbt:00005106	neuron	FBbt:00100555	neuroblast BAmas1								
FBbt:00100656	BAmas2 lineage neuron	FBbt:00005106	neuron	FBbt:00100556	neuroblast BAmas2								
FBbt:00100657	ALv2 lineage neuron	FBbt:00005106	neuron	FBbt:00050035	neuroblast ALv2								
FBbt:00100658	VESa1 lineage neuron	FBbt:00005106	neuron	FBbt:00050118	neuroblast VESa1								
FBbt:00100659	BAla4 lineage neuron	FBbt:00005106	neuron	FBbt:00100560	neuroblast BAla4								
FBbt:00100660	ALl1 lineage neuron	FBbt:00005106	neuron	FBbt:00067347	neuroblast ALl1								
FBbt:00100662	BAlp1 lineage neuron	FBbt:00005106	neuron	FBbt:00100563	neuroblast BAlp1								
FBbt:00100663	BAlp2 lineage neuron	FBbt:00005106	neuron	FBbt:00100564	neuroblast BAlp2								
FBbt:00100664	BAlp3 lineage neuron	FBbt:00005106	neuron	FBbt:00100565	neuroblast BAlp3								
FBbt:00100665	BAlv lineage neuron	FBbt:00005106	neuron	FBbt:00100566	neuroblast BAlv								
FBbt:00100667	CM2 lineage neuron	FBbt:00005106	neuron	FBbt:00100568	neuroblast CM2								
FBbt:00100670	CM5 lineage neuron	FBbt:00005106	neuron	FBbt:00100571	neuroblast CM5								
FBbt:00100671	TRdm lineage neuron	FBbt:00005106	neuron	FBbt:00100572	neuroblast TRdm								
FBbt:00100672	TRdl lineage neuron	FBbt:00005106	neuron	FBbt:00100573	neuroblast TRdl								
FBbt:00100673	Trco lineage neuron	FBbt:00005106	neuron	FBbt:00100576	neuroblast TRco								
FBbt:00100674	DPMpl1 lineage neuron	FBbt:00005106	neuron	FBbt:00100577	neuroblast DPMpl1								
FBbt:00100675	DPMpl2 lineage neuron	FBbt:00005106	neuron	FBbt:00100578	neuroblast DPMpl2								
FBbt:00100676	TRvl lineage neuron	FBbt:00005106	neuron	FBbt:00100575	neuroblast TRvl								
FBbt:00100677	DPMpl3 lineage neuron	FBbt:00005106	neuron	FBbt:00100579	neuroblast DPMpl3								
FBbt:00100678	DPMpl4 lineage neuron	FBbt:00005106	neuron	FBbt:00100580	neuroblast DPMpl4								
FBbt:00100683	DPMm3 lineage neuron	FBbt:00005106	neuron	FBbt:00100585	neuroblast DPMm3								
FBbt:00100684	DPMl1 lineage neuron	FBbt:00005106	neuron	FBbt:00100586	neuroblast DPMl1								
FBbt:00100687	DPMl4 lineage neuron	FBbt:00005106	neuron	FBbt:00100589	neuroblast DPMl4								
FBbt:00100688	DPLam lineage neuron	FBbt:00005106	neuron	FBbt:00100590	neuroblast DPLam								
FBbt:00100689	DPLal1 lineage neuron	FBbt:00005106	neuron	FBbt:00100591	neuroblast DPLal1								
FBbt:00100690	DPLal2 lineage neuron	FBbt:00005106	neuron	FBbt:00100592	neuroblast DPLal2								
FBbt:00100691	DPLal3 lineage neuron	FBbt:00005106	neuron	FBbt:00100593	neuroblast DPLal3								
FBbt:00100692	DPLd lineage neuron	FBbt:00005106	neuron	FBbt:00100594	neuroblast DPLd								
FBbt:00100693	DPLc1 lineage neuron	FBbt:00005106	neuron	FBbt:00100595	neuroblast DPLc1								
FBbt:00100694	DPLc2 lineage neuron	FBbt:00005106	neuron	FBbt:00100596	neuroblast DPLc2								
FBbt:00100695	DPLc3 lineage neuron	FBbt:00005106	neuron	FBbt:00100597	neuroblast DPLc3								
FBbt:00100696	DPLc4 lineage neuron	FBbt:00005106	neuron	FBbt:00100598	neuroblast DPLc4								
FBbt:00100697	DPLc5 lineage neuron	FBbt:00005106	neuron	FBbt:00100599	neuroblast DPLc5								
FBbt:00100698	DPLl1 lineage neuron	FBbt:00005106	neuron	FBbt:00100600	neuroblast DPLl1								
FBbt:00100699	DPLl2 lineage neuron	FBbt:00005106	neuron	FBbt:00100601	neuroblast DPLl2								
FBbt:00100700	DPLl3 lineage neuron	FBbt:00005106	neuron	FBbt:00100602	neuroblast DPLl3								
FBbt:00100701	DPLp1 lineage neuron	FBbt:00005106	neuron	FBbt:00100603	neuroblast DPLp1								
FBbt:00100702	DPLp2 lineage neuron	FBbt:00005106	neuron	FBbt:00100604	neuroblast DPLp2								
FBbt:00100703	DPLm1 lineage neuron	FBbt:00005106	neuron	FBbt:00100605	neuroblast DPLm1								
FBbt:00100704	DPLm2 lineage neuron	FBbt:00005106	neuron	FBbt:00100606	neuroblast DPLm2								
FBbt:00100705	DPLcv lineage neuron	FBbt:00005106	neuron	FBbt:00100607	neuroblast DPLcv								
FBbt:00100706	CP1 lineage neuron	FBbt:00005106	neuron	FBbt:00100608	neuroblast CP1								
FBbt:00100707	CP2 lineage neuron	FBbt:00005106	neuron	FBbt:00100609	neuroblast CP2								
FBbt:00100708	CP3 lineage neuron	FBbt:00005106	neuron	FBbt:00100610	neuroblast CP3								
FBbt:00100709	CP4 lineage neuron	FBbt:00005106	neuron	FBbt:00100611	neuroblast CP4								
FBbt:00100710	BLAv1 lineage neuron	FBbt:00005106	neuron	FBbt:00100612	neuroblast BLAv1								
FBbt:00100711	BLAv2 lineage neuron	FBbt:00005106	neuron	FBbt:00100613	neuroblast BLAv2								
FBbt:00100712	BLAd1 lineage neuron	FBbt:00005106	neuron	FBbt:00100614	neuroblast BLAd1								
FBbt:00100713	BLAd2 lineage neuron	FBbt:00005106	neuron	FBbt:00100615	neuroblast BLAd2								
FBbt:00100714	BLAd3 lineage neuron	FBbt:00005106	neuron	FBbt:00100616	neuroblast BLAd3								
FBbt:00100715	BLAd4 lineage neuron	FBbt:00005106	neuron	FBbt:00100617	neuroblast BLAd4								
FBbt:00100716	BLAl lineage neuron	FBbt:00005106	neuron	FBbt:00100618	neuroblast BLAl								
FBbt:00100717	BLAvm lineage neuron	FBbt:00005106	neuron	FBbt:00100619	neuroblast BLAvm								
FBbt:00100718	BLD1 lineage neuron	FBbt:00005106	neuron	FBbt:00100620	neuroblast BLD1								
FBbt:00100719	BLD2 lineage neuron	FBbt:00005106	neuron	FBbt:00100621	neuroblast BLD2								
FBbt:00100720	BLD3 lineage neuron	FBbt:00005106	neuron	FBbt:00100622	neuroblast BLD3								
FBbt:00100721	BLD4 lineage neuron	FBbt:00005106	neuron	FBbt:00100623	neuroblast BLD4								
FBbt:00100722	VPNp1 lineage neuron	FBbt:00005106	neuron	FBbt:00050249	neuroblast VPNp1								
FBbt:00100723	BLP1 lineage neuron	FBbt:00005106	neuron	FBbt:00100625	neuroblast BLP1								
FBbt:00100724	BLP2 lineage neuron	FBbt:00005106	neuron	FBbt:00100626	neuroblast BLP2								
FBbt:00100725	BLP3 lineage neuron	FBbt:00005106	neuron	FBbt:00100627	neuroblast BLP3								
FBbt:00100726	BLP4 lineage neuron	FBbt:00005106	neuron	FBbt:00100628	neuroblast BLP4								
FBbt:00100727	BLP5 lineage neuron	FBbt:00005106	neuron	FBbt:00100629	neuroblast BLP5								
FBbt:00100728	BLVa1 lineage neuron	FBbt:00005106	neuron	FBbt:00100630	neuroblast BLVa1								
FBbt:00100729	BLVa2 lineage neuron	FBbt:00005106	neuron	FBbt:00100631	neuroblast BLVa2								
FBbt:00100730	BLVa3 lineage neuron	FBbt:00005106	neuron	FBbt:00100632	neuroblast BLVa3								
FBbt:00100731	BLVp1 lineage neuron	FBbt:00005106	neuron	FBbt:00100633	neuroblast BLVp1								
FBbt:00100732	LVp2 lineage neuron	FBbt:00005106	neuron	FBbt:00100634	neuroblast LVp2								
FBbt:00100734	DALv3 lineage neuron	FBbt:00005106	neuron	FBbt:00100645	neuroblast DALv3								
FBbt:00100736	BAmd2 lineage neuron	FBbt:00005106	neuron	FBbt:00100735	neuroblast BAmd2								
FBbt:00100737	TRvm lineage neuron	FBbt:00005106	neuron	FBbt:00100574	neuroblast TRvm								
FBbt:00110358	adult EBp1 lineage neuron	FBbt:00005106	neuron	FBbt:00110294	neuroblast EBp1	FBbt:00003004	adult			FBbt:00110357	adult EBp1 lineage clone		
FBbt:00110361	adult LHa4 lineage neuron	FBbt:00005106	neuron	FBbt:00110359	neuroblast LHa4	FBbt:00003004	adult			FBbt:00110360	adult LHa4 lineage clone		
FBbt:00110364	adult SLPav4 lineage neuron	FBbt:00005106	neuron	FBbt:00110362	neuroblast SLPav4	FBbt:00003004	adult			FBbt:00110363	adult SLPav4 lineage clone		
FBbt:00110367	adult SLPpl4 lineage neuron	FBbt:00005106	neuron	FBbt:00110365	neuroblast SLPpl4	FBbt:00003004	adult			FBbt:00110366	adult SLPpl4 lineage clone		
FBbt:00110370	adult SLPpm4 lineage neuron	FBbt:00005106	neuron	FBbt:00110368	neuroblast SLPpm4	FBbt:00003004	adult			FBbt:00110369	adult SLPpm4 lineage clone		
FBbt:00110373	adult SMPp&v2 lineage neuron	FBbt:00005106	neuron	FBbt:00110371	neuroblast SMPp&v2	FBbt:00003004	adult			FBbt:00110372	adult SMPp&v2 lineage clone		
FBbt:00110376	adult SMPpd2 lineage neuron	FBbt:00005106	neuron	FBbt:00110374	neuroblast SMPpd2	FBbt:00003004	adult			FBbt:00110375	adult SMPpd2 lineage clone		
FBbt:00110379	adult VLPd2 lineage neuron	FBbt:00005106	neuron	FBbt:00110377	neuroblast VLPd2	FBbt:00003004	adult			FBbt:00110378	adult VLPd2 lineage clone		
FBbt:00110382	adult VLPl3 lineage neuron	FBbt:00005106	neuron	FBbt:00110380	neuroblast VLPl3	FBbt:00003004	adult			FBbt:00110381	adult VLPl3 lineage clone		
FBbt:00110385	adult VPNd2 lineage neuron	FBbt:00005106	neuron	FBbt:00110383	neuroblast VPNd2	FBbt:00003004	adult			FBbt:00110384	adult VPNd2 lineage clone		
FBbt:00110388	adult VPNd3 lineage neuron	FBbt:00005106	neuron	FBbt:00110386	neuroblast VPNd3	FBbt:00003004	adult			FBbt:00110387	adult VPNd3 lineage clone		
FBbt:00110391	adult VPNd4 lineage neuron	FBbt:00005106	neuron	FBbt:00110389	neuroblast VPNd4	FBbt:00003004	adult			FBbt:00110390	adult VPNd4 lineage clone		
FBbt:00110394	adult VPNp2 lineage neuron	FBbt:00005106	neuron	FBbt:00110392	neuroblast VPNp2	FBbt:00003004	adult			FBbt:00110393	adult VPNp2 lineage clone		
FBbt:00110397	adult VPNp3 lineage neuron	FBbt:00005106	neuron	FBbt:00110395	neuroblast VPNp3	FBbt:00003004	adult			FBbt:00110396	adult VPNp3 lineage clone		
FBbt:00110400	adult VPNp4 lineage neuron	FBbt:00005106	neuron	FBbt:00110398	neuroblast VPNp4	FBbt:00003004	adult			FBbt:00110399	adult VPNp4 lineage clone		
FBbt:00110403	adult VPNv1 lineage neuron	FBbt:00005106	neuron	FBbt:00110401	neuroblast VPNv1	FBbt:00003004	adult			FBbt:00110402	adult VPNv1 lineage clone		
FBbt:00110406	adult VPNv2 lineage neuron	FBbt:00005106	neuron	FBbt:00110404	neuroblast VPNv2	FBbt:00003004	adult			FBbt:00110405	adult VPNv2 lineage clone		
FBbt:00110409	adult VPNv3 lineage neuron	FBbt:00005106	neuron	FBbt:00110407	neuroblast VPNv3	FBbt:00003004	adult			FBbt:00110408	adult VPNv3 lineage clone		
FBbt:00110413	adult SMPad4 lineage neuron	FBbt:00005106	neuron	FBbt:00110411	neuroblast SMPad4	FBbt:00003004	adult			FBbt:00110412	adult SMPad4 lineage clone		
FBbt:00110560	adult MBp2 lineage neuron	FBbt:00005106	neuron	FBbt:00110558	neuroblast MBp2	FBbt:00003004	adult			FBbt:00110559	adult MBp2 lineage clone		
FBbt:00110563	adult MBp3 lineage neuron	FBbt:00005106	neuron	FBbt:00110561	neuroblast MBp3	FBbt:00003004	adult			FBbt:00110562	adult MBp3 lineage clone		
FBbt:00110566	adult MBp4 lineage neuron	FBbt:00005106	neuron	FBbt:00110564	neuroblast MBp4	FBbt:00003004	adult			FBbt:00110565	adult MBp4 lineage clone		
FBbt:00110577	adult MBp lineage neuron	FBbt:00005106	neuron	FBbt:00007113	mushroom body neuroblast	FBbt:00003004	adult			FBbt:00110576	adult MBp lineage clone		
FBbt:00111672	larval ventral midline neuron	FBbt:00005106	neuron	FBbt:00005565	embryonic ventral midline neuroblast	FBbt:00001727	larva					FBbt:00047097	primary neuron
