defined_class	defined_class_label	parent	parent_label	soma_loc	soma_loc_label
FBbt:00001366	supraesophageal ganglion neuron	FBbt:00005106	neuron	FBbt:00003626	supraesophageal ganglion
FBbt:00001972	subesophageal zone neuron	FBbt:00005106	neuron	FBbt:00051068	subesophageal zone
FBbt:00001984	prothoracic neuron	FBbt:00005106	neuron	FBbt:00000017	prothoracic segment
FBbt:00001985	mesothoracic neuron	FBbt:00005106	neuron	FBbt:00000018	mesothoracic segment
FBbt:00001986	metathoracic neuron	FBbt:00005106	neuron	FBbt:00000019	metathoracic segment
FBbt:00001987	abdominal neuron	FBbt:00005106	neuron	FBbt:00000020	abdomen
FBbt:00001988	larval abdominal 1 neuron	FBbt:00005106	neuron	FBbt:00001748	larval abdominal segment 1
FBbt:00001989	larval abdominal 2 neuron	FBbt:00005106	neuron	FBbt:00001749	larval abdominal segment 2
FBbt:00001990	larval abdominal 3 neuron	FBbt:00005106	neuron	FBbt:00001750	larval abdominal segment 3
FBbt:00001991	larval abdominal 4 neuron	FBbt:00005106	neuron	FBbt:00001751	larval abdominal segment 4
FBbt:00001992	larval abdominal 5 neuron	FBbt:00005106	neuron	FBbt:00001752	larval abdominal segment 5
FBbt:00001993	larval abdominal 6 neuron	FBbt:00005106	neuron	FBbt:00001753	larval abdominal segment 6
FBbt:00001994	larval abdominal 7 neuron	FBbt:00005106	neuron	FBbt:00001754	larval abdominal segment 7
FBbt:00001995	larval abdominal 8 neuron	FBbt:00005106	neuron	FBbt:00001755	larval abdominal segment 8
FBbt:00002024	larval dorsal multidendritic neuron	FBbt:00005209	multidendritic neuron	FBbt:00007296	larval dorsal sensory cluster
FBbt:00002030	larval lateral multidendritic neuron	FBbt:00005209	multidendritic neuron	FBbt:00007297	larval lateral sensory cluster
FBbt:00002054	larval ventral cluster group multidendritic neuron	FBbt:00005209	multidendritic neuron	FBbt:00007295	larval ventral sensory cluster group
FBbt:00002271	abdominal V neuron	FBbt:00001590	V neuron	FBbt:00111264	cell body rind of larval abdominal neuromere
FBbt:00002272	abdominal 1 V neuron	FBbt:00001590	V neuron	FBbt:00051990	cell body rind of larval abdominal 1 neuromere
FBbt:00002273	abdominal 2 V neuron	FBbt:00001590	V neuron	FBbt:00051991	cell body rind of larval abdominal 2 neuromere
FBbt:00002274	abdominal 3 V neuron	FBbt:00001590	V neuron	FBbt:00051992	cell body rind of larval abdominal 3 neuromere
FBbt:00002275	abdominal 4 V neuron	FBbt:00001590	V neuron	FBbt:00051993	cell body rind of larval abdominal 4 neuromere
FBbt:00002276	abdominal 5 V neuron	FBbt:00001590	V neuron	FBbt:00051994	cell body rind of larval abdominal 5 neuromere
FBbt:00002277	abdominal 6 V neuron	FBbt:00001590	V neuron	FBbt:00051995	cell body rind of larval abdominal 6 neuromere
FBbt:00002278	abdominal 7 V neuron	FBbt:00001590	V neuron	FBbt:00051996	cell body rind of larval abdominal 7 neuromere
FBbt:00002288	abdominal 1 lateral ipsisegmental neuron	FBbt:00002287	abdominal lateral ipsisegmental neuron	FBbt:00051990	cell body rind of larval abdominal 1 neuromere
FBbt:00002289	abdominal 2 lateral ipsisegmental neuron	FBbt:00002287	abdominal lateral ipsisegmental neuron	FBbt:00051991	cell body rind of larval abdominal 2 neuromere
FBbt:00002290	abdominal 3 lateral ipsisegmental neuron	FBbt:00002287	abdominal lateral ipsisegmental neuron	FBbt:00051992	cell body rind of larval abdominal 3 neuromere
FBbt:00002291	abdominal 4 lateral ipsisegmental neuron	FBbt:00002287	abdominal lateral ipsisegmental neuron	FBbt:00051993	cell body rind of larval abdominal 4 neuromere
FBbt:00002292	abdominal 5 lateral ipsisegmental neuron	FBbt:00002287	abdominal lateral ipsisegmental neuron	FBbt:00051994	cell body rind of larval abdominal 5 neuromere
FBbt:00002293	abdominal 6 lateral ipsisegmental neuron	FBbt:00002287	abdominal lateral ipsisegmental neuron	FBbt:00051995	cell body rind of larval abdominal 6 neuromere
FBbt:00002294	abdominal 7 lateral ipsisegmental neuron	FBbt:00002287	abdominal lateral ipsisegmental neuron	FBbt:00051996	cell body rind of larval abdominal 7 neuromere
FBbt:00002296	abdominal 1 ventral intersegmental neuron	FBbt:00002295	abdominal ventral intersegmental neuron	FBbt:00051990	cell body rind of larval abdominal 1 neuromere
FBbt:00002297	abdominal 2 ventral intersegmental neuron	FBbt:00002295	abdominal ventral intersegmental neuron	FBbt:00051991	cell body rind of larval abdominal 2 neuromere
FBbt:00002298	abdominal 3 ventral intersegmental neuron	FBbt:00002295	abdominal ventral intersegmental neuron	FBbt:00051992	cell body rind of larval abdominal 3 neuromere
FBbt:00002299	abdominal 4 ventral intersegmental neuron	FBbt:00002295	abdominal ventral intersegmental neuron	FBbt:00051993	cell body rind of larval abdominal 4 neuromere
FBbt:00002300	abdominal 5 ventral intersegmental neuron	FBbt:00002295	abdominal ventral intersegmental neuron	FBbt:00051994	cell body rind of larval abdominal 5 neuromere
FBbt:00002301	abdominal 6 ventral intersegmental neuron	FBbt:00002295	abdominal ventral intersegmental neuron	FBbt:00051995	cell body rind of larval abdominal 6 neuromere
FBbt:00002302	abdominal 7 ventral intersegmental neuron	FBbt:00002295	abdominal ventral intersegmental neuron	FBbt:00051996	cell body rind of larval abdominal 7 neuromere
FBbt:00003702	adult optic lobe neuron	FBbt:00005106	neuron	FBbt:00003701	adult optic lobe
FBbt:00005134	larval serotonergic VNC neuron	FBbt:00005133	serotonergic neuron	FBbt:00111225	cell body rind of larval ventral nerve cord
FBbt:00005665	embryonic central brain neuron	FBbt:00005106	neuron	FBbt:00005662	embryonic central brain
FBbt:00047002	larval abdominal 1 A01j neuron	FBbt:00047001	larval A01j neuron	FBbt:00051990	cell body rind of larval abdominal 1 neuromere
FBbt:00047004	larval abdominal 1 A05a neuron	FBbt:00047003	larval A05a neuron	FBbt:00051990	cell body rind of larval abdominal 1 neuromere
FBbt:00047005	larval abdominal 2 A10e neuron	FBbt:00048702	larval A10e neuron	FBbt:00051991	cell body rind of larval abdominal 2 neuromere
FBbt:00047006	larval abdominal 1 A08e1 local neuron	FBbt:00111653	larval A08e1 local neuron	FBbt:00051990	cell body rind of larval abdominal 1 neuromere
FBbt:00047007	larval abdominal 1 A08e2 local neuron	FBbt:00111654	larval A08e2 local neuron	FBbt:00051990	cell body rind of larval abdominal 1 neuromere
FBbt:00047016	larval abdominal 1 A01x2 neuron	FBbt:00047015	larval A01x2 neuron	FBbt:00051990	cell body rind of larval abdominal 1 neuromere
FBbt:00047018	larval abdominal 1 A14e neuron	FBbt:00047017	larval A14e neuron	FBbt:00051990	cell body rind of larval abdominal 1 neuromere
FBbt:00047020	larval abdominal 1 A07f2 neuron	FBbt:00047019	larval A07f2 neuron	FBbt:00051990	cell body rind of larval abdominal 1 neuromere
FBbt:00047022	larval metathoracic T01d1 neuron	FBbt:00047021	larval T01d1 neuron	FBbt:00051989	cell body rind of larval metathoracic neuromere
FBbt:00047024	larval metathoracic T01d2 neuron	FBbt:00047023	larval T01d2 neuron	FBbt:00051989	cell body rind of larval metathoracic neuromere
FBbt:00047027	larval metathoracic eIN-3 neuron	FBbt:00111732	larval excitatory interneuron eIN-3	FBbt:00051989	cell body rind of larval metathoracic neuromere
FBbt:00047028	larval metathoracic T01d4 neuron	FBbt:00047026	larval T01d4 neuron	FBbt:00051989	cell body rind of larval metathoracic neuromere
FBbt:00047319	adult serotonergic SE neuron	FBbt:00005133	serotonergic neuron	FBbt:00049781	cell body rind of adult subesophageal zone
FBbt:00047320	larval serotonergic SE neuron	FBbt:00005133	serotonergic neuron	FBbt:00047751	cell body rind of larval gnathal ganglion
FBbt:00047345	larval serotonergic thoracic neuron	FBbt:00005133	serotonergic neuron	FBbt:00111265	cell body rind of larval thoracic neuromere
FBbt:00047383	larval abdominal 1 Basin-1 neuron	FBbt:00111227	larval Basin-1 neuron	FBbt:00051990	cell body rind of larval abdominal 1 neuromere
FBbt:00047384	larval abdominal 2 Basin-1 neuron	FBbt:00111227	larval Basin-1 neuron	FBbt:00051991	cell body rind of larval abdominal 2 neuromere
FBbt:00047385	larval abdominal 3 Basin-1 neuron	FBbt:00111227	larval Basin-1 neuron	FBbt:00051992	cell body rind of larval abdominal 3 neuromere
FBbt:00047386	larval abdominal 4 Basin-1 neuron	FBbt:00111227	larval Basin-1 neuron	FBbt:00051993	cell body rind of larval abdominal 4 neuromere
FBbt:00047387	larval abdominal 5 Basin-1 neuron	FBbt:00111227	larval Basin-1 neuron	FBbt:00051994	cell body rind of larval abdominal 5 neuromere
FBbt:00047388	larval abdominal 6 Basin-1 neuron	FBbt:00111227	larval Basin-1 neuron	FBbt:00051995	cell body rind of larval abdominal 6 neuromere
FBbt:00047389	larval abdominal 7 Basin-1 neuron	FBbt:00111227	larval Basin-1 neuron	FBbt:00051996	cell body rind of larval abdominal 7 neuromere
FBbt:00047390	larval abdominal 8 Basin-1 neuron	FBbt:00111227	larval Basin-1 neuron	FBbt:00051997	cell body rind of larval abdominal 8 neuromere
FBbt:00047391	larval abdominal 1 Basin-2 neuron	FBbt:00111229	larval Basin-2 neuron	FBbt:00051990	cell body rind of larval abdominal 1 neuromere
FBbt:00047392	larval abdominal 2 Basin-2 neuron	FBbt:00111229	larval Basin-2 neuron	FBbt:00051991	cell body rind of larval abdominal 2 neuromere
FBbt:00047393	larval abdominal 3 Basin-2 neuron	FBbt:00111229	larval Basin-2 neuron	FBbt:00051992	cell body rind of larval abdominal 3 neuromere
FBbt:00047394	larval abdominal 4 Basin-2 neuron	FBbt:00111229	larval Basin-2 neuron	FBbt:00051993	cell body rind of larval abdominal 4 neuromere
FBbt:00047395	larval abdominal 5 Basin-2 neuron	FBbt:00111229	larval Basin-2 neuron	FBbt:00051994	cell body rind of larval abdominal 5 neuromere
FBbt:00047396	larval abdominal 6 Basin-2 neuron	FBbt:00111229	larval Basin-2 neuron	FBbt:00051995	cell body rind of larval abdominal 6 neuromere
FBbt:00047397	larval abdominal 1 Basin-3 neuron	FBbt:00111228	larval Basin-3 neuron	FBbt:00051990	cell body rind of larval abdominal 1 neuromere
FBbt:00047398	larval abdominal 2 Basin-3 neuron	FBbt:00111228	larval Basin-3 neuron	FBbt:00051991	cell body rind of larval abdominal 2 neuromere
FBbt:00047399	larval abdominal 3 Basin-3 neuron	FBbt:00111228	larval Basin-3 neuron	FBbt:00051992	cell body rind of larval abdominal 3 neuromere
FBbt:00047400	larval abdominal 4 Basin-3 neuron	FBbt:00111228	larval Basin-3 neuron	FBbt:00051993	cell body rind of larval abdominal 4 neuromere
FBbt:00047401	larval abdominal 1 Basin-4 neuron	FBbt:00111230	larval Basin-4 neuron	FBbt:00051990	cell body rind of larval abdominal 1 neuromere
FBbt:00047402	larval abdominal 2 Basin-4 neuron	FBbt:00111230	larval Basin-4 neuron	FBbt:00051991	cell body rind of larval abdominal 2 neuromere
FBbt:00047403	larval abdominal 3 Basin-4 neuron	FBbt:00111230	larval Basin-4 neuron	FBbt:00051992	cell body rind of larval abdominal 3 neuromere
FBbt:00047404	larval abdominal 4 Basin-4 neuron	FBbt:00111230	larval Basin-4 neuron	FBbt:00051993	cell body rind of larval abdominal 4 neuromere
FBbt:00047405	larval abdominal 5 Basin-4 neuron	FBbt:00111230	larval Basin-4 neuron	FBbt:00051994	cell body rind of larval abdominal 5 neuromere
FBbt:00047406	larval abdominal 6 Basin-4 neuron	FBbt:00111230	larval Basin-4 neuron	FBbt:00051995	cell body rind of larval abdominal 6 neuromere
FBbt:00047407	larval abdominal 7 Basin-4 neuron	FBbt:00111230	larval Basin-4 neuron	FBbt:00051996	cell body rind of larval abdominal 7 neuromere
FBbt:00047408	larval abdominal 1 Handle-A neuron	FBbt:00111242	larval Handle-A neuron	FBbt:00051990	cell body rind of larval abdominal 1 neuromere
FBbt:00047409	larval abdominal 2 Handle-A neuron	FBbt:00111242	larval Handle-A neuron	FBbt:00051991	cell body rind of larval abdominal 2 neuromere
FBbt:00047410	larval abdominal 3 Handle-A neuron	FBbt:00111242	larval Handle-A neuron	FBbt:00051992	cell body rind of larval abdominal 3 neuromere
FBbt:00047411	larval abdominal 4 Handle-A neuron	FBbt:00111242	larval Handle-A neuron	FBbt:00051993	cell body rind of larval abdominal 4 neuromere
FBbt:00047412	larval abdominal 1 Handle-B neuron	FBbt:00111243	larval Handle-B neuron	FBbt:00051990	cell body rind of larval abdominal 1 neuromere
FBbt:00047413	larval abdominal 2 Handle-B neuron	FBbt:00111243	larval Handle-B neuron	FBbt:00051991	cell body rind of larval abdominal 2 neuromere
FBbt:00047414	larval abdominal 3 Handle-B neuron	FBbt:00111243	larval Handle-B neuron	FBbt:00051992	cell body rind of larval abdominal 3 neuromere
FBbt:00047415	larval abdominal 4 Handle-B neuron	FBbt:00111243	larval Handle-B neuron	FBbt:00051993	cell body rind of larval abdominal 4 neuromere
FBbt:00047416	larval metathoracic Griddle-1 neuron	FBbt:00047196	larval Griddle-1 neuron	FBbt:00051989	cell body rind of larval metathoracic neuromere
FBbt:00047417	larval abdominal 1 Griddle-1 neuron	FBbt:00047196	larval Griddle-1 neuron	FBbt:00051990	cell body rind of larval abdominal 1 neuromere
FBbt:00047418	larval abdominal 1 Griddle-2 neuron	FBbt:00047197	larval Griddle-2 neuron	FBbt:00051990	cell body rind of larval abdominal 1 neuromere
FBbt:00047419	larval abdominal 2 Griddle-2 neuron	FBbt:00047197	larval Griddle-2 neuron	FBbt:00051991	cell body rind of larval abdominal 2 neuromere
FBbt:00047420	larval abdominal 3 Griddle-2 neuron	FBbt:00047197	larval Griddle-2 neuron	FBbt:00051992	cell body rind of larval abdominal 3 neuromere
FBbt:00047421	larval abdominal 4 Griddle-2 neuron	FBbt:00047197	larval Griddle-2 neuron	FBbt:00051993	cell body rind of larval abdominal 4 neuromere
FBbt:00047422	larval abdominal 5 Griddle-2 neuron	FBbt:00047197	larval Griddle-2 neuron	FBbt:00051994	cell body rind of larval abdominal 5 neuromere
FBbt:00047423	larval abdominal 6 Griddle-2 neuron	FBbt:00047197	larval Griddle-2 neuron	FBbt:00051995	cell body rind of larval abdominal 6 neuromere
FBbt:00047424	larval abdominal 1 Ladder-a neuron	FBbt:00047199	larval Ladder-a neuron	FBbt:00051990	cell body rind of larval abdominal 1 neuromere
FBbt:00047425	larval abdominal 1 Ladder-b neuron	FBbt:00047204	larval Ladder-b neuron	FBbt:00051990	cell body rind of larval abdominal 1 neuromere
FBbt:00047426	larval abdominal 1 Ladder-c neuron	FBbt:00047205	larval Ladder-c neuron	FBbt:00051990	cell body rind of larval abdominal 1 neuromere
FBbt:00047472	larval abdominal 1 Drunken-1 neuron	FBbt:00047195	larval Drunken-1 neuron	FBbt:00051990	cell body rind of larval abdominal 1 neuromere
FBbt:00047473	larval abdominal 2 Drunken-1 neuron	FBbt:00047195	larval Drunken-1 neuron	FBbt:00051991	cell body rind of larval abdominal 2 neuromere
FBbt:00047474	larval abdominal 3 Drunken-1 neuron	FBbt:00047195	larval Drunken-1 neuron	FBbt:00051992	cell body rind of larval abdominal 3 neuromere
FBbt:00047475	larval abdominal 4 Drunken-1 neuron	FBbt:00047195	larval Drunken-1 neuron	FBbt:00051993	cell body rind of larval abdominal 4 neuromere
FBbt:00047476	larval abdominal 1 ladder-d neuron	FBbt:00047203	larval Ladder-d neuron	FBbt:00051990	cell body rind of larval abdominal 1 neuromere
FBbt:00047477	larval abdominal 2 ladder-d neuron	FBbt:00047203	larval Ladder-d neuron	FBbt:00051991	cell body rind of larval abdominal 2 neuromere
FBbt:00047478	larval abdominal 3 ladder-d neuron	FBbt:00047203	larval Ladder-d neuron	FBbt:00051992	cell body rind of larval abdominal 3 neuromere
FBbt:00047479	larval abdominal 4 ladder-d neuron	FBbt:00047203	larval Ladder-d neuron	FBbt:00051993	cell body rind of larval abdominal 4 neuromere
FBbt:00047480	larval abdominal 5 ladder-d neuron	FBbt:00047203	larval Ladder-d neuron	FBbt:00051994	cell body rind of larval abdominal 5 neuromere
FBbt:00047481	larval abdominal 1 ladder-e neuron	FBbt:00047198	larval Ladder-e neuron	FBbt:00051990	cell body rind of larval abdominal 1 neuromere
FBbt:00047482	larval abdominal 1 ladder-f neuron	FBbt:00047206	larval Ladder-f neuron	FBbt:00051990	cell body rind of larval abdominal 1 neuromere
FBbt:00047483	larval abdominal 2 ladder-f neuron	FBbt:00047206	larval Ladder-f neuron	FBbt:00051991	cell body rind of larval abdominal 2 neuromere
FBbt:00047484	larval metathoracic Griddle-2 neuron	FBbt:00047197	larval Griddle-2 neuron	FBbt:00051989	cell body rind of larval metathoracic neuromere
FBbt:00047560	prothoracic VPM neuron	FBbt:00047556	larval octopaminergic VPM neuron	FBbt:00051987	cell body rind of larval prothoracic neuromere
FBbt:00047565	larval prothoracic VUM motor neuron	FBbt:00110181	larval VUM motor neuron	FBbt:00051987	cell body rind of larval prothoracic neuromere
FBbt:00047566	larval mesothoracic VUM motor neuron	FBbt:00110181	larval VUM motor neuron	FBbt:00051988	cell body rind of larval mesothoracic neuromere
FBbt:00047567	larval metathoracic VUM motor neuron	FBbt:00110181	larval VUM motor neuron	FBbt:00051989	cell body rind of larval metathoracic neuromere
FBbt:00047568	larval mesothoracic VPM neuron	FBbt:00047556	larval octopaminergic VPM neuron	FBbt:00051988	cell body rind of larval mesothoracic neuromere
FBbt:00047569	metathoracic VPM neuron	FBbt:00047556	larval octopaminergic VPM neuron	FBbt:00051989	cell body rind of larval metathoracic neuromere
FBbt:00047683	larval A00c-a3 neuron	FBbt:00047682	larval A00c neuron	FBbt:00051992	cell body rind of larval abdominal 3 neuromere
FBbt:00047684	larval abdominal 3 Wave neuron	FBbt:00111249	larval Wave neuron	FBbt:00051992	cell body rind of larval abdominal 3 neuromere
FBbt:00047685	larval abdominal 9 TePn04 neuron	FBbt:00111263	larval TePn04 neuron	FBbt:00051998	cell body rind of larval abdominal 9 neuromere
FBbt:00047686	larval abdominal 3 A10j neuron	FBbt:00111260	larval A10j neuron	FBbt:00051992	cell body rind of larval abdominal 3 neuromere
FBbt:00047701	larval abdominal 1 A02n neuron	FBbt:00111247	larval A02n neuron	FBbt:00051990	cell body rind of larval abdominal 1 neuromere
FBbt:00047727	larval abdominal 1 down and back neuron	FBbt:00047725	larval down and back neuron	FBbt:00051990	cell body rind of larval abdominal 1 neuromere
FBbt:00047728	larval abdominal 2 down and back neuron	FBbt:00047725	larval down and back neuron	FBbt:00051991	cell body rind of larval abdominal 2 neuromere
FBbt:00047729	larval abdominal 3 down and back neuron	FBbt:00047725	larval down and back neuron	FBbt:00051992	cell body rind of larval abdominal 3 neuromere
FBbt:00047730	larval abdominal 4 down and back neuron	FBbt:00047725	larval down and back neuron	FBbt:00051993	cell body rind of larval abdominal 4 neuromere
FBbt:00047731	larval abdominal 5 down and back neuron	FBbt:00047725	larval down and back neuron	FBbt:00051994	cell body rind of larval abdominal 5 neuromere
FBbt:00047732	larval abdominal 6 down and back neuron	FBbt:00047725	larval down and back neuron	FBbt:00051995	cell body rind of larval abdominal 6 neuromere
FBbt:00047747	larval labial VPM neuron	FBbt:00047556	larval octopaminergic VPM neuron	FBbt:00047755	cell body rind of larval labial neuromere
FBbt:00047748	larval mandibular VPM neuron	FBbt:00047556	larval octopaminergic VPM neuron	FBbt:00047753	cell body rind of larval mandibular neuromere
FBbt:00047749	larval maxillary VPM neuron	FBbt:00047556	larval octopaminergic VPM neuron	FBbt:00047754	cell body rind of larval maxillary neuromere
FBbt:00047750	larval subesophageal VUM neuron	FBbt:00001592	larval VUM neuron	FBbt:00047751	cell body rind of larval gnathal ganglion
FBbt:00047752	larval mandibular VUM neuron	FBbt:00001592	larval VUM neuron	FBbt:00047753	cell body rind of larval mandibular neuromere
FBbt:00047756	larval maxillary VUM neuron	FBbt:00001592	larval VUM neuron	FBbt:00047754	cell body rind of larval maxillary neuromere
FBbt:00047757	larval labial VUM neuron	FBbt:00001592	larval VUM neuron	FBbt:00047755	cell body rind of larval labial neuromere
FBbt:00047770	larval abdominal 1 A02m neuron	FBbt:00111248	larval A02m neuron	FBbt:00051990	cell body rind of larval abdominal 1 neuromere
FBbt:00047771	larval abdominal 3 A02m neuron	FBbt:00111248	larval A02m neuron	FBbt:00051992	cell body rind of larval abdominal 3 neuromere
FBbt:00047772	larval abdominal 1 A03o1 neuron	FBbt:00111250	larval A03o1 neuron	FBbt:00051990	cell body rind of larval abdominal 1 neuromere
FBbt:00047773	larval abdominal 2 A05e neuron	FBbt:00111251	larval A05e neuron	FBbt:00051991	cell body rind of larval abdominal 2 neuromere
FBbt:00047774	larval abdominal 1 A05e neuron	FBbt:00111251	larval A05e neuron	FBbt:00051990	cell body rind of larval abdominal 1 neuromere
FBbt:00047775	larval abdominal 2 A14g neuron	FBbt:00111231	larval A14g neuron	FBbt:00051991	cell body rind of larval abdominal 2 neuromere
FBbt:00047776	larval abdominal 1 A14g neuron	FBbt:00111231	larval A14g neuron	FBbt:00051990	cell body rind of larval abdominal 1 neuromere
FBbt:00047777	larval abdominal 1 A08d neuron	FBbt:00111244	larval A08d neuron	FBbt:00051990	cell body rind of larval abdominal 1 neuromere
FBbt:00047778	larval abdominal 2 A08m neuron	FBbt:00111252	larval A08m neuron	FBbt:00051991	cell body rind of larval abdominal 2 neuromere
FBbt:00047779	larval abdominal 1 A08m neuron	FBbt:00111252	larval A08m neuron	FBbt:00051990	cell body rind of larval abdominal 1 neuromere
FBbt:00047780	larval abdominal 1 A08x neuron	FBbt:00111258	larval A08x neuron	FBbt:00051990	cell body rind of larval abdominal 1 neuromere
FBbt:00047781	larval abdominal 1 A08y neuron	FBbt:00111259	larval A08y neuron	FBbt:00051990	cell body rind of larval abdominal 1 neuromere
FBbt:00047782	larval abdominal 1 A10a neuron	FBbt:00111253	larval A10a neuron	FBbt:00051990	cell body rind of larval abdominal 1 neuromere
FBbt:00047783	larval abdominal 3 A10a neuron	FBbt:00111253	larval A10a neuron	FBbt:00051992	cell body rind of larval abdominal 3 neuromere
FBbt:00047784	larval abdominal 2 A10f neuron	FBbt:00111254	larval A10f neuron	FBbt:00051991	cell body rind of larval abdominal 2 neuromere
FBbt:00047785	larval abdominal 2 A10l neuron	FBbt:00111255	larval A10l neuron	FBbt:00051991	cell body rind of larval abdominal 2 neuromere
FBbt:00047786	larval abdominal 1 A12m neuron	FBbt:00111256	larval A12m neuron	FBbt:00051990	cell body rind of larval abdominal 1 neuromere
FBbt:00047787	larval abdominal 1 A01n neuron	FBbt:00111245	larval A01n neuron	FBbt:00051990	cell body rind of larval abdominal 1 neuromere
FBbt:00047788	larval abdominal 1 A19c neuron	FBbt:00111257	larval A19c neuron	FBbt:00051990	cell body rind of larval abdominal 1 neuromere
FBbt:00047789	larval abdominal 1 A23g neuron	FBbt:00111232	larval A23g neuron	FBbt:00051990	cell body rind of larval abdominal 1 neuromere
FBbt:00047790	larval abdominal 2 A29b neuron	FBbt:00111246	larval A29b neuron	FBbt:00051991	cell body rind of larval abdominal 2 neuromere
FBbt:00047791	larval metathoracic T05t neuron	FBbt:00111261	larval T05t neuron	FBbt:00051989	cell body rind of larval metathoracic neuromere
FBbt:00047792	larval prothoracic T08x neuron	FBbt:00111262	larval T08x neuron	FBbt:00051987	cell body rind of larval prothoracic neuromere
FBbt:00047793	larval mesothoracic T08x neuron	FBbt:00111262	larval T08x neuron	FBbt:00051988	cell body rind of larval mesothoracic neuromere
FBbt:00047794	larval metathoracic T08x neuron	FBbt:00111262	larval T08x neuron	FBbt:00051989	cell body rind of larval metathoracic neuromere
FBbt:00047795	larval abdominal 1 Wave neuron	FBbt:00111249	larval Wave neuron	FBbt:00051990	cell body rind of larval abdominal 1 neuromere
FBbt:00047796	larval abdominal 2 Wave neuron	FBbt:00111249	larval Wave neuron	FBbt:00051991	cell body rind of larval abdominal 2 neuromere
FBbt:00047797	larval abdominal 4 Wave neuron	FBbt:00111249	larval Wave neuron	FBbt:00051993	cell body rind of larval abdominal 4 neuromere
FBbt:00047798	larval abdominal 5 Wave neuron	FBbt:00111249	larval Wave neuron	FBbt:00051994	cell body rind of larval abdominal 5 neuromere
FBbt:00047799	larval abdominal 6 Wave neuron	FBbt:00111249	larval Wave neuron	FBbt:00051995	cell body rind of larval abdominal 6 neuromere
FBbt:00047801	larval abdominal 1 A03a5 neuron	FBbt:00047800	larval A03a5 neuron	FBbt:00051990	cell body rind of larval abdominal 1 neuromere
FBbt:00047802	larval abdominal 2 A03a5 neuron	FBbt:00047800	larval A03a5 neuron	FBbt:00051991	cell body rind of larval abdominal 2 neuromere
FBbt:00047803	larval abdominal 3 A03a5 neuron	FBbt:00047800	larval A03a5 neuron	FBbt:00051992	cell body rind of larval abdominal 3 neuromere
FBbt:00047804	larval abdominal 4 A03a5 neuron	FBbt:00047800	larval A03a5 neuron	FBbt:00051993	cell body rind of larval abdominal 4 neuromere
FBbt:00047820	larval abdominal 3 A02n neuron	FBbt:00111247	larval A02n neuron	FBbt:00051992	cell body rind of larval abdominal 3 neuromere
FBbt:00047821	larval metathoracic down and back neuron	FBbt:00047725	larval down and back neuron	FBbt:00051989	cell body rind of larval metathoracic neuromere
FBbt:00047822	larval abdominal 2 A10a neuron	FBbt:00111253	larval A10a neuron	FBbt:00051991	cell body rind of larval abdominal 2 neuromere
FBbt:00047824	larval metathoracic T10a neuron	FBbt:00047823	larval T10a neuron	FBbt:00051989	cell body rind of larval metathoracic neuromere
FBbt:00047826	larval abdominal 3 A09e neuron	FBbt:00047825	larval A09e neuron	FBbt:00051992	cell body rind of larval abdominal 3 neuromere
FBbt:00047827	larval abdominal 4 A09e neuron	FBbt:00047825	larval A09e neuron	FBbt:00051993	cell body rind of larval abdominal 4 neuromere
FBbt:00047828	larval abdominal 5 A09e neuron	FBbt:00047825	larval A09e neuron	FBbt:00051994	cell body rind of larval abdominal 5 neuromere
FBbt:00047830	larval abdominal 3 A09o neuron	FBbt:00047829	larval A09o neuron	FBbt:00051992	cell body rind of larval abdominal 3 neuromere
FBbt:00047845	larval abdominal 1 A14h neuron	FBbt:00111683	larval A14h neuron	FBbt:00051990	cell body rind of larval abdominal 1 neuromere
FBbt:00047847	larval abdominal 1 eIN-3 neuron	FBbt:00111732	larval excitatory interneuron eIN-3	FBbt:00051990	cell body rind of larval abdominal 1 neuromere
FBbt:00048266	adult dopaminergic neuron of gnathal ganglion	FBbt:00005131	dopaminergic neuron	FBbt:00100210	cell body rind of adult gnathal ganglion
FBbt:00048371	larval abdominal 1 mCSI neuron	FBbt:00048370	larval mCSI neuron	FBbt:00051990	cell body rind of larval abdominal 1 neuromere
FBbt:00048372	larval abdominal 2 mCSI neuron	FBbt:00048370	larval mCSI neuron	FBbt:00051991	cell body rind of larval abdominal 2 neuromere
FBbt:00048373	larval abdominal 3 mCSI neuron	FBbt:00048370	larval mCSI neuron	FBbt:00051992	cell body rind of larval abdominal 3 neuromere
FBbt:00048374	larval abdominal 4 mCSI neuron	FBbt:00048370	larval mCSI neuron	FBbt:00051993	cell body rind of larval abdominal 4 neuromere
FBbt:00048375	larval abdominal 5 mCSI neuron	FBbt:00048370	larval mCSI neuron	FBbt:00051994	cell body rind of larval abdominal 5 neuromere
FBbt:00048376	larval abdominal 6 mCSI neuron	FBbt:00048370	larval mCSI neuron	FBbt:00051995	cell body rind of larval abdominal 6 neuromere
FBbt:00048377	larval abdominal 7 mCSI neuron	FBbt:00048370	larval mCSI neuron	FBbt:00051996	cell body rind of larval abdominal 7 neuromere
FBbt:00048413	larval abdominal 1 cholinergic lateral interneuron 1	FBbt:00048411	larval cholinergic lateral interneuron 1	FBbt:00051990	cell body rind of larval abdominal 1 neuromere
FBbt:00048414	larval abdominal 2 cholinergic lateral interneuron 1	FBbt:00048411	larval cholinergic lateral interneuron 1	FBbt:00051991	cell body rind of larval abdominal 2 neuromere
FBbt:00048415	larval abdominal 3 cholinergic lateral interneuron 1	FBbt:00048411	larval cholinergic lateral interneuron 1	FBbt:00051992	cell body rind of larval abdominal 3 neuromere
FBbt:00048416	larval abdominal 4 cholinergic lateral interneuron 1	FBbt:00048411	larval cholinergic lateral interneuron 1	FBbt:00051993	cell body rind of larval abdominal 4 neuromere
FBbt:00048417	larval abdominal 5 cholinergic lateral interneuron 1	FBbt:00048411	larval cholinergic lateral interneuron 1	FBbt:00051994	cell body rind of larval abdominal 5 neuromere
FBbt:00048418	larval abdominal 6 cholinergic lateral interneuron 1	FBbt:00048411	larval cholinergic lateral interneuron 1	FBbt:00051995	cell body rind of larval abdominal 6 neuromere
FBbt:00048419	larval abdominal 1 cholinergic lateral interneuron 2	FBbt:00048412	larval cholinergic lateral interneuron 2	FBbt:00051990	cell body rind of larval abdominal 1 neuromere
FBbt:00048420	larval abdominal 2 cholinergic lateral interneuron 2	FBbt:00048412	larval cholinergic lateral interneuron 2	FBbt:00051991	cell body rind of larval abdominal 2 neuromere
FBbt:00048421	larval abdominal 3 cholinergic lateral interneuron 2	FBbt:00048412	larval cholinergic lateral interneuron 2	FBbt:00051992	cell body rind of larval abdominal 3 neuromere
FBbt:00048422	larval abdominal 4 cholinergic lateral interneuron 2	FBbt:00048412	larval cholinergic lateral interneuron 2	FBbt:00051993	cell body rind of larval abdominal 4 neuromere
FBbt:00048423	larval abdominal 5 cholinergic lateral interneuron 2	FBbt:00048412	larval cholinergic lateral interneuron 2	FBbt:00051994	cell body rind of larval abdominal 5 neuromere
FBbt:00048424	larval abdominal 6 cholinergic lateral interneuron 2	FBbt:00048412	larval cholinergic lateral interneuron 2	FBbt:00051995	cell body rind of larval abdominal 6 neuromere
FBbt:00048464	adult dopaminergic neuron of ventral nerve cord	FBbt:00005131	dopaminergic neuron	FBbt:00111082	adult ventral nerve cord cell body rind
FBbt:00048465	adult dopaminergic mesothoracic neuron	FBbt:00005131	dopaminergic neuron	FBbt:00111084	cell body rind of adult mesothoracic neuromere
FBbt:00048466	adult dopaminergic prothoracic neuron	FBbt:00005131	dopaminergic neuron	FBbt:00111083	cell body rind of adult prothoracic neuromere
FBbt:00048486	larval metathoracic Wave neuron	FBbt:00111249	larval Wave neuron	FBbt:00051989	cell body rind of larval metathoracic neuromere
FBbt:00048487	larval abdominal 1 A03g neuron	FBbt:00047851	larval A03g neuron	FBbt:00051990	cell body rind of larval abdominal 1 neuromere
FBbt:00048488	larval abdominal 1 A18l neuron	FBbt:00047848	larval A18l neuron	FBbt:00051990	cell body rind of larval abdominal 1 neuromere
FBbt:00048489	larval abdominal 2 A23g neuron	FBbt:00111232	larval A23g neuron	FBbt:00051991	cell body rind of larval abdominal 2 neuromere
FBbt:00048507	larval metathoracic Ladder-a neuron	FBbt:00047199	larval Ladder-a neuron	FBbt:00051989	cell body rind of larval metathoracic neuromere
FBbt:00048562	larval abdominal 1 canon neuron	FBbt:00048561	larval canon neuron	FBbt:00051990	cell body rind of larval abdominal 1 neuromere
FBbt:00048563	larval abdominal 2 canon neuron	FBbt:00048561	larval canon neuron	FBbt:00051991	cell body rind of larval abdominal 2 neuromere
FBbt:00048564	larval abdominal 3 canon neuron	FBbt:00048561	larval canon neuron	FBbt:00051992	cell body rind of larval abdominal 3 neuromere
FBbt:00048565	larval abdominal 4 canon neuron	FBbt:00048561	larval canon neuron	FBbt:00051993	cell body rind of larval abdominal 4 neuromere
FBbt:00048566	larval abdominal 5 canon neuron	FBbt:00048561	larval canon neuron	FBbt:00051994	cell body rind of larval abdominal 5 neuromere
FBbt:00048567	larval abdominal 1 A27h neuron	FBbt:00111668	larval A27h neuron	FBbt:00051990	cell body rind of larval abdominal 1 neuromere
FBbt:00048568	larval abdominal 2 A27h neuron	FBbt:00111668	larval A27h neuron	FBbt:00051991	cell body rind of larval abdominal 2 neuromere
FBbt:00048569	larval abdominal 3 A27h neuron	FBbt:00111668	larval A27h neuron	FBbt:00051992	cell body rind of larval abdominal 3 neuromere
FBbt:00048570	larval abdominal 4 A27h neuron	FBbt:00111668	larval A27h neuron	FBbt:00051993	cell body rind of larval abdominal 4 neuromere
FBbt:00048571	larval abdominal 5 A27h neuron	FBbt:00111668	larval A27h neuron	FBbt:00051994	cell body rind of larval abdominal 5 neuromere
FBbt:00048572	larval abdominal 6 A27h neuron	FBbt:00111668	larval A27h neuron	FBbt:00051995	cell body rind of larval abdominal 6 neuromere
FBbt:00048573	larval abdominal 7 A27h neuron	FBbt:00111668	larval A27h neuron	FBbt:00051996	cell body rind of larval abdominal 7 neuromere
FBbt:00048576	larval abdominal 1 A27l neuron	FBbt:00048575	larval A27l neuron	FBbt:00051990	cell body rind of larval abdominal 1 neuromere
FBbt:00048577	larval abdominal 2 A27l neuron	FBbt:00048575	larval A27l neuron	FBbt:00051991	cell body rind of larval abdominal 2 neuromere
FBbt:00048578	larval abdominal 3 A27l neuron	FBbt:00048575	larval A27l neuron	FBbt:00051992	cell body rind of larval abdominal 3 neuromere
FBbt:00048580	larval abdominal 1 A18b neuron	FBbt:00048579	larval A18b neuron	FBbt:00051990	cell body rind of larval abdominal 1 neuromere
FBbt:00048581	larval abdominal 2 A18b neuron	FBbt:00048579	larval A18b neuron	FBbt:00051991	cell body rind of larval abdominal 2 neuromere
FBbt:00048582	larval abdominal 3 A18b neuron	FBbt:00048579	larval A18b neuron	FBbt:00051992	cell body rind of larval abdominal 3 neuromere
FBbt:00048583	larval abdominal 4 A18b neuron	FBbt:00048579	larval A18b neuron	FBbt:00051993	cell body rind of larval abdominal 4 neuromere
FBbt:00048584	larval abdominal 5 A18b neuron	FBbt:00048579	larval A18b neuron	FBbt:00051994	cell body rind of larval abdominal 5 neuromere
FBbt:00048585	larval abdominal 6 A18b neuron	FBbt:00048579	larval A18b neuron	FBbt:00051995	cell body rind of larval abdominal 6 neuromere
FBbt:00048586	larval abdominal 1 GDL neuron	FBbt:00111674	larval GABAergic dorsolateral neuron	FBbt:00051990	cell body rind of larval abdominal 1 neuromere
FBbt:00048587	larval abdominal 2 GDL neuron	FBbt:00111674	larval GABAergic dorsolateral neuron	FBbt:00051991	cell body rind of larval abdominal 2 neuromere
FBbt:00048588	larval abdominal 3 GDL neuron	FBbt:00111674	larval GABAergic dorsolateral neuron	FBbt:00051992	cell body rind of larval abdominal 3 neuromere
FBbt:00048589	larval abdominal 4 GDL neuron	FBbt:00111674	larval GABAergic dorsolateral neuron	FBbt:00051993	cell body rind of larval abdominal 4 neuromere
FBbt:00048590	larval abdominal 5 GDL neuron	FBbt:00111674	larval GABAergic dorsolateral neuron	FBbt:00051994	cell body rind of larval abdominal 5 neuromere
FBbt:00048591	larval abdominal 6 GDL neuron	FBbt:00111674	larval GABAergic dorsolateral neuron	FBbt:00051995	cell body rind of larval abdominal 6 neuromere
FBbt:00048592	larval abdominal 7 GDL neuron	FBbt:00111674	larval GABAergic dorsolateral neuron	FBbt:00051996	cell body rind of larval abdominal 7 neuromere
FBbt:00048594	larval abdominal 1 A06c neuron	FBbt:00048843	larval A06c neuron	FBbt:00051990	cell body rind of larval abdominal 1 neuromere
FBbt:00048595	larval abdominal 1 Saaghi 1 neuron	FBbt:00111659	larval Saaghi 1 neuron	FBbt:00051990	cell body rind of larval abdominal 1 neuromere
FBbt:00048596	larval abdominal 1 A05x neuron	FBbt:00048593	larval A05x neuron	FBbt:00051990	cell body rind of larval abdominal 1 neuromere
FBbt:00048598	larval abdominal 1 A01b2 neuron	FBbt:00048597	larval A01b2 neuron	FBbt:00051990	cell body rind of larval abdominal 1 neuromere
FBbt:00048599	larval abdominal 1 A31x neuron	FBbt:00111680	larval A31x neuron	FBbt:00051990	cell body rind of larval abdominal 1 neuromere
FBbt:00048601	larval abdominal 1 A09x neuron	FBbt:00048600	larval A09x neuron	FBbt:00051990	cell body rind of larval abdominal 1 neuromere
FBbt:00048602	larval abdominal 1 A31d neuron	FBbt:00111679	larval A31d neuron	FBbt:00051990	cell body rind of larval abdominal 1 neuromere
FBbt:00048604	larval abdominal 1 A03ax neuron	FBbt:00048603	larval A03ax neuron	FBbt:00051990	cell body rind of larval abdominal 1 neuromere
FBbt:00048606	larval abdominal 1 A27p neuron	FBbt:00048605	larval A27p neuron	FBbt:00051990	cell body rind of larval abdominal 1 neuromere
FBbt:00048607	larval abdominal 1 A08e3 local neuron	FBbt:00111655	larval A08e3 local neuron	FBbt:00051990	cell body rind of larval abdominal 1 neuromere
FBbt:00048608	larval abdominal 1 A27e neuron	FBbt:00111669	larval A27e neuron	FBbt:00051990	cell body rind of larval abdominal 1 neuromere
FBbt:00048609	larval abdominal 1 A05k neuron	FBbt:00111677	larval A05k neuron	FBbt:00051990	cell body rind of larval abdominal 1 neuromere
FBbt:00048610	larval abdominal 1 A27a neuron	FBbt:00111678	larval A27a neuron	FBbt:00051990	cell body rind of larval abdominal 1 neuromere
FBbt:00048611	larval abdominal 1 A02d neuron	FBbt:00111676	larval A02d neuron	FBbt:00051990	cell body rind of larval abdominal 1 neuromere
FBbt:00048612	larval abdominal 2 A02j neuron	FBbt:00111681	larval A02j neuron	FBbt:00051991	cell body rind of larval abdominal 2 neuromere
FBbt:00048613	larval abdominal 3 A02j neuron	FBbt:00111681	larval A02j neuron	FBbt:00051992	cell body rind of larval abdominal 3 neuromere
FBbt:00048614	larval abdominal 2 eIN-5 neuron	FBbt:00111734	larval excitatory interneuron eIN-5	FBbt:00051991	cell body rind of larval abdominal 2 neuromere
FBbt:00048616	larval metathoracic T01x3 neuron	FBbt:00048615	larval T01x3 neuron	FBbt:00051989	cell body rind of larval metathoracic neuromere
FBbt:00048618	larval abdominal 1 A01x3 neuron	FBbt:00048617	larval A01x3 neuron	FBbt:00051990	cell body rind of larval abdominal 1 neuromere
FBbt:00048619	larval abdominal 3 A31d neuron	FBbt:00111679	larval A31d neuron	FBbt:00051992	cell body rind of larval abdominal 3 neuromere
FBbt:00048621	larval abdominal 1 GVLI neuron	FBbt:00048620	larval glutamatergic ventro-lateral interneuron	FBbt:00051990	cell body rind of larval abdominal 1 neuromere
FBbt:00048622	larval abdominal 2 GVLI neuron	FBbt:00048620	larval glutamatergic ventro-lateral interneuron	FBbt:00051991	cell body rind of larval abdominal 2 neuromere
FBbt:00048623	larval abdominal 3 GVLI neuron	FBbt:00048620	larval glutamatergic ventro-lateral interneuron	FBbt:00051992	cell body rind of larval abdominal 3 neuromere
FBbt:00048624	larval abdominal 4 GVLI neuron	FBbt:00048620	larval glutamatergic ventro-lateral interneuron	FBbt:00051993	cell body rind of larval abdominal 4 neuromere
FBbt:00048625	larval abdominal 5 GVLI neuron	FBbt:00048620	larval glutamatergic ventro-lateral interneuron	FBbt:00051994	cell body rind of larval abdominal 5 neuromere
FBbt:00048626	larval abdominal 6 GVLI neuron	FBbt:00048620	larval glutamatergic ventro-lateral interneuron	FBbt:00051995	cell body rind of larval abdominal 6 neuromere
FBbt:00048627	larval abdominal 7 GVLI neuron	FBbt:00048620	larval glutamatergic ventro-lateral interneuron	FBbt:00051996	cell body rind of larval abdominal 7 neuromere
FBbt:00048644	larval abdominal 1 A00g neuron	FBbt:00048643	larval A00g neuron	FBbt:00051990	cell body rind of larval abdominal 1 neuromere
FBbt:00048645	larval abdominal 1 eIN-2 neuron	FBbt:00111731	larval excitatory interneuron eIN-2	FBbt:00051990	cell body rind of larval abdominal 1 neuromere
FBbt:00048648	larval abdominal 1 A01h neuron	FBbt:00048629	larval A01h neuron	FBbt:00051990	cell body rind of larval abdominal 1 neuromere
FBbt:00048649	larval abdominal 1 A02b neuron	FBbt:00111664	larval A02b neuron	FBbt:00051990	cell body rind of larval abdominal 1 neuromere
FBbt:00048650	larval abdominal 2 A02b neuron	FBbt:00111664	larval A02b neuron	FBbt:00051991	cell body rind of larval abdominal 2 neuromere
FBbt:00048652	larval abdominal 1 A02f neuron	FBbt:00048651	larval A02f neuron	FBbt:00051990	cell body rind of larval abdominal 1 neuromere
FBbt:00048654	larval abdominal 1 A02i neuron	FBbt:00048653	larval A02i neuron	FBbt:00051990	cell body rind of larval abdominal 1 neuromere
FBbt:00048656	larval abdominal 1 A02k neuron	FBbt:00048655	larval A02k neuron	FBbt:00051990	cell body rind of larval abdominal 1 neuromere
FBbt:00048657	larval metathoracic A03g neuron	FBbt:00047851	larval A03g neuron	FBbt:00051989	cell body rind of larval metathoracic neuromere
FBbt:00048658	larval abdominal 2 A03o1 neuron	FBbt:00111250	larval A03o1 neuron	FBbt:00051991	cell body rind of larval abdominal 2 neuromere
FBbt:00048659	larval abdominal 1 A03x neuron	FBbt:00048632	larval A03x neuron	FBbt:00051990	cell body rind of larval abdominal 1 neuromere
FBbt:00048661	larval abdominal 1 A12f neuron	FBbt:00048660	larval A12f neuron	FBbt:00051990	cell body rind of larval abdominal 1 neuromere
FBbt:00048663	larval abdominal 1 iIN-1 neuron	FBbt:00111736	larval abdominal inhibitory interneuron iIN-1	FBbt:00051990	cell body rind of larval abdominal 1 neuromere
FBbt:00048667	larval abdominal 2 eIN-1 neuron	FBbt:00111730	larval excitatory interneuron eIN-1	FBbt:00051991	cell body rind of larval abdominal 2 neuromere
FBbt:00048668	larval abdominal 1 eIN-1 neuron	FBbt:00111730	larval excitatory interneuron eIN-1	FBbt:00051990	cell body rind of larval abdominal 1 neuromere
FBbt:00048669	larval metathoracic eIN-1 neuron	FBbt:00111730	larval excitatory interneuron eIN-1	FBbt:00051989	cell body rind of larval metathoracic neuromere
FBbt:00048671	larval abdominal 1 A19l neuron	FBbt:00048670	larval A19l neuron	FBbt:00051990	cell body rind of larval abdominal 1 neuromere
FBbt:00048672	larval abdominal 2 A19l neuron	FBbt:00048670	larval A19l neuron	FBbt:00051991	cell body rind of larval abdominal 2 neuromere
FBbt:00048673	larval metathoracic A26e neuron	FBbt:00047854	larval A26e neuron	FBbt:00051989	cell body rind of larval metathoracic neuromere
FBbt:00048675	larval abdominal 2 A26f neuron	FBbt:00048674	larval A26f neuron	FBbt:00051991	cell body rind of larval abdominal 2 neuromere
FBbt:00048676	larval abdominal 1 A26f neuron	FBbt:00048674	larval A26f neuron	FBbt:00051990	cell body rind of larval abdominal 1 neuromere
FBbt:00048677	larval abdominal 3 A26f neuron	FBbt:00048674	larval A26f neuron	FBbt:00051992	cell body rind of larval abdominal 3 neuromere
FBbt:00048679	larval abdominal 4 A26x neuron	FBbt:00048678	larval A26x neuron	FBbt:00051993	cell body rind of larval abdominal 4 neuromere
FBbt:00048680	larval abdominal 2 A14h neuron	FBbt:00111683	larval A14h neuron	FBbt:00051991	cell body rind of larval abdominal 2 neuromere
FBbt:00048682	larval abdominal 1 A27n neuron	FBbt:00048681	larval A27n neuron	FBbt:00051990	cell body rind of larval abdominal 1 neuromere
FBbt:00048684	larval abdominal 1 A27x neuron	FBbt:00048683	larval A27x neuron	FBbt:00051990	cell body rind of larval abdominal 1 neuromere
FBbt:00048686	larval abdominal 1 A31b neuron	FBbt:00048685	larval A31b neuron	FBbt:00051990	cell body rind of larval abdominal 1 neuromere
FBbt:00048687	larval abdominal 2 A31b neuron	FBbt:00048685	larval A31b neuron	FBbt:00051991	cell body rind of larval abdominal 2 neuromere
FBbt:00048692	larval metathoracic T19l neuron	FBbt:00048691	larval T19l neuron	FBbt:00051989	cell body rind of larval metathoracic neuromere
FBbt:00048693	larval metathoracic T11v neuron	FBbt:00048690	larval T11v neuron	FBbt:00051989	cell body rind of larval metathoracic neuromere
FBbt:00048694	larval metathoracic T10g2 neuron	FBbt:00048689	larval T10g2 neuron	FBbt:00051989	cell body rind of larval metathoracic neuromere
FBbt:00048695	larval metathoracic T01d neuron	FBbt:00048688	larval T01d neuron	FBbt:00051989	cell body rind of larval metathoracic neuromere
FBbt:00048697	larval abdominal 1 A02h neuron	FBbt:00048696	larval A02h neuron	FBbt:00051990	cell body rind of larval abdominal 1 neuromere
FBbt:00048699	larval abdominal 1 A02x neuron	FBbt:00048698	larval A02x neuron	FBbt:00051990	cell body rind of larval abdominal 1 neuromere
FBbt:00048700	larval abdominal 1 eIN-5 neuron	FBbt:00111734	larval excitatory interneuron eIN-5	FBbt:00051990	cell body rind of larval abdominal 1 neuromere
FBbt:00048701	larval abdominal 2 A08e3 local neuron	FBbt:00111655	larval A08e3 local neuron	FBbt:00051991	cell body rind of larval abdominal 2 neuromere
FBbt:00048703	larval abdominal 1 A10e neuron	FBbt:00048702	larval A10e neuron	FBbt:00051990	cell body rind of larval abdominal 1 neuromere
FBbt:00048707	larval abdominal 1 A27j neuron	FBbt:00111666	larval A27j neuron	FBbt:00051990	cell body rind of larval abdominal 1 neuromere
FBbt:00048708	larval abdominal 1 A31k neuron	FBbt:00111665	larval A31k neuron	FBbt:00051990	cell body rind of larval abdominal 1 neuromere
FBbt:00048710	larval metathoracic T23a neuron	FBbt:00048709	larval T23a neuron	FBbt:00051989	cell body rind of larval metathoracic neuromere
FBbt:00048713	larval abdominal 1 Drunken-4 neuron	FBbt:00048712	larval Drunken-4 neuron	FBbt:00051990	cell body rind of larval abdominal 1 neuromere
FBbt:00048716	larval abdominal 7 Drunken-4 neuron	FBbt:00048712	larval Drunken-4 neuron	FBbt:00051996	cell body rind of larval abdominal 7 neuromere
FBbt:00048717	larval metathoracic Drunken-4 neuron	FBbt:00048712	larval Drunken-4 neuron	FBbt:00051989	cell body rind of larval metathoracic neuromere
FBbt:00048825	larval metathoracic A03a3 neuron	FBbt:00048839	larval A03a3 neuron	FBbt:00051989	cell body rind of larval metathoracic neuromere
FBbt:00048826	larval abdominal 1 A02e neuron	FBbt:00047850	larval A02e neuron	FBbt:00051990	cell body rind of larval abdominal 1 neuromere
FBbt:00048828	larval abdominal 1 A02g neuron	FBbt:00047849	larval A02g neuron	FBbt:00051990	cell body rind of larval abdominal 1 neuromere
FBbt:00048829	larval abdominal 1 A23a neuron	FBbt:00048635	larval A23a neuron	FBbt:00051990	cell body rind of larval abdominal 1 neuromere
FBbt:00048830	larval abdominal 2 A03x neuron	FBbt:00048632	larval A03x neuron	FBbt:00051991	cell body rind of larval abdominal 2 neuromere
FBbt:00048831	larval abdominal 1 eIN-4 neuron	FBbt:00111733	larval excitatory interneuron eIN-4	FBbt:00051990	cell body rind of larval abdominal 1 neuromere
FBbt:00048840	larval abdominal 1 A03a3 neuron	FBbt:00048839	larval A03a3 neuron	FBbt:00051990	cell body rind of larval abdominal 1 neuromere
FBbt:00048842	larval abdominal 1 A03a6 neuron	FBbt:00048841	larval A03a6 neuron	FBbt:00051990	cell body rind of larval abdominal 1 neuromere
FBbt:00048845	larval abdominal 1 A06a neuron	FBbt:00048844	larval A06a neuron	FBbt:00051990	cell body rind of larval abdominal 1 neuromere
FBbt:00048859	larval abdominal 1 Saaghi 2 neuron	FBbt:00048630	larval Saaghi 2 neuron	FBbt:00051990	cell body rind of larval abdominal 1 neuromere
FBbt:00048860	larval metathoracic Saaghi 3 neuron	FBbt:00111660	larval Saaghi 3 neuron	FBbt:00051989	cell body rind of larval metathoracic neuromere
FBbt:00048861	larval abdominal 1 Saaghi 3 neuron	FBbt:00111660	larval Saaghi 3 neuron	FBbt:00051990	cell body rind of larval abdominal 1 neuromere
FBbt:00048863	larval abdominal 1 A06x1 neuron	FBbt:00048862	larval A06x1 neuron	FBbt:00051990	cell body rind of larval abdominal 1 neuromere
FBbt:00048947	larval abdominal 1 A08c projection neuron	FBbt:00111651	larval A08c projection neuron	FBbt:00051990	cell body rind of larval abdominal 1 neuromere
FBbt:00048948	larval abdominal 2 A08c projection neuron	FBbt:00111651	larval A08c projection neuron	FBbt:00051991	cell body rind of larval abdominal 2 neuromere
FBbt:00048949	larval abdominal 3 A08c projection neuron	FBbt:00111651	larval A08c projection neuron	FBbt:00051992	cell body rind of larval abdominal 3 neuromere
FBbt:00048950	larval abdominal 4 A08c projection neuron	FBbt:00111651	larval A08c projection neuron	FBbt:00051993	cell body rind of larval abdominal 4 neuromere
FBbt:00048951	larval abdominal 5 A08c projection neuron	FBbt:00111651	larval A08c projection neuron	FBbt:00051994	cell body rind of larval abdominal 5 neuromere
FBbt:00048952	larval abdominal 6 A08c projection neuron	FBbt:00111651	larval A08c projection neuron	FBbt:00051995	cell body rind of larval abdominal 6 neuromere
FBbt:00048953	larval abdominal 7 A08c projection neuron	FBbt:00111651	larval A08c projection neuron	FBbt:00051996	cell body rind of larval abdominal 7 neuromere
FBbt:00048954	larval abdominal 1 A08s projection neuron	FBbt:00111652	larval A08s projection neuron	FBbt:00051990	cell body rind of larval abdominal 1 neuromere
FBbt:00048955	larval abdominal 2 A08s projection neuron	FBbt:00111652	larval A08s projection neuron	FBbt:00051991	cell body rind of larval abdominal 2 neuromere
FBbt:00048956	larval abdominal 3 A08s projection neuron	FBbt:00111652	larval A08s projection neuron	FBbt:00051992	cell body rind of larval abdominal 3 neuromere
FBbt:00048957	larval abdominal 4 A08s projection neuron	FBbt:00111652	larval A08s projection neuron	FBbt:00051993	cell body rind of larval abdominal 4 neuromere
FBbt:00048958	larval abdominal 5 A08s projection neuron	FBbt:00111652	larval A08s projection neuron	FBbt:00051994	cell body rind of larval abdominal 5 neuromere
FBbt:00048959	larval abdominal 6 A08s projection neuron	FBbt:00111652	larval A08s projection neuron	FBbt:00051995	cell body rind of larval abdominal 6 neuromere
FBbt:00048960	larval abdominal 7 A08s projection neuron	FBbt:00111652	larval A08s projection neuron	FBbt:00051996	cell body rind of larval abdominal 7 neuromere
FBbt:00048961	larval abdominal 1 Jaam1 neuron	FBbt:00111656	larval Jaam1 neuron	FBbt:00051990	cell body rind of larval abdominal 1 neuromere
FBbt:00048962	larval abdominal 1 Jaam2 neuron	FBbt:00111657	larval Jaam2 neuron	FBbt:00051990	cell body rind of larval abdominal 1 neuromere
FBbt:00048963	larval abdominal 1 Jaam3 neuron	FBbt:00111658	larval Jaam3 neuron	FBbt:00051990	cell body rind of larval abdominal 1 neuromere
FBbt:00048965	larval abdominal 1 A08w neuron	FBbt:00048964	larval A08w neuron	FBbt:00051990	cell body rind of larval abdominal 1 neuromere
FBbt:00048967	larval abdominal 1 A08o neuron	FBbt:00048966	larval A08o neuron	FBbt:00051990	cell body rind of larval abdominal 1 neuromere
FBbt:00048969	larval abdominal 1 A08j2 neuron	FBbt:00048968	larval A08j2 neuron	FBbt:00051990	cell body rind of larval abdominal 1 neuromere
FBbt:00048972	larval abdominal 1 A08j3 neuron	FBbt:00048971	larval A08j3 neuron	FBbt:00051990	cell body rind of larval abdominal 1 neuromere
FBbt:00048973	larval abdominal 1 A08j1 neuron	FBbt:00048970	larval A08j1 neuron	FBbt:00051990	cell body rind of larval abdominal 1 neuromere
FBbt:00048975	larval abdominal 1 A06i3 neuron	FBbt:00048974	larval A06i3 neuron	FBbt:00051990	cell body rind of larval abdominal 1 neuromere
FBbt:00048977	larval abdominal 1 A06k neuron	FBbt:00048976	larval A06k neuron	FBbt:00051990	cell body rind of larval abdominal 1 neuromere
FBbt:00048982	larval abdominal 1 A01a neuron	FBbt:00048981	larval A01a1 neuron	FBbt:00051990	cell body rind of larval abdominal 1 neuromere
FBbt:00048983	larval abdominal 1 Saaghi 4 neuron	FBbt:00048978	larval Saaghi 4 neuron	FBbt:00051990	cell body rind of larval abdominal 1 neuromere
FBbt:00048984	larval abdominal 1 Saaghi 5 neuron	FBbt:00048979	larval Saaghi 5 neuron	FBbt:00051990	cell body rind of larval abdominal 1 neuromere
FBbt:00048985	larval abdominal 1 Saaghi 6 neuron	FBbt:00048980	larval Saaghi 6 neuron	FBbt:00051990	cell body rind of larval abdominal 1 neuromere
FBbt:00048986	larval abdominal 1 A02a neuron	FBbt:00111662	larval A02a neuron	FBbt:00051990	cell body rind of larval abdominal 1 neuromere
FBbt:00048987	larval abdominal 1 A02j neuron	FBbt:00111681	larval A02j neuron	FBbt:00051990	cell body rind of larval abdominal 1 neuromere
FBbt:00048989	larval abdominal 1 A14a1 neuron	FBbt:00048988	larval A14a1 neuron	FBbt:00051990	cell body rind of larval abdominal 1 neuromere
FBbt:00048991	larval abdominal 1 A14b neuron	FBbt:00048990	larval A14b neuron	FBbt:00051990	cell body rind of larval abdominal 1 neuromere
FBbt:00048993	larval abdominal 1 A03o2 neuron	FBbt:00048992	larval A03o2 neuron	FBbt:00051990	cell body rind of larval abdominal 1 neuromere
FBbt:00048996	larval abdominal 1 A23b3 neuron	FBbt:00048995	larval A23b3 neuron	FBbt:00051990	cell body rind of larval abdominal 1 neuromere
FBbt:00048997	larval abdominal 1 A23b1 neuron	FBbt:00048994	larval A23b1 neuron	FBbt:00051990	cell body rind of larval abdominal 1 neuromere
FBbt:00049114	larval abdominal 1 A01c2 neuron	FBbt:00048824	larval A01c2 neuron	FBbt:00051990	cell body rind of larval abdominal 1 neuromere
FBbt:00049115	larval abdominal 2 Saaghi 1 neuron	FBbt:00111659	larval Saaghi 1 neuron	FBbt:00051991	cell body rind of larval abdominal 2 neuromere
FBbt:00049116	larval abdominal 2 A00g neuron	FBbt:00048643	larval A00g neuron	FBbt:00051991	cell body rind of larval abdominal 2 neuromere
FBbt:00049117	larval metathoracic A05a neuron	FBbt:00047003	larval A05a neuron	FBbt:00051989	cell body rind of larval metathoracic neuromere
FBbt:00049121	larval prothoracic A00g neuron	FBbt:00048643	larval A00g neuron	FBbt:00051987	cell body rind of larval prothoracic neuromere
FBbt:00049129	larval abdominal 2 Saaghi 3 neuron	FBbt:00111660	larval Saaghi 3 neuron	FBbt:00051991	cell body rind of larval abdominal 2 neuromere
FBbt:00049130	larval metathoracic A01x2 neuron	FBbt:00047015	larval A01x2 neuron	FBbt:00051989	cell body rind of larval metathoracic neuromere
FBbt:00049132	larval abdominal 1 A18b2 neuron	FBbt:00049131	larval A18b2 neuron	FBbt:00051990	cell body rind of larval abdominal 1 neuromere
FBbt:00049134	larval metathoracic A03g2 neuron	FBbt:00049133	larval A03g2 neuron	FBbt:00051989	cell body rind of larval metathoracic neuromere
FBbt:00049183	larval abdominal 2 A08e1 local neuron	FBbt:00111653	larval A08e1 local neuron	FBbt:00051991	cell body rind of larval abdominal 2 neuromere
FBbt:00049184	larval abdominal 2 A08e2 local neuron	FBbt:00111654	larval A08e2 local neuron	FBbt:00051991	cell body rind of larval abdominal 2 neuromere
FBbt:00049559	prothoracic femoral chordotonal hook neuron	FBbt:00049558	femoral chordotonal hook neuron	FBbt:00000017	prothoracic segment
FBbt:00049560	prothoracic femoral chordotonal claw neuron	FBbt:00049557	femoral chordotonal claw neuron	FBbt:00000017	prothoracic segment
FBbt:00049561	prothoracic femoral chordotonal club neuron	FBbt:00049556	femoral chordotonal club neuron	FBbt:00000017	prothoracic segment
FBbt:00049562	mesothoracic femoral chordotonal hook neuron	FBbt:00049558	femoral chordotonal hook neuron	FBbt:00000018	mesothoracic segment
FBbt:00049563	mesothoracic femoral chordotonal claw neuron	FBbt:00049557	femoral chordotonal claw neuron	FBbt:00000018	mesothoracic segment
FBbt:00049564	mesothoracic femoral chordotonal club neuron	FBbt:00049556	femoral chordotonal club neuron	FBbt:00000018	mesothoracic segment
FBbt:00049565	metathoracic femoral chordotonal hook neuron	FBbt:00049558	femoral chordotonal hook neuron	FBbt:00000019	metathoracic segment
FBbt:00049566	metathoracic femoral chordotonal claw neuron	FBbt:00049557	femoral chordotonal claw neuron	FBbt:00000019	metathoracic segment
FBbt:00049567	metathoracic femoral chordotonal club neuron	FBbt:00049556	femoral chordotonal club neuron	FBbt:00000019	metathoracic segment
FBbt:00049945	adult sex peptide sensory neuron of uterus	FBbt:00111303	adult sex peptide sensory neuron	FBbt:00004924	uterus
FBbt:00049946	adult sex peptide sensory neuron of lateral oviduct	FBbt:00111303	adult sex peptide sensory neuron	FBbt:00004912	lateral oviduct
FBbt:00051320	larval abdominal 1 A02c neuron	FBbt:00051319	larval A02c neuron	FBbt:00051990	cell body rind of larval abdominal 1 neuromere
FBbt:00051322	larval abdominal 1 A01a2 neuron	FBbt:00051321	larval A01a2 neuron	FBbt:00051990	cell body rind of larval abdominal 1 neuromere
FBbt:00051324	larval abdominal 1 A01d4 neuron	FBbt:00051323	larval A01d4 neuron	FBbt:00051990	cell body rind of larval abdominal 1 neuromere
FBbt:00051326	larval abdominal 1 A01m neuron	FBbt:00051325	larval A01m neuron	FBbt:00051990	cell body rind of larval abdominal 1 neuromere
FBbt:00051327	larval abdominal 2 iIN-1 neuron	FBbt:00111736	larval abdominal inhibitory interneuron iIN-1	FBbt:00051991	cell body rind of larval abdominal 2 neuromere
FBbt:00051329	larval abdominal 1 A14a2 neuron	FBbt:00051328	larval A14a2 neuron	FBbt:00051990	cell body rind of larval abdominal 1 neuromere
FBbt:00051331	larval abdominal 1 A14f neuron	FBbt:00051330	larval A14f neuron	FBbt:00051990	cell body rind of larval abdominal 1 neuromere
FBbt:00051333	larval abdominal 1 A06g1 neuron	FBbt:00051332	larval A06g1 neuron	FBbt:00051990	cell body rind of larval abdominal 1 neuromere
FBbt:00051335	larval abdominal 1 A06i2 neuron	FBbt:00051334	larval A06i2 neuron	FBbt:00051990	cell body rind of larval abdominal 1 neuromere
FBbt:00051338	larval abdominal 1 A06i1 neuron	FBbt:00051336	larval A06i1 neuron	FBbt:00051990	cell body rind of larval abdominal 1 neuromere
FBbt:00051339	larval abdominal 1 A06i4 neuron	FBbt:00051337	larval A06i4 neuron	FBbt:00051990	cell body rind of larval abdominal 1 neuromere
FBbt:00051341	larval abdominal 1 A06j2 neuron	FBbt:00051340	larval A06j2 neuron	FBbt:00051990	cell body rind of larval abdominal 1 neuromere
FBbt:00051346	larval abdominal 1 A03c2 neuron	FBbt:00051342	larval A03c2 neuron	FBbt:00051990	cell body rind of larval abdominal 1 neuromere
FBbt:00051347	larval abdominal 1 A03c1 neuron	FBbt:00051343	larval A03c1 neuron	FBbt:00051990	cell body rind of larval abdominal 1 neuromere
FBbt:00051348	larval abdominal 1 A03t2 neuron	FBbt:00051344	larval A03t2 neuron	FBbt:00051990	cell body rind of larval abdominal 1 neuromere
FBbt:00051349	larval abdominal 1 A03t3 neuron	FBbt:00051345	larval A03t3 neuron	FBbt:00051990	cell body rind of larval abdominal 1 neuromere
FBbt:00051355	larval abdominal 1 A03d1 neuron	FBbt:00051350	larval A03d1 neuron	FBbt:00051990	cell body rind of larval abdominal 1 neuromere
FBbt:00051356	larval abdominal 1 A03f neuron	FBbt:00051351	larval A03f neuron	FBbt:00051990	cell body rind of larval abdominal 1 neuromere
FBbt:00051357	larval abdominal 1 A03b neuron	FBbt:00051352	larval A03b neuron	FBbt:00051990	cell body rind of larval abdominal 1 neuromere
FBbt:00051358	larval abdominal 1 A03e neuron	FBbt:00051353	larval A03e neuron	FBbt:00051990	cell body rind of larval abdominal 1 neuromere
FBbt:00051359	larval abdominal 1 A03k neuron	FBbt:00051354	larval A03k neuron	FBbt:00051990	cell body rind of larval abdominal 1 neuromere
FBbt:00051360	larval abdominal 3 A02a neuron	FBbt:00111662	larval A02a neuron	FBbt:00051992	cell body rind of larval abdominal 3 neuromere
FBbt:00051361	larval abdominal 3 A02b neuron	FBbt:00111664	larval A02b neuron	FBbt:00051992	cell body rind of larval abdominal 3 neuromere
FBbt:00051372	larval abdominal 3 eIN-1 neuron	FBbt:00111730	larval excitatory interneuron eIN-1	FBbt:00051992	cell body rind of larval abdominal 3 neuromere
FBbt:00051373	larval abdominal 4 eIN-1 neuron	FBbt:00111730	larval excitatory interneuron eIN-1	FBbt:00051993	cell body rind of larval abdominal 4 neuromere
FBbt:00051374	larval abdominal 5 eIN-1 neuron	FBbt:00111730	larval excitatory interneuron eIN-1	FBbt:00051994	cell body rind of larval abdominal 5 neuromere
FBbt:00051375	larval abdominal 2 eIN-2 neuron	FBbt:00111731	larval excitatory interneuron eIN-2	FBbt:00051991	cell body rind of larval abdominal 2 neuromere
FBbt:00051376	larval abdominal 3 eIN-2 neuron	FBbt:00111731	larval excitatory interneuron eIN-2	FBbt:00051992	cell body rind of larval abdominal 3 neuromere
FBbt:00051377	larval abdominal 4 eIN-2 neuron	FBbt:00111731	larval excitatory interneuron eIN-2	FBbt:00051993	cell body rind of larval abdominal 4 neuromere
FBbt:00051378	larval abdominal 2 eIN-3 neuron	FBbt:00111732	larval excitatory interneuron eIN-3	FBbt:00051991	cell body rind of larval abdominal 2 neuromere
FBbt:00051379	larval abdominal 3 eIN-3 neuron	FBbt:00111732	larval excitatory interneuron eIN-3	FBbt:00051992	cell body rind of larval abdominal 3 neuromere
FBbt:00051380	larval abdominal 4 eIN-3 neuron	FBbt:00111732	larval excitatory interneuron eIN-3	FBbt:00051993	cell body rind of larval abdominal 4 neuromere
FBbt:00051381	larval abdominal 2 eIN-4 neuron	FBbt:00111733	larval excitatory interneuron eIN-4	FBbt:00051991	cell body rind of larval abdominal 2 neuromere
FBbt:00051382	larval abdominal 3 eIN-4 neuron	FBbt:00111733	larval excitatory interneuron eIN-4	FBbt:00051992	cell body rind of larval abdominal 3 neuromere
FBbt:00051383	larval abdominal 4 eIN-4 neuron	FBbt:00111733	larval excitatory interneuron eIN-4	FBbt:00051993	cell body rind of larval abdominal 4 neuromere
FBbt:00051384	larval abdominal 3 eIN-5 neuron	FBbt:00111734	larval excitatory interneuron eIN-5	FBbt:00051992	cell body rind of larval abdominal 3 neuromere
FBbt:00051385	larval abdominal 4 eIN-5 neuron	FBbt:00111734	larval excitatory interneuron eIN-5	FBbt:00051993	cell body rind of larval abdominal 4 neuromere
FBbt:00051386	larval abdominal 5 eIN-5 neuron	FBbt:00111734	larval excitatory interneuron eIN-5	FBbt:00051994	cell body rind of larval abdominal 5 neuromere
FBbt:00051387	larval abdominal 3 eIN-6 neuron	FBbt:00111735	larval excitatory interneuron eIN-6	FBbt:00051992	cell body rind of larval abdominal 3 neuromere
FBbt:00051388	larval abdominal 4 eIN-6 neuron	FBbt:00111735	larval excitatory interneuron eIN-6	FBbt:00051993	cell body rind of larval abdominal 4 neuromere
FBbt:00051389	larval abdominal 3 iIN-1 neuron	FBbt:00111736	larval abdominal inhibitory interneuron iIN-1	FBbt:00051992	cell body rind of larval abdominal 3 neuromere
FBbt:00051390	larval abdominal 4 iIN-1 neuron	FBbt:00111736	larval abdominal inhibitory interneuron iIN-1	FBbt:00051993	cell body rind of larval abdominal 4 neuromere
FBbt:00051391	larval abdominal 5 iIN-1 neuron	FBbt:00111736	larval abdominal inhibitory interneuron iIN-1	FBbt:00051994	cell body rind of larval abdominal 5 neuromere
FBbt:00051392	larval abdominal 6 iIN-1 neuron	FBbt:00111736	larval abdominal inhibitory interneuron iIN-1	FBbt:00051995	cell body rind of larval abdominal 6 neuromere
FBbt:00052012	adult octopaminergic neuron of abdominal ganglion	FBbt:00007364	octopaminergic neuron	FBbt:00111086	cell body rind of adult abdominal neuromere
FBbt:00052032	gnathal ganglion neuron	FBbt:00005106	neuron	FBbt:00004013	gnathal ganglion
FBbt:00052357	adult abdominal histaminergic neuron	FBbt:00007367	histaminergic neuron	FBbt:00111086	cell body rind of adult abdominal neuromere
FBbt:00052358	adult mesothoracic histaminergic neuron	FBbt:00007367	histaminergic neuron	FBbt:00111084	cell body rind of adult mesothoracic neuromere
FBbt:00052359	adult metathoracic histaminergic neuron	FBbt:00007367	histaminergic neuron	FBbt:00111085	cell body rind of adult metathoracic neuromere
FBbt:00052554	larval metathoracic A00g neuron	FBbt:00048643	larval A00g neuron	FBbt:00051989	cell body rind of larval metathoracic neuromere
FBbt:00052555	larval abdominal 4 A26f neuron	FBbt:00048674	larval A26f neuron	FBbt:00051993	cell body rind of larval abdominal 4 neuromere
FBbt:00052599	prothoracic tibial pretarsal depressor muscle motor neuron	FBbt:00053061	tibial pretarsal depressor muscle motor neuron	FBbt:00111083	cell body rind of adult prothoracic neuromere
FBbt:00052600	prothoracic femoral pretarsal depressor muscle motor neuron	FBbt:00053062	femoral pretarsal depressor muscle motor neuron	FBbt:00111083	cell body rind of adult prothoracic neuromere
FBbt:00052634	prothoracic femoral chordotonal hook extension neuron	FBbt:00052632	femoral chordotonal hook extension neuron	FBbt:00000017	prothoracic segment
FBbt:00052635	mesothoracic femoral chordotonal hook extension neuron	FBbt:00052632	femoral chordotonal hook extension neuron	FBbt:00000018	mesothoracic segment
FBbt:00052636	metathoracic femoral chordotonal hook extension neuron	FBbt:00052632	femoral chordotonal hook extension neuron	FBbt:00000019	metathoracic segment
FBbt:00052637	mesothoracic femoral chordotonal hook flexion neuron	FBbt:00052633	femoral chordotonal hook flexion neuron	FBbt:00000018	mesothoracic segment
FBbt:00052638	metathoracic femoral chordotonal hook flexion neuron	FBbt:00052633	femoral chordotonal hook flexion neuron	FBbt:00000019	metathoracic segment
FBbt:00052639	prothoracic femoral chordotonal hook flexion neuron	FBbt:00052633	femoral chordotonal hook flexion neuron	FBbt:00000017	prothoracic segment
FBbt:00052667	larval mesothoracic T11v neuron	FBbt:00048690	larval T11v neuron	FBbt:00051988	cell body rind of larval mesothoracic neuromere
FBbt:00052668	larval abdominal 1 A02l neuron	FBbt:00111663	larval A02l neuron	FBbt:00051990	cell body rind of larval abdominal 1 neuromere
FBbt:00052669	larval abdominal 2 A02l neuron	FBbt:00111663	larval A02l neuron	FBbt:00051991	cell body rind of larval abdominal 2 neuromere
FBbt:00052670	larval abdominal 3 A02l neuron	FBbt:00111663	larval A02l neuron	FBbt:00051992	cell body rind of larval abdominal 3 neuromere
FBbt:00052671	larval abdominal 3 A14g neuron	FBbt:00111231	larval A14g neuron	FBbt:00051992	cell body rind of larval abdominal 3 neuromere
FBbt:00052686	larval abdominal 6 canon neuron	FBbt:00048561	larval canon neuron	FBbt:00051995	cell body rind of larval abdominal 6 neuromere
FBbt:00053059	prothoracic extracoxal trochanter depressor muscle motor neuron	FBbt:00053152	extracoxal trochanter depressor muscle motor neuron	FBbt:00111083	cell body rind of adult prothoracic neuromere
FBbt:00053067	prothoracic tarsal retro depressor muscle motor neuron	FBbt:00053136	tarsal retro depressor muscle motor neuron	FBbt:00111083	cell body rind of adult prothoracic neuromere
FBbt:00053069	prothoracic tarsal levator muscle motor neuron	FBbt:00053138	tarsal levator muscle motor neuron	FBbt:00111083	cell body rind of adult prothoracic neuromere
FBbt:00053070	prothoracic tarsal depressor muscle motor neuron	FBbt:00053137	tarsal depressor muscle motor neuron	FBbt:00111083	cell body rind of adult prothoracic neuromere
FBbt:00053104	prothoracic pleural remotor and abductor muscle motor neuron	FBbt:00053149	pleural remotor motor neuron	FBbt:00111083	cell body rind of adult prothoracic neuromere
FBbt:00053114	prothoracic accessory trochanter levator muscle motor neuron	FBbt:00053077	accessory trochanter levator muscle motor neuron	FBbt:00111083	cell body rind of adult prothoracic neuromere
FBbt:00053115	mesothoracic accessory trochanter levator muscle motor neuron	FBbt:00053077	accessory trochanter levator muscle motor neuron	FBbt:00111084	cell body rind of adult mesothoracic neuromere
FBbt:00053116	metathoracic accessory trochanter levator muscle motor neuron	FBbt:00053077	accessory trochanter levator muscle motor neuron	FBbt:00111085	cell body rind of adult metathoracic neuromere
FBbt:00053117	prothoracic femoral reductor muscle motor neuron	FBbt:00053075	femoral reductor muscle motor neuron	FBbt:00111083	cell body rind of adult prothoracic neuromere
FBbt:00053118	mesothoracic femoral reductor muscle motor neuron	FBbt:00053075	femoral reductor muscle motor neuron	FBbt:00111084	cell body rind of adult mesothoracic neuromere
FBbt:00053119	metathoracic femoral reductor muscle motor neuron	FBbt:00053075	femoral reductor muscle motor neuron	FBbt:00111085	cell body rind of adult metathoracic neuromere
FBbt:00053121	prothoracic tibial levator muscle motor neuron	FBbt:00053074	tibial levator muscle motor neuron	FBbt:00111083	cell body rind of adult prothoracic neuromere
FBbt:00053122	mesothoracic tibial levator muscle motor neuron	FBbt:00053074	tibial levator muscle motor neuron	FBbt:00111084	cell body rind of adult mesothoracic neuromere
FBbt:00053123	metathoracic tibial levator muscle motor neuron	FBbt:00053074	tibial levator muscle motor neuron	FBbt:00111085	cell body rind of adult metathoracic neuromere
FBbt:00053124	prothoracic fast tibial extensor motor neuron	FBbt:00053120	fast tibial extensor motor neuron	FBbt:00111083	cell body rind of adult prothoracic neuromere
FBbt:00053125	mesothoracic fast tibial extensor motor neuron	FBbt:00053120	fast tibial extensor motor neuron	FBbt:00111084	cell body rind of adult mesothoracic neuromere
FBbt:00053126	metathoracic fast tibial extensor motor neuron	FBbt:00053120	fast tibial extensor motor neuron	FBbt:00111085	cell body rind of adult metathoracic neuromere
FBbt:00053127	prothoracic slow tibial extensor motor neuron	FBbt:00053065	slow tibial extensor motor neuron	FBbt:00111083	cell body rind of adult prothoracic neuromere
FBbt:00053128	mesothoracic slow tibial extensor motor neuron	FBbt:00053065	slow tibial extensor motor neuron	FBbt:00111084	cell body rind of adult mesothoracic neuromere
FBbt:00053129	metathoracic slow tibial extensor motor neuron	FBbt:00053065	slow tibial extensor motor neuron	FBbt:00111085	cell body rind of adult metathoracic neuromere
FBbt:00053130	prothoracic tibial depressor motor neuron	FBbt:00052588	tibial depressor motor neuron	FBbt:00111083	cell body rind of adult prothoracic neuromere
FBbt:00053131	mesothoracic tibial depressor motor neuron	FBbt:00052588	tibial depressor motor neuron	FBbt:00111084	cell body rind of adult mesothoracic neuromere
FBbt:00053132	metathoracic tibial depressor motor neuron	FBbt:00052588	tibial depressor motor neuron	FBbt:00111085	cell body rind of adult metathoracic neuromere
FBbt:00053133	prothoracic accessory tibial flexor motor neuron	FBbt:00053073	accessory tibial flexor motor neuron	FBbt:00111083	cell body rind of adult prothoracic neuromere
FBbt:00053134	mesothoracic accessory tibial flexor motor neuron	FBbt:00053073	accessory tibial flexor motor neuron	FBbt:00111084	cell body rind of adult mesothoracic neuromere
FBbt:00053135	metathoracic accessory tibial flexor motor neuron	FBbt:00053073	accessory tibial flexor motor neuron	FBbt:00111085	cell body rind of adult metathoracic neuromere
FBbt:00053139	mesothoracic tarsal retro depressor muscle motor neuron	FBbt:00053136	tarsal retro depressor muscle motor neuron	FBbt:00111084	cell body rind of adult mesothoracic neuromere
FBbt:00053140	metathoracic tarsal retro depressor muscle motor neuron	FBbt:00053136	tarsal retro depressor muscle motor neuron	FBbt:00111085	cell body rind of adult metathoracic neuromere
FBbt:00053141	mesothoracic tarsal levator muscle motor neuron	FBbt:00053138	tarsal levator muscle motor neuron	FBbt:00111084	cell body rind of adult mesothoracic neuromere
FBbt:00053142	metathoracic tarsal levator muscle motor neuron	FBbt:00053138	tarsal levator muscle motor neuron	FBbt:00111085	cell body rind of adult metathoracic neuromere
FBbt:00053143	mesothoracic tarsal depressor muscle motor neuron	FBbt:00053137	tarsal depressor muscle motor neuron	FBbt:00111084	cell body rind of adult mesothoracic neuromere
FBbt:00053144	metathoracic tarsal depressor muscle motor neuron	FBbt:00053137	tarsal depressor muscle motor neuron	FBbt:00111085	cell body rind of adult metathoracic neuromere
FBbt:00053145	mesothoracic tibial pretarsal depressor muscle motor neuron	FBbt:00053061	tibial pretarsal depressor muscle motor neuron	FBbt:00111084	cell body rind of adult mesothoracic neuromere
FBbt:00053146	metathoracic tibial pretarsal depressor muscle motor neuron	FBbt:00053061	tibial pretarsal depressor muscle motor neuron	FBbt:00111085	cell body rind of adult metathoracic neuromere
FBbt:00053147	mesothoracic femoral pretarsal depressor muscle motor neuron	FBbt:00053062	femoral pretarsal depressor muscle motor neuron	FBbt:00111084	cell body rind of adult mesothoracic neuromere
FBbt:00053148	metathoracic femoral pretarsal depressor muscle motor neuron	FBbt:00053062	femoral pretarsal depressor muscle motor neuron	FBbt:00111085	cell body rind of adult metathoracic neuromere
FBbt:00053150	mesothoracic pleural remotor muscle motor neuron	FBbt:00053149	pleural remotor motor neuron	FBbt:00111084	cell body rind of adult mesothoracic neuromere
FBbt:00053151	metathoracic pleural remotor muscle motor neuron	FBbt:00053149	pleural remotor motor neuron	FBbt:00111085	cell body rind of adult metathoracic neuromere
FBbt:00053153	mesothoracic extracoxal trochanter depressor muscle motor neuron	FBbt:00053152	extracoxal trochanter depressor muscle motor neuron	FBbt:00111084	cell body rind of adult mesothoracic neuromere
FBbt:00053154	metathoracic extracoxal trochanter depressor muscle motor neuron	FBbt:00053152	extracoxal trochanter depressor muscle motor neuron	FBbt:00111085	cell body rind of adult metathoracic neuromere
FBbt:00053157	prothoracic intracoxal trochanter depressor muscle motor neuron	FBbt:00053078	intracoxal trochanter depressor muscle motor neuron	FBbt:00111083	cell body rind of adult prothoracic neuromere
FBbt:00053158	mesothoracic intracoxal trochanter depressor muscle motor neuron	FBbt:00053078	intracoxal trochanter depressor muscle motor neuron	FBbt:00111084	cell body rind of adult mesothoracic neuromere
FBbt:00053159	metathoracic intracoxal trochanter depressor muscle motor neuron	FBbt:00053078	intracoxal trochanter depressor muscle motor neuron	FBbt:00111085	cell body rind of adult metathoracic neuromere
FBbt:00053160	prothoracic intracoxal trochanter levator muscle motor neuron	FBbt:00053068	intracoxal trochanter levator muscle motor neuron	FBbt:00111083	cell body rind of adult prothoracic neuromere
FBbt:00053161	mesothoracic intracoxal trochanter levator muscle motor neuron	FBbt:00053068	intracoxal trochanter levator muscle motor neuron	FBbt:00111084	cell body rind of adult mesothoracic neuromere
FBbt:00053162	metathoracic intracoxal trochanter levator muscle motor neuron	FBbt:00053068	intracoxal trochanter levator muscle motor neuron	FBbt:00111085	cell body rind of adult metathoracic neuromere
FBbt:00059271	CNS neuron	FBbt:00005106	neuron	FBbt:00005094	central nervous system
FBbt:00059272	PNS neuron	FBbt:00005106	neuron	FBbt:00005098	peripheral nervous system
FBbt:00100358	serotonergic SE neuron	FBbt:00005133	serotonergic neuron	FBbt:00051068	subesophageal zone
FBbt:00100360	serotonergic thoracic neuron	FBbt:00005133	serotonergic neuron	FBbt:00111026	thoracic neuromere
FBbt:00100535	dMP2 Ilp7 neuron of abdominal segment 6	FBbt:00100534	larval dMP2 Ilp7 neuron	FBbt:00051995	cell body rind of larval abdominal 6 neuromere
FBbt:00100536	dMP2 Ilp7 neuron of abdominal segment 7	FBbt:00100534	larval dMP2 Ilp7 neuron	FBbt:00051996	cell body rind of larval abdominal 7 neuromere
FBbt:00100537	dMP2 Ilp7 neuron of abdominal segment 8	FBbt:00100534	larval dMP2 Ilp7 neuron	FBbt:00051997	cell body rind of larval abdominal 8 neuromere
FBbt:00100538	dMP2 Ilp7 neuron of abdominal segment 9	FBbt:00100534	larval dMP2 Ilp7 neuron	FBbt:00051998	cell body rind of larval abdominal 9 neuromere
FBbt:00100759	abdominal 1 dopaminergic AM neuron	FBbt:00100390	larval dopaminergic AM neuron	FBbt:00051990	cell body rind of larval abdominal 1 neuromere
FBbt:00100760	abdominal 2 dopaminergic AM neuron	FBbt:00100390	larval dopaminergic AM neuron	FBbt:00051991	cell body rind of larval abdominal 2 neuromere
FBbt:00100761	abdominal 3 dopaminergic AM neuron	FBbt:00100390	larval dopaminergic AM neuron	FBbt:00051992	cell body rind of larval abdominal 3 neuromere
FBbt:00100762	abdominal 4 dopaminergic AM neuron	FBbt:00100390	larval dopaminergic AM neuron	FBbt:00051993	cell body rind of larval abdominal 4 neuromere
FBbt:00100763	abdominal 5 dopaminergic AM neuron	FBbt:00100390	larval dopaminergic AM neuron	FBbt:00051994	cell body rind of larval abdominal 5 neuromere
FBbt:00100764	abdominal 6 dopaminergic AM neuron	FBbt:00100390	larval dopaminergic AM neuron	FBbt:00051995	cell body rind of larval abdominal 6 neuromere
FBbt:00100765	abdominal 7 dopaminergic AM neuron	FBbt:00100390	larval dopaminergic AM neuron	FBbt:00051996	cell body rind of larval abdominal 7 neuromere
FBbt:00100770	abdominal 1 dopaminergic AL neuron	FBbt:00100769	larval dopaminergic AL neuron	FBbt:00051990	cell body rind of larval abdominal 1 neuromere
FBbt:00100771	abdominal 2 dopaminergic AL neuron	FBbt:00100769	larval dopaminergic AL neuron	FBbt:00051991	cell body rind of larval abdominal 2 neuromere
FBbt:00100772	abdominal 3 dopaminergic AL neuron	FBbt:00100769	larval dopaminergic AL neuron	FBbt:00051992	cell body rind of larval abdominal 3 neuromere
FBbt:00100773	abdominal 4 dopaminergic AL neuron	FBbt:00100769	larval dopaminergic AL neuron	FBbt:00051993	cell body rind of larval abdominal 4 neuromere
FBbt:00100774	abdominal 5 dopaminergic AL neuron	FBbt:00100769	larval dopaminergic AL neuron	FBbt:00051994	cell body rind of larval abdominal 5 neuromere
FBbt:00100775	abdominal 6 dopaminergic AL neuron	FBbt:00100769	larval dopaminergic AL neuron	FBbt:00051995	cell body rind of larval abdominal 6 neuromere
FBbt:00100776	abdominal 7 dopaminergic AL neuron	FBbt:00100769	larval dopaminergic AL neuron	FBbt:00051996	cell body rind of larval abdominal 7 neuromere
FBbt:00110962	serotonergic T3 neuron	FBbt:00005133	serotonergic neuron	FBbt:00004092	metathoracic neuromere
FBbt:00110963	larval serotonergic T3 neuron	FBbt:00005133	serotonergic neuron	FBbt:00051989	cell body rind of larval metathoracic neuromere
FBbt:00110964	adult serotonergic T3 neuron	FBbt:00005133	serotonergic neuron	FBbt:00111085	cell body rind of adult metathoracic neuromere
FBbt:00110965	serotonergic T2 neuron	FBbt:00005133	serotonergic neuron	FBbt:00004059	mesothoracic neuromere
FBbt:00110966	larval serotonergic T2 neuron	FBbt:00005133	serotonergic neuron	FBbt:00051988	cell body rind of larval mesothoracic neuromere
FBbt:00110967	adult serotonergic T2 neuron	FBbt:00005133	serotonergic neuron	FBbt:00111084	cell body rind of adult mesothoracic neuromere
FBbt:00110968	serotonergic T1 neuron	FBbt:00005133	serotonergic neuron	FBbt:00004054	prothoracic neuromere
FBbt:00110969	larval serotonergic T1 neuron	FBbt:00005133	serotonergic neuron	FBbt:00051987	cell body rind of larval prothoracic neuromere
FBbt:00110970	adult serotonergic T1 neuron	FBbt:00005133	serotonergic neuron	FBbt:00111083	cell body rind of adult prothoracic neuromere
FBbt:00110975	larval serotonergic abdominal neuron	FBbt:00005133	serotonergic neuron	FBbt:00111264	cell body rind of larval abdominal neuromere
FBbt:00111233	larval A00c-a4 neuron	FBbt:00047682	larval A00c neuron	FBbt:00051993	cell body rind of larval abdominal 4 neuromere
FBbt:00111234	larval A00c-a5 neuron	FBbt:00047682	larval A00c neuron	FBbt:00051994	cell body rind of larval abdominal 5 neuromere
FBbt:00111235	larval A00c-a6 neuron	FBbt:00047682	larval A00c neuron	FBbt:00051995	cell body rind of larval abdominal 6 neuromere
