defined_class	defined_class_label	neuroblast	neuroblast_label	cluster	cluster_label	sex	sex_label	neuron	neuron_label	fruitless	soma_location	soma_location_label
FBbt:00047221	adult fruitless mSG neuron							FBbt:00047095	adult neuron	http://flybase.org/reports/FBgn0004652	FBbt:00051025	cell body rind of adult ventral gnathal ganglion
FBbt:00047249	adult fruitless pSG3 neuron							FBbt:00047095	adult neuron	http://flybase.org/reports/FBgn0004652	FBbt:00100210	cell body rind of adult gnathal ganglion
FBbt:00049909	adult fruitless aSP-g neuron			FBbt:00049715	adult fruitless aSP-g lineage clone			FBbt:00047095	adult neuron	http://flybase.org/reports/FBgn0004652	FBbt:00111151|FBbt:00052048	adult anterior brain cell body rind|cell body rind of adult protocerebrum
FBbt:00051305	adult fruitless aSP-f neuron			FBbt:00051306	adult fruitless aSP-f lineage clone			FBbt:00047095	adult neuron	http://flybase.org/reports/FBgn0004652	FBbt:00048470	cell body rind of adult anterior optic tubercle
FBbt:00052690								FBbt:00110483	adult fruitless pIP-c neuron	http://flybase.org/reports/FBgn0004652	FBbt:00100201	adult lateral brain cell body rind
FBbt:00052691		FBbt:00100612	neuroblast BLAv1					FBbt:00047095	adult neuron	http://flybase.org/reports/FBgn0004652	FBbt:00100209	cell body rind of adult anterior ventrolateral protocerebrum
FBbt:00052692		FBbt:00067347	neuroblast ALl1					FBbt:00047095	adult neuron	http://flybase.org/reports/FBgn0004652	FBbt:00111151	adult anterior brain cell body rind
FBbt:00110415	adult fruitless aDT-a neuron	FBbt:00067346	neuroblast ALad1	FBbt:00110414	adult fruitless aDT-a lineage clone			FBbt:00047095	adult neuron	http://flybase.org/reports/FBgn0004652	FBbt:00051000	cell body rind of adult anterodorsal antennal lobe
FBbt:00110417	adult fruitless aDT-b (female) neuron	FBbt:00050148	neuroblast CREa1 (female)	FBbt:00110416	adult fruitless aDT-b (female) lineage clone	FBbt:00007011	female organism	FBbt:00047095	adult neuron	http://flybase.org/reports/FBgn0004652	FBbt:00051000	cell body rind of adult anterodorsal antennal lobe
FBbt:00110419	adult fruitless aDT-c neuron			FBbt:00110418	adult fruitless aDT-c lineage clone			FBbt:00047095	adult neuron	http://flybase.org/reports/FBgn0004652	FBbt:00111151	adult anterior brain cell body rind
FBbt:00110421	adult fruitless aDT-d (female) neuron			FBbt:00110420	adult fruitless aDT-d (female) lineage clone	FBbt:00007011	female organism	FBbt:00047095	adult neuron	http://flybase.org/reports/FBgn0004652	FBbt:00111151	adult anterior brain cell body rind
FBbt:00110423	adult fruitless aDT-e (female) neuron	FBbt:00067347	neuroblast ALl1	FBbt:00110422	adult fruitless aDT-e (female) lineage clone	FBbt:00007011	female organism	FBbt:00052692		http://flybase.org/reports/FBgn0004652	FBbt:00111151	adult anterior brain cell body rind
FBbt:00110425	adult fruitless aDT-f neuron	FBbt:00067348	neuroblast ALv1	FBbt:00110424	adult fruitless aDT-f lineage clone			FBbt:00047095	adult neuron	http://flybase.org/reports/FBgn0004652	FBbt:00111151	adult anterior brain cell body rind
FBbt:00110427	adult fruitless aDT-g neuron	FBbt:00100563	neuroblast BAlp1	FBbt:00110426	adult fruitless aDT-g lineage clone			FBbt:00047095	adult neuron	http://flybase.org/reports/FBgn0004652	FBbt:00051003	cell body rind of adult ventral antennal lobe
FBbt:00110429	adult fruitless aDT-h neuron	FBbt:00100556	neuroblast BAmas2	FBbt:00110428	adult fruitless aDT-h lineage clone			FBbt:00047095	adult neuron	http://flybase.org/reports/FBgn0004652	FBbt:00111151|FBbt:00049781	adult anterior brain cell body rind|cell body rind of adult subesophageal zone
FBbt:00110431	adult fruitless aIP-a neuron	FBbt:00050133	neuroblast VLPa2	FBbt:00110430	adult fruitless aIP-a lineage clone			FBbt:00047095	adult neuron	http://flybase.org/reports/FBgn0004652	FBbt:00111151	adult anterior brain cell body rind
FBbt:00110433	adult fruitless aIP-b (female) neuron	FBbt:00050157	neuroblast VLPa1	FBbt:00110432	adult fruitless aIP-b (female) lineage clone	FBbt:00007011	female organism	FBbt:00047095	adult neuron	http://flybase.org/reports/FBgn0004652	FBbt:00111151	adult anterior brain cell body rind
FBbt:00110435	adult fruitless aIP-c (female) neuron	FBbt:00100612	neuroblast BLAv1	FBbt:00110434	adult fruitless aIP-c (female) lineage clone	FBbt:00007011	female organism	FBbt:00052691		http://flybase.org/reports/FBgn0004652	FBbt:00100209	cell body rind of adult anterior ventrolateral protocerebrum
FBbt:00110437	adult fruitless aIP-d (female) neuron			FBbt:00110436	adult fruitless aIP-d (female) lineage clone	FBbt:00007011	female organism	FBbt:00047095	adult neuron	http://flybase.org/reports/FBgn0004652	FBbt:00100201	adult lateral brain cell body rind
FBbt:00110439	adult fruitless aIP-e (female) neuron	FBbt:00100613	neuroblast BLAv2	FBbt:00110438	adult fruitless aIP-e (female) lineage clone	FBbt:00007011	female organism	FBbt:00047095	adult neuron	http://flybase.org/reports/FBgn0004652	FBbt:00051012	cell body rind of adult lateral lateral horn
FBbt:00110441	adult fruitless aIP-f neuron	FBbt:00050012	neuroblast VPNl&d1	FBbt:00110440	adult fruitless aIP-f lineage clone			FBbt:00047095	adult neuron	http://flybase.org/reports/FBgn0004652	FBbt:00111151	adult anterior brain cell body rind
FBbt:00110443	adult fruitless aIP-g (female) neuron	FBbt:00049157	neuroblast BLVp2	FBbt:00110442	adult fruitless aIP-g (female) lineage clone	FBbt:00007011	female organism	FBbt:00047095	adult neuron	http://flybase.org/reports/FBgn0004652	FBbt:00100201	adult lateral brain cell body rind
FBbt:00110445	adult fruitless aIP-h neuron	FBbt:00100565	neuroblast BAlp3	FBbt:00110444	adult fruitless aIP-h lineage clone			FBbt:00047095	adult neuron	http://flybase.org/reports/FBgn0004652	FBbt:00111151	adult anterior brain cell body rind
FBbt:00110447	adult fruitless aSG-a neuron			FBbt:00110446	adult fruitless aSG-a lineage clone			FBbt:00047095	adult neuron	http://flybase.org/reports/FBgn0004652	FBbt:00100210	cell body rind of adult gnathal ganglion
FBbt:00110449	adult fruitless aSP-a (female) neuron	FBbt:00050041	neuroblast SMPad1 (female)	FBbt:00110448	adult fruitless aSP-a (female) lineage clone	FBbt:00007011	female organism	FBbt:00047095	adult neuron	http://flybase.org/reports/FBgn0004652	FBbt:00003700	adult pars intercerebralis
FBbt:00110451	adult fruitless aSP-b (female) neuron	FBbt:00050201	neuroblast SMPad2	FBbt:00110450	adult fruitless aSP-b (female) lineage clone	FBbt:00007011	female organism	FBbt:00047095	adult neuron	http://flybase.org/reports/FBgn0004652	FBbt:00003700	adult pars intercerebralis
FBbt:00110453	adult fruitless aSP-c neuron	FBbt:00110411	neuroblast SMPad4	FBbt:00110452	adult fruitless aSP-c lineage clone			FBbt:00047095	adult neuron	http://flybase.org/reports/FBgn0004652	FBbt:00111151	adult anterior brain cell body rind
FBbt:00110455	adult fruitless aSP-d neuron	FBbt:00100548	neuroblast DALcm1	FBbt:00110454	adult fruitless aSP-d lineage clone			FBbt:00047095	adult neuron	http://flybase.org/reports/FBgn0004652	FBbt:00111151	adult anterior brain cell body rind
FBbt:00110457	adult fruitless aSP-e neuron			FBbt:00110456	adult fruitless aSP-e lineage clone			FBbt:00047095	adult neuron	http://flybase.org/reports/FBgn0004652	FBbt:00100308	adult superior brain cell body rind
FBbt:00110463	adult fruitless aSP-h (female) neuron	FBbt:00100592	neuroblast DPLal2	FBbt:00110462	adult fruitless aSP-h (female) lineage clone	FBbt:00007011	female organism	FBbt:00047095	adult neuron	http://flybase.org/reports/FBgn0004652	FBbt:00111151|FBbt:00052048	adult anterior brain cell body rind|cell body rind of adult protocerebrum
FBbt:00110465	adult fruitless aSP-i (female) neuron	FBbt:00100545	neuroblast DALcl1	FBbt:00110464	adult fruitless aSP-i (female) lineage clone	FBbt:00007011	female organism	FBbt:00047095	adult neuron	http://flybase.org/reports/FBgn0004652	FBbt:00051006	cell body rind of adult ventral anterior optic tubercle
FBbt:00110467	adult fruitless aSP-j neuron	FBbt:00100546	neuroblast DALcl2	FBbt:00110466	adult fruitless aSP-j lineage clone			FBbt:00047095	adult neuron	http://flybase.org/reports/FBgn0004652	FBbt:00111151	adult anterior brain cell body rind
FBbt:00110469	adult fruitless aSP-k (female) neuron			FBbt:00110468	adult fruitless aSP-k (female) lineage clone	FBbt:00007011	female organism	FBbt:00047095	adult neuron	http://flybase.org/reports/FBgn0004652	FBbt:00051012	cell body rind of adult lateral lateral horn
FBbt:00110471	adult fruitless aSP-l neuron	FBbt:00050237	neuroblast SLPav2	FBbt:00110470	adult fruitless aSP-l lineage clone			FBbt:00047095	adult neuron	http://flybase.org/reports/FBgn0004652	FBbt:00007647	cell body rind of adult lateral horn
FBbt:00110473	adult fruitless aSP-m neuron	FBbt:00050003	neuroblast SLPa&l1	FBbt:00110472	adult fruitless aSP-m lineage clone			FBbt:00047095	adult neuron	http://flybase.org/reports/FBgn0004652	FBbt:00111151	adult anterior brain cell body rind
FBbt:00110475	adult fruitless Lo neuron	FBbt:00052344	optic neuroblast	FBbt:00110474	adult fruitless Lo lineage clone			FBbt:00047095	adult neuron	http://flybase.org/reports/FBgn0004652	FBbt:00051036	cell body rind of adult posterior lobula plate
FBbt:00110477	adult fruitless M neuron	FBbt:00052344	optic neuroblast	FBbt:00110476	adult fruitless M lineage clone			FBbt:00047095	adult neuron	http://flybase.org/reports/FBgn0004652	FBbt:00051043	cell body rind of adult ventral medulla
FBbt:00110479	adult fruitless pIP-a (female) neuron	FBbt:00100610	neuroblast CP3	FBbt:00110478	adult fruitless pIP-a (female) lineage clone	FBbt:00007011	female organism	FBbt:00047095	adult neuron	http://flybase.org/reports/FBgn0004652	FBbt:00111153	adult posterior brain cell body rind
FBbt:00110481	adult fruitless pIP-b neuron	FBbt:00050249	neuroblast VPNp1	FBbt:00110480	adult fruitless pIP-b lineage clone			FBbt:00047095	adult neuron	http://flybase.org/reports/FBgn0004652	FBbt:00100201	adult lateral brain cell body rind
FBbt:00110483	adult fruitless pIP-c neuron	FBbt:00100626	neuroblast BLP2	FBbt:00110482	adult fruitless pIP-c lineage clone			FBbt:00047095	adult neuron	http://flybase.org/reports/FBgn0004652	FBbt:00100201	adult lateral brain cell body rind
FBbt:00110485	adult fruitless pIP-d neuron	FBbt:00110383	neuroblast VPNd2	FBbt:00110484	adult fruitless pIP-d lineage clone			FBbt:00047095	adult neuron	http://flybase.org/reports/FBgn0004652	FBbt:00100201	adult lateral brain cell body rind
FBbt:00110487	adult fruitless pIP-e (female) neuron	FBbt:00100609	neuroblast CP2	FBbt:00110486	adult fruitless pIP-e (female) lineage clone	FBbt:00007011	female organism	FBbt:00047095	adult neuron	http://flybase.org/reports/FBgn0004652	FBbt:00111153	adult posterior brain cell body rind
FBbt:00110489	adult fruitless pIP-f neuron			FBbt:00110488	adult fruitless pIP-f lineage clone			FBbt:00047095	adult neuron	http://flybase.org/reports/FBgn0004652	FBbt:00100213	cell body rind of adult inferior neuropils
FBbt:00110491	adult fruitless pIP-g neuron	FBbt:00050059	neuroblast DM5	FBbt:00110490	adult fruitless pIP-g lineage clone			FBbt:00047095	adult neuron	http://flybase.org/reports/FBgn0004652	FBbt:00111153	adult posterior brain cell body rind
FBbt:00110493	adult fruitless pIP-h (female) neuron	FBbt:00052687	DM6 secondary intermediate neural progenitor 1	FBbt:00110492	adult fruitless pIP-h (female) lineage clone	FBbt:00007011	female organism	FBbt:00110509	adult fruitless pMP-f (female) neuron	http://flybase.org/reports/FBgn0004652	FBbt:00111153	adult posterior brain cell body rind
FBbt:00110495	adult fruitless pIP-i neuron			FBbt:00110494	adult fruitless pIP-i lineage clone			FBbt:00047095	adult neuron	http://flybase.org/reports/FBgn0004652	FBbt:00100213	cell body rind of adult inferior neuropils
FBbt:00110497	adult fruitless pIP-j neuron	FBbt:00052688	DM5 secondary intermediate neural progenitor 1	FBbt:00110496	adult fruitless pIP-j lineage clone			FBbt:00110491	adult fruitless pIP-g neuron	http://flybase.org/reports/FBgn0004652	FBbt:00100213	cell body rind of adult inferior neuropils
FBbt:00110499	adult fruitless pMP-a (female) neuron	FBbt:00050018	neuroblast DM1	FBbt:00110498	adult fruitless pMP-a (female) lineage clone	FBbt:00007011	female organism	FBbt:00047095	adult neuron	http://flybase.org/reports/FBgn0004652	FBbt:00111153	adult posterior brain cell body rind
FBbt:00110501	adult fruitless pMP-b (female) neuron	FBbt:00050121	neuroblast DM2	FBbt:00110500	adult fruitless pMP-b (female) lineage clone	FBbt:00007011	female organism	FBbt:00047095	adult neuron	http://flybase.org/reports/FBgn0004652	FBbt:00111153	adult posterior brain cell body rind
FBbt:00110503	adult fruitless pMP-c (female) neuron			FBbt:00110502	adult fruitless pMP-c (female) lineage clone	FBbt:00007011	female organism	FBbt:00047095	adult neuron	http://flybase.org/reports/FBgn0004652	FBbt:00111153	adult posterior brain cell body rind
FBbt:00110505	adult fruitless pMP-d neuron			FBbt:00110504	adult fruitless pMP-d lineage clone			FBbt:00047095	adult neuron	http://flybase.org/reports/FBgn0004652	FBbt:00111153	adult posterior brain cell body rind
FBbt:00110507	adult fruitless pMP-e (female) neuron	FBbt:00050252	neuroblast DM4	FBbt:00110506	adult fruitless pMP-e (female) lineage clone	FBbt:00007011	female organism	FBbt:00047095	adult neuron	http://flybase.org/reports/FBgn0004652	FBbt:00100213	cell body rind of adult inferior neuropils
FBbt:00110509	adult fruitless pMP-f (female) neuron	FBbt:00050142	neuroblast DM6	FBbt:00110508	adult fruitless pMP-f (female) lineage clone	FBbt:00007011	female organism	FBbt:00047095	adult neuron	http://flybase.org/reports/FBgn0004652	FBbt:00111153	adult posterior brain cell body rind
FBbt:00110511	adult fruitless pMP-g neuron			FBbt:00110510	adult fruitless pMP-g lineage clone			FBbt:00047095	adult neuron	http://flybase.org/reports/FBgn0004652	FBbt:00111153	adult posterior brain cell body rind
FBbt:00110513	adult fruitless pSG-a neuron			FBbt:00110512	adult fruitless pSG-a lineage clone			FBbt:00047095	adult neuron	http://flybase.org/reports/FBgn0004652	FBbt:00051024	cell body rind of adult lateral gnathal ganglion
FBbt:00110515	adult fruitless pSG-b neuron			FBbt:00110514	adult fruitless pSG-b lineage clone			FBbt:00047095	adult neuron	http://flybase.org/reports/FBgn0004652	FBbt:00100210	cell body rind of adult gnathal ganglion
FBbt:00110517	adult fruitless pSG-c neuron			FBbt:00110516	adult fruitless pSG-c lineage clone			FBbt:00047095	adult neuron	http://flybase.org/reports/FBgn0004652	FBbt:00051024	cell body rind of adult lateral gnathal ganglion
FBbt:00110519	adult fruitless pSG-d neuron			FBbt:00110518	adult fruitless pSG-d lineage clone			FBbt:00047095	adult neuron	http://flybase.org/reports/FBgn0004652	FBbt:00051025	cell body rind of adult ventral gnathal ganglion
FBbt:00110521	adult fruitless pSG-e neuron			FBbt:00110520	adult fruitless pSG-e lineage clone			FBbt:00047095	adult neuron	http://flybase.org/reports/FBgn0004652	FBbt:00051025	cell body rind of adult ventral gnathal ganglion
FBbt:00110523	adult fruitless pSP-a neuron	FBbt:00100595	neuroblast DPLc1	FBbt:00110522	adult fruitless pSP-a lineage clone			FBbt:00047095	adult neuron	http://flybase.org/reports/FBgn0004652	FBbt:00111153	adult posterior brain cell body rind
FBbt:00110525	adult fruitless pSP-b (female) neuron	FBbt:00100600	neuroblast DPLl1	FBbt:00110524	adult fruitless pSP-b (female) lineage clone	FBbt:00007011	female organism	FBbt:00047095	adult neuron	http://flybase.org/reports/FBgn0004652	FBbt:00111153	adult posterior brain cell body rind
FBbt:00110527	adult fruitless pSP-c neuron			FBbt:00110526	adult fruitless pSP-c lineage clone			FBbt:00047095	adult neuron	http://flybase.org/reports/FBgn0004652	FBbt:00111153	adult posterior brain cell body rind
FBbt:00110529	adult fruitless aIP5 neuron			FBbt:00110528	adult fruitless aIP5 lineage clone			FBbt:00047095	adult neuron	http://flybase.org/reports/FBgn0004652	FBbt:00051008	cell body rind of adult lateral anterior ventrolateral protocerebrum
FBbt:00110531	adult fruitless pSP-d neuron			FBbt:00110530	adult fruitless pSP-d lineage clone			FBbt:00047095	adult neuron	http://flybase.org/reports/FBgn0004652	FBbt:00111153	adult posterior brain cell body rind
FBbt:00110533	adult fruitless pSP-e neuron			FBbt:00110532	adult fruitless pSP-e lineage clone			FBbt:00047095	adult neuron	http://flybase.org/reports/FBgn0004652	FBbt:00111153	adult posterior brain cell body rind
FBbt:00110535	adult fruitless pSP-f neuron			FBbt:00110534	adult fruitless pSP-f lineage clone			FBbt:00047095	adult neuron	http://flybase.org/reports/FBgn0004652	FBbt:00111153	adult posterior brain cell body rind
FBbt:00110537	adult fruitless aDT1 neuron			FBbt:00110536	adult fruitless aDT1 lineage clone			FBbt:00047095	adult neuron	http://flybase.org/reports/FBgn0004652	FBbt:00100211	cell body rind of adult antennal lobe
FBbt:00110539	adult fruitless aDT4 neuron			FBbt:00110538	adult fruitless aDT4 lineage clone			FBbt:00047095	adult neuron	http://flybase.org/reports/FBgn0004652	FBbt:00051003	cell body rind of adult ventral antennal lobe
FBbt:00110541	adult fruitless aDT7 neuron	FBbt:00100563	neuroblast BAlp1	FBbt:00110540	adult fruitless aDT7 lineage clone			FBbt:00047095	adult neuron	http://flybase.org/reports/FBgn0004652	FBbt:00051003	cell body rind of adult ventral antennal lobe
FBbt:00110543	adult fruitless aDT8 neuron			FBbt:00110542	adult fruitless aDT8 lineage clone			FBbt:00047095	adult neuron	http://flybase.org/reports/FBgn0004652	FBbt:00111151	adult anterior brain cell body rind
FBbt:00110545	adult fruitless aIP2 neuron			FBbt:00110544	adult fruitless aIP2 lineage clone			FBbt:00047095	adult neuron	http://flybase.org/reports/FBgn0004652	FBbt:00100209	cell body rind of adult anterior ventrolateral protocerebrum
FBbt:00110547	adult fruitless aIP3 neuron			FBbt:00110546	adult fruitless aIP3 lineage clone			FBbt:00047095	adult neuron	http://flybase.org/reports/FBgn0004652	FBbt:00100209	cell body rind of adult anterior ventrolateral protocerebrum
FBbt:00110551	adult fruitless pIP2 neuron			FBbt:00110550	adult fruitless pIP2 lineage clone			FBbt:00047095	adult neuron	http://flybase.org/reports/FBgn0004652	FBbt:00111153	adult posterior brain cell body rind
FBbt:00110553	adult fruitless aSP3 neuron			FBbt:00110552	adult fruitless aSP3 lineage clone			FBbt:00047095	adult neuron	http://flybase.org/reports/FBgn0004652	FBbt:00111151|FBbt:00052048	adult anterior brain cell body rind|cell body rind of adult protocerebrum
FBbt:00110555	adult fruitless aSP4 (male) neuron			FBbt:00110554	adult fruitless aSP4 (male) lineage clone	FBbt:00007004	male organism	FBbt:00047095	adult neuron	http://flybase.org/reports/FBgn0004652	FBbt:00111151|FBbt:00052048	adult anterior brain cell body rind|cell body rind of adult protocerebrum
FBbt:00110557	adult fruitless pIP4 neuron			FBbt:00110556	adult fruitless pIP4 lineage clone			FBbt:00047095	adult neuron	http://flybase.org/reports/FBgn0004652	FBbt:00100213	cell body rind of adult inferior neuropils
FBbt:00110573	adult fruitless aIP-i neuron			FBbt:00110572	adult fruitless aIP-i lineage clone			FBbt:00047095	adult neuron	http://flybase.org/reports/FBgn0004652	FBbt:00100209	cell body rind of adult anterior ventrolateral protocerebrum
FBbt:00110575	adult fruitless Mb neuron			FBbt:00110574	adult fruitless Mb lineage clone			FBbt:00047095	adult neuron	http://flybase.org/reports/FBgn0004652	FBbt:00007112	cell body rind of adult mushroom body calyx
FBbt:00110579	adult fruitless aDT-b (male) neuron	FBbt:00050246	neuroblast CREa1 (male)	FBbt:00110578	adult fruitless aDT-b (male) lineage clone	FBbt:00007004	male organism	FBbt:00047095	adult neuron	http://flybase.org/reports/FBgn0004652	FBbt:00051000	cell body rind of adult anterodorsal antennal lobe
FBbt:00110581	adult fruitless aDT-d (male) neuron			FBbt:00110580	adult fruitless aDT-d (male) lineage clone	FBbt:00007004	male organism	FBbt:00047095	adult neuron	http://flybase.org/reports/FBgn0004652	FBbt:00111151	adult anterior brain cell body rind
FBbt:00110583	adult fruitless aDT-e (male) neuron	FBbt:00067347	neuroblast ALl1	FBbt:00110582	adult fruitless aDT-e (male) lineage clone	FBbt:00007004	male organism	FBbt:00052692		http://flybase.org/reports/FBgn0004652	FBbt:00111151	adult anterior brain cell body rind
FBbt:00110585	adult fruitless aIP-b (male) neuron	FBbt:00050157	neuroblast VLPa1	FBbt:00110584	adult fruitless aIP-b (male) lineage clone	FBbt:00007004	male organism	FBbt:00047095	adult neuron	http://flybase.org/reports/FBgn0004652	FBbt:00111151	adult anterior brain cell body rind
FBbt:00110587	adult fruitless aIP-c (male) neuron	FBbt:00100612	neuroblast BLAv1	FBbt:00110586	adult fruitless aIP-c (male) lineage clone	FBbt:00007004	male organism	FBbt:00052691		http://flybase.org/reports/FBgn0004652	FBbt:00100209	cell body rind of adult anterior ventrolateral protocerebrum
FBbt:00110589	adult fruitless aIP-d (male) neuron			FBbt:00110588	adult fruitless aIP-d (male) lineage clone	FBbt:00007004	male organism	FBbt:00047095	adult neuron	http://flybase.org/reports/FBgn0004652	FBbt:00100201	adult lateral brain cell body rind
FBbt:00110591	adult fruitless aIP-e (male) neuron	FBbt:00100613	neuroblast BLAv2	FBbt:00110590	adult fruitless aIP-e (male) lineage clone	FBbt:00007004	male organism	FBbt:00047095	adult neuron	http://flybase.org/reports/FBgn0004652	FBbt:00051012	cell body rind of adult lateral lateral horn
FBbt:00110593	adult fruitless aIP-g (male) neuron	FBbt:00049157	neuroblast BLVp2	FBbt:00110592	adult fruitless aIP-g (male) lineage clone	FBbt:00007004	male organism	FBbt:00047095	adult neuron	http://flybase.org/reports/FBgn0004652	FBbt:00100201	adult lateral brain cell body rind
FBbt:00110595	adult fruitless aSP-a (male) neuron	FBbt:00050243	neuroblast SMPad1 (male)	FBbt:00110594	adult fruitless aSP-a (male) lineage clone	FBbt:00007004	male organism	FBbt:00047095	adult neuron	http://flybase.org/reports/FBgn0004652	FBbt:00003700	adult pars intercerebralis
FBbt:00110597	adult fruitless aSP-b (male) neuron	FBbt:00050201	neuroblast SMPad2	FBbt:00110596	adult fruitless aSP-b (male) lineage clone	FBbt:00007004	male organism	FBbt:00047095	adult neuron	http://flybase.org/reports/FBgn0004652	FBbt:00003700	adult pars intercerebralis
FBbt:00110603	adult fruitless aSP-h (male) neuron	FBbt:00100592	neuroblast DPLal2	FBbt:00110602	adult fruitless aSP-h (male) lineage clone	FBbt:00007004	male organism	FBbt:00047095	adult neuron	http://flybase.org/reports/FBgn0004652	FBbt:00111151|FBbt:00052048	adult anterior brain cell body rind|cell body rind of adult protocerebrum
FBbt:00110605	adult fruitless aSP-i (male) neuron	FBbt:00100545	neuroblast DALcl1	FBbt:00110604	adult fruitless aSP-i (male) lineage clone	FBbt:00007004	male organism	FBbt:00047095	adult neuron	http://flybase.org/reports/FBgn0004652	FBbt:00051006	cell body rind of adult ventral anterior optic tubercle
FBbt:00110607	adult fruitless aSP-k (male) neuron			FBbt:00110606	adult fruitless aSP-k (male) lineage clone	FBbt:00007004	male organism	FBbt:00047095	adult neuron	http://flybase.org/reports/FBgn0004652	FBbt:00051012	cell body rind of adult lateral lateral horn
FBbt:00110609	adult fruitless pIP-a (male) neuron	FBbt:00100610	neuroblast CP3	FBbt:00110608	adult fruitless pIP-a (male) lineage clone	FBbt:00007004	male organism	FBbt:00047095	adult neuron	http://flybase.org/reports/FBgn0004652	FBbt:00111153	adult posterior brain cell body rind
FBbt:00110611	adult fruitless pIP-e (male) neuron	FBbt:00100609	neuroblast CP2	FBbt:00110610	adult fruitless pIP-e (male) lineage clone	FBbt:00007004	male organism	FBbt:00047095	adult neuron	http://flybase.org/reports/FBgn0004652	FBbt:00111153	adult posterior brain cell body rind
FBbt:00110613	adult fruitless pIP-h (male) neuron	FBbt:00052687	DM6 secondary intermediate neural progenitor 1	FBbt:00110612	adult fruitless pIP-h (male) lineage clone	FBbt:00007004	male organism	FBbt:00110623	adult fruitless pMP-f (male) neuron	http://flybase.org/reports/FBgn0004652	FBbt:00111153	adult posterior brain cell body rind
FBbt:00110615	adult fruitless pMP-a (male) neuron	FBbt:00050018	neuroblast DM1	FBbt:00110614	adult fruitless pMP-a (male) lineage clone	FBbt:00007004	male organism	FBbt:00047095	adult neuron	http://flybase.org/reports/FBgn0004652	FBbt:00111153	adult posterior brain cell body rind
FBbt:00110617	adult fruitless pMP-b (male) neuron	FBbt:00050121	neuroblast DM2	FBbt:00110616	adult fruitless pMP-b (male) lineage clone	FBbt:00007004	male organism	FBbt:00047095	adult neuron	http://flybase.org/reports/FBgn0004652	FBbt:00111153	adult posterior brain cell body rind
FBbt:00110619	adult fruitless pMP-c (male) neuron			FBbt:00110618	adult fruitless pMP-c (male) lineage clone	FBbt:00007004	male organism	FBbt:00047095	adult neuron	http://flybase.org/reports/FBgn0004652	FBbt:00111153	adult posterior brain cell body rind
FBbt:00110621	adult fruitless P1 (male) neuron	FBbt:00050252	neuroblast DM4	FBbt:00110620	adult fruitless P1 (male) lineage clone	FBbt:00007004	male organism	FBbt:00047095	adult neuron	http://flybase.org/reports/FBgn0004652	FBbt:00111153	adult posterior brain cell body rind
FBbt:00110623	adult fruitless pMP-f (male) neuron	FBbt:00050142	neuroblast DM6	FBbt:00110622	adult fruitless pMP-f (male) lineage clone	FBbt:00007004	male organism	FBbt:00047095	adult neuron	http://flybase.org/reports/FBgn0004652	FBbt:00111153	adult posterior brain cell body rind
FBbt:00110625	adult fruitless pSP-b (male) neuron	FBbt:00100600	neuroblast DPLl1	FBbt:00110624	adult fruitless pSP-b (male) lineage clone	FBbt:00007004	male organism	FBbt:00047095	adult neuron	http://flybase.org/reports/FBgn0004652	FBbt:00111153	adult posterior brain cell body rind
FBbt:00110850	adult fruitless vAB3 (female) neuron			FBbt:00110849	adult fruitless vAB3 (female) lineage clone	FBbt:00007011	female organism	FBbt:00047095	adult neuron	http://flybase.org/reports/FBgn0004652	FBbt:00111086	cell body rind of adult abdominal neuromere
FBbt:00110852	adult fruitless vAB3 (male) neuron			FBbt:00110851	adult fruitless vAB3 (male) lineage clone	FBbt:00007004	male organism	FBbt:00047095	adult neuron	http://flybase.org/reports/FBgn0004652	FBbt:00111086	cell body rind of adult abdominal neuromere
FBbt:00110854	adult fruitless pIP10 (male) neuron			FBbt:00110853	adult fruitless pIP10 (male) lineage clone			FBbt:00047095	adult neuron	http://flybase.org/reports/FBgn0004652	FBbt:00003625	adult brain cell body rind
FBbt:00110856	adult fruitless dPR1 neuron			FBbt:00110855	adult fruitless dPR1 lineage clone			FBbt:00047095	adult neuron	http://flybase.org/reports/FBgn0004652	FBbt:00111083	cell body rind of adult prothoracic neuromere
FBbt:00110858	adult fruitless vPR1 neuron			FBbt:00110857	adult fruitless vPR1 lineage clone			FBbt:00047095	adult neuron	http://flybase.org/reports/FBgn0004652	FBbt:00111083	cell body rind of adult prothoracic neuromere
FBbt:00110860	adult fruitless vPR6 (male) neuron	FBbt:00001398	neuroblast NB6-1	FBbt:00110859	adult fruitless vPR6 (male) lineage clone	FBbt:00007004	male organism	FBbt:00047095	adult neuron	http://flybase.org/reports/FBgn0004652	FBbt:00111083	cell body rind of adult prothoracic neuromere
FBbt:00111087	adult fruitless dAB1 neuron			FBbt:00111148	adult fruitless dAB1 lineage clone			FBbt:00047095	adult neuron	http://flybase.org/reports/FBgn0004652	FBbt:00111086	cell body rind of adult abdominal neuromere
FBbt:00111089	adult fruitless dAB2 neuron			FBbt:00111088	adult fruitless dAB2 lineage clone			FBbt:00047095	adult neuron	http://flybase.org/reports/FBgn0004652	FBbt:00111086	cell body rind of adult abdominal neuromere
FBbt:00111091	adult fruitless dAB3 neuron			FBbt:00111090	adult fruitless dAB3 lineage clone			FBbt:00047095	adult neuron	http://flybase.org/reports/FBgn0004652	FBbt:00111086	cell body rind of adult abdominal neuromere
FBbt:00111093	adult fruitless dMS1 neuron			FBbt:00111092	adult fruitless dMS1 lineage clone			FBbt:00047095	adult neuron	http://flybase.org/reports/FBgn0004652	FBbt:00111084	cell body rind of adult mesothoracic neuromere
FBbt:00111095	adult fruitless dMS2 neuron			FBbt:00111094	adult fruitless dMS2 lineage clone			FBbt:00047095	adult neuron	http://flybase.org/reports/FBgn0004652	FBbt:00111084	cell body rind of adult mesothoracic neuromere
FBbt:00111097	adult fruitless dMS3 neuron			FBbt:00111096	adult fruitless dMS3 lineage clone			FBbt:00047095	adult neuron	http://flybase.org/reports/FBgn0004652	FBbt:00111084	cell body rind of adult mesothoracic neuromere
FBbt:00111099	adult fruitless dMS4 neuron			FBbt:00111098	adult fruitless dMS4 lineage clone			FBbt:00047095	adult neuron	http://flybase.org/reports/FBgn0004652	FBbt:00111084	cell body rind of adult mesothoracic neuromere
FBbt:00111101	adult fruitless dMS5 neuron			FBbt:00111100	adult fruitless dMS5 lineage clone			FBbt:00047095	adult neuron	http://flybase.org/reports/FBgn0004652	FBbt:00111084	cell body rind of adult mesothoracic neuromere
FBbt:00111103	adult fruitless dMS6 neuron			FBbt:00111102	adult fruitless dMS6 lineage clone			FBbt:00047095	adult neuron	http://flybase.org/reports/FBgn0004652	FBbt:00111084	cell body rind of adult mesothoracic neuromere
FBbt:00111105	adult fruitless dMT1 neuron			FBbt:00111104	adult fruitless dMT1 lineage clone			FBbt:00047095	adult neuron	http://flybase.org/reports/FBgn0004652	FBbt:00111085	cell body rind of adult metathoracic neuromere
FBbt:00111107	adult fruitless vAB1 neuron			FBbt:00111106	adult fruitless vAB1 lineage clone			FBbt:00047095	adult neuron	http://flybase.org/reports/FBgn0004652	FBbt:00111086	cell body rind of adult abdominal neuromere
FBbt:00111109	adult fruitless vAB2 neuron			FBbt:00111108	adult fruitless vAB2 lineage clone			FBbt:00047095	adult neuron	http://flybase.org/reports/FBgn0004652	FBbt:00111086	cell body rind of adult abdominal neuromere
FBbt:00111111	adult fruitless vMS1 neuron			FBbt:00111110	adult fruitless vMS1 lineage clone			FBbt:00047095	adult neuron	http://flybase.org/reports/FBgn0004652	FBbt:00111084	cell body rind of adult mesothoracic neuromere
FBbt:00111113	adult fruitless vMS2 neuron			FBbt:00111112	adult fruitless vMS2 lineage clone			FBbt:00047095	adult neuron	http://flybase.org/reports/FBgn0004652	FBbt:00111084	cell body rind of adult mesothoracic neuromere
FBbt:00111115	adult fruitless vMS3 neuron			FBbt:00111114	adult fruitless vMS3 lineage clone			FBbt:00047095	adult neuron	http://flybase.org/reports/FBgn0004652	FBbt:00111084	cell body rind of adult mesothoracic neuromere
FBbt:00111117	adult fruitless vMS4 neuron			FBbt:00111116	adult fruitless vMS4 lineage clone			FBbt:00047095	adult neuron	http://flybase.org/reports/FBgn0004652	FBbt:00111084	cell body rind of adult mesothoracic neuromere
FBbt:00111119	adult fruitless vMS5 neuron			FBbt:00111118	adult fruitless vMS5 lineage clone			FBbt:00047095	adult neuron	http://flybase.org/reports/FBgn0004652	FBbt:00111084	cell body rind of adult mesothoracic neuromere
FBbt:00111121	adult fruitless vMS6 neuron			FBbt:00111120	adult fruitless vMS6 lineage clone			FBbt:00047095	adult neuron	http://flybase.org/reports/FBgn0004652	FBbt:00111084	cell body rind of adult mesothoracic neuromere
FBbt:00111123	adult fruitless vMS7 neuron			FBbt:00111122	adult fruitless vMS7 lineage clone			FBbt:00047095	adult neuron	http://flybase.org/reports/FBgn0004652	FBbt:00111084	cell body rind of adult mesothoracic neuromere
FBbt:00111125	adult fruitless vMS8 neuron			FBbt:00111124	adult fruitless vMS8 lineage clone			FBbt:00047095	adult neuron	http://flybase.org/reports/FBgn0004652	FBbt:00111084	cell body rind of adult mesothoracic neuromere
FBbt:00111127	adult fruitless vMS9 neuron			FBbt:00111126	adult fruitless vMS9 lineage clone			FBbt:00047095	adult neuron	http://flybase.org/reports/FBgn0004652	FBbt:00111084	cell body rind of adult mesothoracic neuromere
FBbt:00111129	adult fruitless vMS10 neuron			FBbt:00111128	adult fruitless vMS10 lineage clone			FBbt:00047095	adult neuron	http://flybase.org/reports/FBgn0004652	FBbt:00111084	cell body rind of adult mesothoracic neuromere
FBbt:00111131	adult fruitless vMT1 neuron			FBbt:00111130	adult fruitless vMT1 lineage clone			FBbt:00047095	adult neuron	http://flybase.org/reports/FBgn0004652	FBbt:00111085	cell body rind of adult metathoracic neuromere
FBbt:00111133	adult fruitless vPR2 neuron			FBbt:00111132	adult fruitless vPR2 lineage clone			FBbt:00047095	adult neuron	http://flybase.org/reports/FBgn0004652	FBbt:00111083	cell body rind of adult prothoracic neuromere
FBbt:00111135	adult fruitless vPR3 neuron			FBbt:00111134	adult fruitless vPR3 lineage clone			FBbt:00047095	adult neuron	http://flybase.org/reports/FBgn0004652	FBbt:00111083	cell body rind of adult prothoracic neuromere
FBbt:00111137	adult fruitless vPR4 neuron			FBbt:00111136	adult fruitless vPR4 lineage clone			FBbt:00047095	adult neuron	http://flybase.org/reports/FBgn0004652	FBbt:00111083	cell body rind of adult prothoracic neuromere
FBbt:00111139	adult fruitless vPR5 neuron			FBbt:00111138	adult fruitless vPR5 lineage clone			FBbt:00047095	adult neuron	http://flybase.org/reports/FBgn0004652	FBbt:00111083	cell body rind of adult prothoracic neuromere
FBbt:00111141	adult fruitless vPR7 neuron			FBbt:00111140	adult fruitless vPR7 lineage clone			FBbt:00047095	adult neuron	http://flybase.org/reports/FBgn0004652	FBbt:00111083	cell body rind of adult prothoracic neuromere
FBbt:00111143	adult fruitless vPR8 neuron			FBbt:00111142	adult fruitless vPR8 lineage clone			FBbt:00047095	adult neuron	http://flybase.org/reports/FBgn0004652	FBbt:00111083	cell body rind of adult prothoracic neuromere
FBbt:00111145	adult fruitless vPR9 neuron			FBbt:00111144	adult fruitless vPR9 lineage clone			FBbt:00047095	adult neuron	http://flybase.org/reports/FBgn0004652	FBbt:00111083	cell body rind of adult prothoracic neuromere
FBbt:00111146	adult fruitless aSG7 neuron							FBbt:00047095	adult neuron	http://flybase.org/reports/FBgn0004652	FBbt:00100210	cell body rind of adult gnathal ganglion
FBbt:00111147	adult fruitless aSG8 neuron							FBbt:00047095	adult neuron	http://flybase.org/reports/FBgn0004652	FBbt:00100210	cell body rind of adult gnathal ganglion
FBbt:00111150	adult fruitless vPR6 (female) neuron			FBbt:00111149	adult fruitless vPR6 (female) lineage clone	FBbt:00007011	female organism	FBbt:00047095	adult neuron	http://flybase.org/reports/FBgn0004652	FBbt:00111083	cell body rind of adult prothoracic neuromere
FBbt:00111156	adult fruitless aSG5 neuron			FBbt:00111155	adult fruitless aSG5 lineage clone			FBbt:00047095	adult neuron	http://flybase.org/reports/FBgn0004652	FBbt:00051025	cell body rind of adult ventral gnathal ganglion
FBbt:00111158	adult fruitless pMP6 neuron			FBbt:00111157	adult fruitless pMP6 lineage clone			FBbt:00047095	adult neuron	http://flybase.org/reports/FBgn0004652	FBbt:00111151	adult anterior brain cell body rind
FBbt:00111160	adult fruitless pSG1 neuron			FBbt:00111159	adult fruitless pSG1 lineage clone			FBbt:00047095	adult neuron	http://flybase.org/reports/FBgn0004652	FBbt:00051025	cell body rind of adult ventral gnathal ganglion
FBbt:00111162	adult fruitless pSP5 neuron			FBbt:00111161	adult fruitless pSP5 lineage clone			FBbt:00047095	adult neuron	http://flybase.org/reports/FBgn0004652	FBbt:00111153	adult posterior brain cell body rind
FBbt:00111164	adult fruitless pMP1 neuron			FBbt:00111163	adult fruitless pMP1 lineage clone			FBbt:00047095	adult neuron	http://flybase.org/reports/FBgn0004652	FBbt:00111153	adult posterior brain cell body rind
FBbt:00111166	adult fruitless pSP4 neuron			FBbt:00111165	adult fruitless pSP4 lineage clone			FBbt:00047095	adult neuron	http://flybase.org/reports/FBgn0004652	FBbt:00111153	adult posterior brain cell body rind
FBbt:00111168	adult fruitless aSG3 neuron			FBbt:00111167	adult fruitless aSG3 lineage clone			FBbt:00047095	adult neuron	http://flybase.org/reports/FBgn0004652	FBbt:00007665	cell body rind of ventral midline of adult gnathal ganglion
FBbt:00111170	adult fruitless pMP2 neuron			FBbt:00111169	adult fruitless pMP2 lineage clone			FBbt:00047095	adult neuron	http://flybase.org/reports/FBgn0004652	FBbt:00111153	adult posterior brain cell body rind
FBbt:00111172	adult fruitless pMP3 neuron			FBbt:00111171	adult fruitless pMP3 lineage clone			FBbt:00047095	adult neuron	http://flybase.org/reports/FBgn0004652	FBbt:00111153	adult posterior brain cell body rind
FBbt:00111174	adult fruitless pMP7 neuron			FBbt:00111173	adult fruitless pMP7 lineage clone			FBbt:00047095	adult neuron	http://flybase.org/reports/FBgn0004652	FBbt:00111153	adult posterior brain cell body rind
FBbt:00111176	adult fruitless pSG2 neuron			FBbt:00111175	adult fruitless pSG2 lineage clone			FBbt:00047095	adult neuron	http://flybase.org/reports/FBgn0004652	FBbt:00051025	cell body rind of adult ventral gnathal ganglion
FBbt:00111178	adult fruitless pSP2 neuron			FBbt:00111177	adult fruitless pSP2 lineage clone			FBbt:00047095	adult neuron	http://flybase.org/reports/FBgn0004652	FBbt:00007112	cell body rind of adult mushroom body calyx
FBbt:00111180	adult fruitless aSG4 neuron			FBbt:00111179	adult fruitless aSG4 lineage clone			FBbt:00047095	adult neuron	http://flybase.org/reports/FBgn0004652	FBbt:00100210	cell body rind of adult gnathal ganglion
FBbt:00111182	adult fruitless aSG6 neuron			FBbt:00111181	adult fruitless aSG6 lineage clone			FBbt:00047095	adult neuron	http://flybase.org/reports/FBgn0004652	FBbt:00051025	cell body rind of adult ventral gnathal ganglion
FBbt:00111184	adult fruitless pIP3 neuron			FBbt:00111183	adult fruitless pIP3 lineage clone			FBbt:00110483	adult fruitless pIP-c neuron	http://flybase.org/reports/FBgn0004652	FBbt:00100201	adult lateral brain cell body rind
FBbt:00111186	adult fruitless pSP1 neuron			FBbt:00111185	adult fruitless pSP1 lineage clone			FBbt:00047095	adult neuron	http://flybase.org/reports/FBgn0004652	FBbt:00051022	cell body rind of adult posterior superior lateral protocerebrum
FBbt:00111188	adult fruitless aIP4 neuron			FBbt:00111187	adult fruitless aIP4 lineage clone			FBbt:00047095	adult neuron	http://flybase.org/reports/FBgn0004652	FBbt:00051008	cell body rind of adult lateral anterior ventrolateral protocerebrum
FBbt:00111190	adult fruitless aSG1 neuron			FBbt:00111189	adult fruitless aSG1 lineage clone			FBbt:00047095	adult neuron	http://flybase.org/reports/FBgn0004652	FBbt:00100210	cell body rind of adult gnathal ganglion
FBbt:00111192	adult fruitless aSG2 neuron			FBbt:00111191	adult fruitless aSG2 lineage clone			FBbt:00047095	adult neuron	http://flybase.org/reports/FBgn0004652	FBbt:00100210	cell body rind of adult gnathal ganglion
FBbt:00111194	adult fruitless aSP10 neuron			FBbt:00111193	adult fruitless aSP10 lineage clone			FBbt:00052691		http://flybase.org/reports/FBgn0004652	FBbt:00051008	cell body rind of adult lateral anterior ventrolateral protocerebrum
FBbt:00111196	adult fruitless pSP3 neuron			FBbt:00111195	adult fruitless pSP3 lineage clone			FBbt:00047095	adult neuron	http://flybase.org/reports/FBgn0004652	FBbt:00051013	cell body rind of adult posterior lateral horn
FBbt:00111198	adult fruitless aSP4 (female) neuron			FBbt:00111197	adult fruitless aSP4 (female) lineage clone	FBbt:00007011	female organism	FBbt:00047095	adult neuron	http://flybase.org/reports/FBgn0004652	FBbt:00111151|FBbt:00052048	adult anterior brain cell body rind|cell body rind of adult protocerebrum
