defined_class	class_label	neuron_type	type_label	segment	segment_label	nerve	nerve_label	sense_organ	organ_label	cluster	cluster_label
FBbt:00002066	prothoracic desA neuron	FBbt:00001999	desA neuron	FBbt:00001743	larval prothoracic segment	FBbt:00002064	larval prothoracic intersegmental nerve	FBbt:00002731	prothoracic dorsal campaniform sensillum dc1	FBbt:00007299	embryonic/larval prothoracic dorsal sensory cluster
FBbt:00002067	prothoracic desB neuron	FBbt:00002000	desB neuron	FBbt:00001743	larval prothoracic segment	FBbt:00002064	larval prothoracic intersegmental nerve	FBbt:00002729	prothoracic dorsal trichoid sensillum dh1	FBbt:00007299	embryonic/larval prothoracic dorsal sensory cluster
FBbt:00002068	prothoracic desC neuron	FBbt:00002001	desC neuron	FBbt:00001743	larval prothoracic segment	FBbt:00002064	larval prothoracic intersegmental nerve	FBbt:00002732	prothoracic dorsal campaniform sensillum dc2	FBbt:00007299	embryonic/larval prothoracic dorsal sensory cluster
FBbt:00002069	prothoracic desD neuron	FBbt:00002002	desD neuron	FBbt:00001743	larval prothoracic segment	FBbt:00002064	larval prothoracic intersegmental nerve	FBbt:00002733	prothoracic dorsal campaniform sensillum dc3	FBbt:00007299	embryonic/larval prothoracic dorsal sensory cluster
FBbt:00002070	prothoracic desE neuron	FBbt:00002003	desE neuron	FBbt:00001743	larval prothoracic segment	FBbt:00002064	larval prothoracic intersegmental nerve	FBbt:00002730	prothoracic dorsal trichoid sensillum dh2	FBbt:00007299	embryonic/larval prothoracic dorsal sensory cluster
FBbt:00002071	prothoracic lesA neuron	FBbt:00002012	lesA neuron	FBbt:00001743	larval prothoracic segment	FBbt:00002064	larval prothoracic intersegmental nerve	FBbt:00002736	prothoracic lateral campaniform sensillum lc1	FBbt:00007302	embryonic/larval prothoracic lateral sensory cluster
FBbt:00002072	prothoracic lesB neuron	FBbt:00002013	lesB neuron	FBbt:00001743	larval prothoracic segment	FBbt:00002064	larval prothoracic intersegmental nerve	FBbt:00002735	prothoracic lateral trichoid sensillum lh1	FBbt:00007302	embryonic/larval prothoracic lateral sensory cluster
FBbt:00002073	prothoracic lesC neuron	FBbt:00002014	lesC neuron	FBbt:00001743	larval prothoracic segment	FBbt:00002064	larval prothoracic intersegmental nerve	FBbt:00002737	prothoracic lateral campaniform sensillum lc2	FBbt:00007302	embryonic/larval prothoracic lateral sensory cluster
FBbt:00002074	prothoracic lch3 neuron	FBbt:00002018	lch3 neuron	FBbt:00001743	larval prothoracic segment	FBbt:00002125	larval mesothoracic segmental nerve	FBbt:00002738	prothoracic lateral triscolopidial chordotonal organ lch3	FBbt:00007302	embryonic/larval prothoracic lateral sensory cluster
FBbt:00002075	larval prothoracic multidendritic neuron	FBbt:00048285	larval multidendritic neuron	FBbt:00001743	larval prothoracic segment						
FBbt:00002076	prothoracic dorsal multidendritic neuron ddaA	FBbt:00002025	larval dorsal multidendritic neuron ddaA	FBbt:00001743	larval prothoracic segment	FBbt:00002064	larval prothoracic intersegmental nerve			FBbt:00007299	embryonic/larval prothoracic dorsal sensory cluster
FBbt:00002077	prothoracic dorsal multidendritic neuron ddaB	FBbt:00002026	larval dorsal multidendritic neuron ddaB	FBbt:00001743	larval prothoracic segment	FBbt:00002064	larval prothoracic intersegmental nerve			FBbt:00007299	embryonic/larval prothoracic dorsal sensory cluster
FBbt:00002078	prothoracic dorsal multidendritic neuron ddaC	FBbt:00002027	larval dorsal multidendritic neuron ddaC	FBbt:00001743	larval prothoracic segment	FBbt:00002064	larval prothoracic intersegmental nerve			FBbt:00007299	embryonic/larval prothoracic dorsal sensory cluster
FBbt:00002079	prothoracic dorsal multidendritic neuron ddaD	FBbt:00002028	larval dorsal multidendritic neuron ddaD	FBbt:00001743	larval prothoracic segment	FBbt:00002064	larval prothoracic intersegmental nerve			FBbt:00007299	embryonic/larval prothoracic dorsal sensory cluster
FBbt:00002080	prothoracic dorsal multidendritic neuron ddaE	FBbt:00002029	larval dorsal multidendritic neuron ddaE	FBbt:00001743	larval prothoracic segment	FBbt:00002064	larval prothoracic intersegmental nerve			FBbt:00007299	embryonic/larval prothoracic dorsal sensory cluster
FBbt:00002081	prothoracic lateral multidendritic neuron ldaA	FBbt:00002031	larval lateral multidendritic neuron ldaA	FBbt:00001743	larval prothoracic segment	FBbt:00002064	larval prothoracic intersegmental nerve			FBbt:00007302	embryonic/larval prothoracic lateral sensory cluster
FBbt:00002082	prothoracic lateral multidendritic neuron ldaB	FBbt:00002032	larval lateral multidendritic neuron ldaB	FBbt:00001743	larval prothoracic segment	FBbt:00002064	larval prothoracic intersegmental nerve			FBbt:00007302	embryonic/larval prothoracic lateral sensory cluster
FBbt:00002083	prothoracic lateral multidendritic neuron ldaC	FBbt:00002033	larval lateral multidendritic neuron ldaC	FBbt:00001743	larval prothoracic segment	FBbt:00002064	larval prothoracic intersegmental nerve			FBbt:00007302	embryonic/larval prothoracic lateral sensory cluster
FBbt:00002084	prothoracic lateral multidendritic neuron ldaD	FBbt:00002034	larval lateral multidendritic neuron ldaD	FBbt:00001743	larval prothoracic segment	FBbt:00002064	larval prothoracic intersegmental nerve			FBbt:00007302	embryonic/larval prothoracic lateral sensory cluster
FBbt:00002087	prothoracic vesA neuron	FBbt:00002041	vesA neuron	FBbt:00001743	larval prothoracic segment	FBbt:00002085	larval prothoracic segmental nerve	FBbt:00111639	prothoracic Keilin's organ	FBbt:00052118	larval prothoracic ventral sensory cluster
FBbt:00002088	prothoracic vesB neuron	FBbt:00002042	vesB neuron	FBbt:00001743	larval prothoracic segment	FBbt:00002085	larval prothoracic segmental nerve	FBbt:00111639	prothoracic Keilin's organ	FBbt:00052118	larval prothoracic ventral sensory cluster
FBbt:00002089	prothoracic vesC neuron	FBbt:00002043	vesC neuron	FBbt:00001743	larval prothoracic segment	FBbt:00002085	larval prothoracic segmental nerve	FBbt:00111639	prothoracic Keilin's organ	FBbt:00052118	larval prothoracic ventral sensory cluster
FBbt:00002090	prothoracic vesD neuron	FBbt:00002044	vesD neuron	FBbt:00001743	larval prothoracic segment	FBbt:00002085	larval prothoracic segmental nerve	FBbt:00111639	prothoracic Keilin's organ	FBbt:00052118	larval prothoracic ventral sensory cluster
FBbt:00002091	prothoracic vesE neuron	FBbt:00002045	vesE neuron	FBbt:00001743	larval prothoracic segment	FBbt:00002085	larval prothoracic segmental nerve	FBbt:00111639	prothoracic Keilin's organ	FBbt:00052118	larval prothoracic ventral sensory cluster
FBbt:00002092	prothoracic v'esA neuron	FBbt:00002048	v'esA neuron	FBbt:00001743	larval prothoracic segment	FBbt:00002085	larval prothoracic segmental nerve	FBbt:00002740	prothoracic ventral campaniform sensillum vc1	FBbt:00052124	larval prothoracic ventral’ sensory cluster
FBbt:00002093	prothoracic v'esB neuron	FBbt:00002049	v'esB neuron	FBbt:00001743	larval prothoracic segment	FBbt:00002085	larval prothoracic segmental nerve	FBbt:00002741	prothoracic ventral campaniform sensillum vc2	FBbt:00052124	larval prothoracic ventral’ sensory cluster
FBbt:00002094	prothoracic v'es3 neuron	FBbt:00002051	v'es3 neuron	FBbt:00001743	larval prothoracic segment	FBbt:00002085	larval prothoracic segmental nerve	FBbt:00002739	prothoracic ventral Kolbchen vbd	FBbt:00052124	larval prothoracic ventral’ sensory cluster
FBbt:00002097	prothoracic vch1 neuron	FBbt:00002040	vch1 neuron	FBbt:00001743	larval prothoracic segment	FBbt:00002085	larval prothoracic segmental nerve	FBbt:00002742	prothoracic ventral monoscolopidial chordotonal organ vch1	FBbt:00052118	larval prothoracic ventral sensory cluster
FBbt:00002098	prothoracic ventral multidendritic neuron	FBbt:00002054	ventral multidendritic neuron	FBbt:00001743	larval prothoracic segment	FBbt:00002085	larval prothoracic segmental nerve			FBbt:00052124	larval prothoracic ventral’ sensory cluster
FBbt:00002099	prothoracic ventral multidendritic neuron vdaA	FBbt:00002055	larval ventral multidendritic neuron vdaA	FBbt:00001743	larval prothoracic segment	FBbt:00002085	larval prothoracic segmental nerve			FBbt:00052124	larval prothoracic ventral’ sensory cluster
FBbt:00002100	prothoracic ventral multidendritic neuron vdaB	FBbt:00002056	larval ventral multidendritic neuron vdaB	FBbt:00001743	larval prothoracic segment	FBbt:00002085	larval prothoracic segmental nerve			FBbt:00052124	larval prothoracic ventral’ sensory cluster
FBbt:00002101	prothoracic ventral multidendritic neuron vdaC	FBbt:00002057	larval ventral multidendritic neuron vdaC	FBbt:00001743	larval prothoracic segment	FBbt:00002085	larval prothoracic segmental nerve			FBbt:00052124	larval prothoracic ventral’ sensory cluster
FBbt:00002102	prothoracic ventral multidendritic neuron vdaD	FBbt:00002058	larval ventral multidendritic neuron vdaD	FBbt:00001743	larval prothoracic segment	FBbt:00002085	larval prothoracic segmental nerve			FBbt:00052124	larval prothoracic ventral’ sensory cluster
FBbt:00002106	mesothoracic desA neuron	FBbt:00001999	desA neuron	FBbt:00001744	larval mesothoracic segment	FBbt:00002104	larval mesothoracic intersegmental nerve	FBbt:00002749	mesothoracic dorsal campaniform sensillum dc1	FBbt:00007298	embryonic/larval mesothoracic dorsal sensory cluster
FBbt:00002107	mesothoracic desB neuron	FBbt:00002000	desB neuron	FBbt:00001744	larval mesothoracic segment	FBbt:00002104	larval mesothoracic intersegmental nerve	FBbt:00002747	mesothoracic dorsal trichoid sensillum dh1	FBbt:00007298	embryonic/larval mesothoracic dorsal sensory cluster
FBbt:00002108	mesothoracic desC neuron	FBbt:00002001	desC neuron	FBbt:00001744	larval mesothoracic segment	FBbt:00002104	larval mesothoracic intersegmental nerve	FBbt:00002750	mesothoracic dorsal campaniform sensillum dc2	FBbt:00007298	embryonic/larval mesothoracic dorsal sensory cluster
FBbt:00002109	mesothoracic desD neuron	FBbt:00002002	desD neuron	FBbt:00001744	larval mesothoracic segment	FBbt:00002104	larval mesothoracic intersegmental nerve	FBbt:00002751	mesothoracic dorsal campaniform sensillum dc3	FBbt:00007298	embryonic/larval mesothoracic dorsal sensory cluster
FBbt:00002110	mesothoracic desE neuron	FBbt:00002003	desE neuron	FBbt:00001744	larval mesothoracic segment	FBbt:00002104	larval mesothoracic intersegmental nerve	FBbt:00002748	mesothoracic dorsal trichoid sensillum dh2	FBbt:00007298	embryonic/larval mesothoracic dorsal sensory cluster
FBbt:00002111	mesothoracic lesA neuron	FBbt:00002012	lesA neuron	FBbt:00001744	larval mesothoracic segment	FBbt:00002104	larval mesothoracic intersegmental nerve	FBbt:00002755	mesothoracic lateral campaniform sensillum lc1	FBbt:00007303	embryonic/larval mesothoracic lateral sensory cluster
FBbt:00002112	mesothoracic lesB neuron	FBbt:00002013	lesB neuron	FBbt:00001744	larval mesothoracic segment	FBbt:00002104	larval mesothoracic intersegmental nerve	FBbt:00002754	mesothoracic lateral trichoid sensillum lh1	FBbt:00007303	embryonic/larval mesothoracic lateral sensory cluster
FBbt:00002113	mesothoracic lesC neuron	FBbt:00002014	lesC neuron	FBbt:00001744	larval mesothoracic segment	FBbt:00002104	larval mesothoracic intersegmental nerve	FBbt:00002756	mesothoracic lateral campaniform sensillum lc2	FBbt:00007303	embryonic/larval mesothoracic lateral sensory cluster
FBbt:00002114	mesothoracic les3 neuron	FBbt:00002016	les3 neuron	FBbt:00001744	larval mesothoracic segment	FBbt:00002104	larval mesothoracic intersegmental nerve	FBbt:00002753	mesothoracic lateral Kolbchen lbd	FBbt:00007303	embryonic/larval mesothoracic lateral sensory cluster
FBbt:00002115	larval mesothoracic multidendritic neuron	FBbt:00048285	larval multidendritic neuron	FBbt:00001744	larval mesothoracic segment						
FBbt:00002116	mesothoracic dorsal multidendritic neuron ddaA	FBbt:00002025	larval dorsal multidendritic neuron ddaA	FBbt:00001744	larval mesothoracic segment	FBbt:00002104	larval mesothoracic intersegmental nerve			FBbt:00007298	embryonic/larval mesothoracic dorsal sensory cluster
FBbt:00002117	mesothoracic dorsal multidendritic neuron ddaB	FBbt:00002026	larval dorsal multidendritic neuron ddaB	FBbt:00001744	larval mesothoracic segment	FBbt:00002104	larval mesothoracic intersegmental nerve			FBbt:00007298	embryonic/larval mesothoracic dorsal sensory cluster
FBbt:00002118	mesothoracic dorsal multidendritic neuron ddaC	FBbt:00002027	larval dorsal multidendritic neuron ddaC	FBbt:00001744	larval mesothoracic segment	FBbt:00002104	larval mesothoracic intersegmental nerve			FBbt:00007298	embryonic/larval mesothoracic dorsal sensory cluster
FBbt:00002119	mesothoracic dorsal multidendritic neuron ddaD	FBbt:00002028	larval dorsal multidendritic neuron ddaD	FBbt:00001744	larval mesothoracic segment	FBbt:00002104	larval mesothoracic intersegmental nerve			FBbt:00007298	embryonic/larval mesothoracic dorsal sensory cluster
FBbt:00002120	mesothoracic dorsal multidendritic neuron ddaE	FBbt:00002029	larval dorsal multidendritic neuron ddaE	FBbt:00001744	larval mesothoracic segment	FBbt:00002104	larval mesothoracic intersegmental nerve			FBbt:00007298	embryonic/larval mesothoracic dorsal sensory cluster
FBbt:00002121	mesothoracic lateral multidendritic neuron ldaA	FBbt:00002031	larval lateral multidendritic neuron ldaA	FBbt:00001744	larval mesothoracic segment	FBbt:00002104	larval mesothoracic intersegmental nerve			FBbt:00007303	embryonic/larval mesothoracic lateral sensory cluster
FBbt:00002122	mesothoracic lateral multidendritic neuron ldaB	FBbt:00002032	larval lateral multidendritic neuron ldaB	FBbt:00001744	larval mesothoracic segment	FBbt:00002104	larval mesothoracic intersegmental nerve			FBbt:00007303	embryonic/larval mesothoracic lateral sensory cluster
FBbt:00002123	mesothoracic lateral multidendritic neuron ldaC	FBbt:00002033	larval lateral multidendritic neuron ldaC	FBbt:00001744	larval mesothoracic segment	FBbt:00002104	larval mesothoracic intersegmental nerve			FBbt:00007303	embryonic/larval mesothoracic lateral sensory cluster
FBbt:00002124	mesothoracic lateral multidendritic neuron ldaD	FBbt:00002034	larval lateral multidendritic neuron ldaD	FBbt:00001744	larval mesothoracic segment	FBbt:00002104	larval mesothoracic intersegmental nerve			FBbt:00007303	embryonic/larval mesothoracic lateral sensory cluster
FBbt:00002127	mesothoracic vesA neuron	FBbt:00002041	vesA neuron	FBbt:00001744	larval mesothoracic segment	FBbt:00002125	larval mesothoracic segmental nerve	FBbt:00002761	mesothoracic Keilin's organ	FBbt:00052119	larval mesothoracic ventral sensory cluster
FBbt:00002128	mesothoracic vesB neuron	FBbt:00002042	vesB neuron	FBbt:00001744	larval mesothoracic segment	FBbt:00002125	larval mesothoracic segmental nerve	FBbt:00002761	mesothoracic Keilin's organ	FBbt:00052119	larval mesothoracic ventral sensory cluster
FBbt:00002129	mesothoracic vesC neuron	FBbt:00002043	vesC neuron	FBbt:00001744	larval mesothoracic segment	FBbt:00002125	larval mesothoracic segmental nerve	FBbt:00002761	mesothoracic Keilin's organ	FBbt:00052119	larval mesothoracic ventral sensory cluster
FBbt:00002130	mesothoracic vesD neuron	FBbt:00002044	vesD neuron	FBbt:00001744	larval mesothoracic segment	FBbt:00002125	larval mesothoracic segmental nerve	FBbt:00002761	mesothoracic Keilin's organ	FBbt:00052119	larval mesothoracic ventral sensory cluster
FBbt:00002131	mesothoracic vesE neuron	FBbt:00002045	vesE neuron	FBbt:00001744	larval mesothoracic segment	FBbt:00002125	larval mesothoracic segmental nerve	FBbt:00002761	mesothoracic Keilin's organ	FBbt:00052119	larval mesothoracic ventral sensory cluster
FBbt:00002132	mesothoracic v'es3 neuron	FBbt:00002051	v'es3 neuron	FBbt:00001744	larval mesothoracic segment	FBbt:00002125	larval mesothoracic segmental nerve	FBbt:00002757	mesothoracic ventral Kolbchen vbd	FBbt:00052125	larval mesothoracic ventral’ sensory cluster
FBbt:00002133	mesothoracic v'esA neuron	FBbt:00002048	v'esA neuron	FBbt:00001744	larval mesothoracic segment	FBbt:00002125	larval mesothoracic segmental nerve	FBbt:00002758	mesothoracic ventral campaniform sensillum vc1	FBbt:00052125	larval mesothoracic ventral’ sensory cluster
FBbt:00002134	mesothoracic v'esB neuron	FBbt:00002049	v'esB neuron	FBbt:00001744	larval mesothoracic segment	FBbt:00002125	larval mesothoracic segmental nerve	FBbt:00002759	mesothoracic ventral campaniform sensillum vc2	FBbt:00052125	larval mesothoracic ventral’ sensory cluster
FBbt:00002135	mesothoracic vch1 neuron	FBbt:00002040	vch1 neuron	FBbt:00001744	larval mesothoracic segment	FBbt:00002125	larval mesothoracic segmental nerve	FBbt:00002760	mesothoracic ventral monoscolopidial chordotonal organ vch1	FBbt:00052119	larval mesothoracic ventral sensory cluster
FBbt:00002136	mesothoracic ventral multidendritic neuron	FBbt:00002054	ventral multidendritic neuron	FBbt:00001744	larval mesothoracic segment	FBbt:00002125	larval mesothoracic segmental nerve			FBbt:00052125	larval mesothoracic ventral’ sensory cluster
FBbt:00002137	mesothoracic ventral multidendritic neuron vdaA	FBbt:00002055	larval ventral multidendritic neuron vdaA	FBbt:00001744	larval mesothoracic segment	FBbt:00002125	larval mesothoracic segmental nerve			FBbt:00052125	larval mesothoracic ventral’ sensory cluster
FBbt:00002138	mesothoracic ventral multidendritic neuron vdaB	FBbt:00002056	larval ventral multidendritic neuron vdaB	FBbt:00001744	larval mesothoracic segment	FBbt:00002125	larval mesothoracic segmental nerve			FBbt:00052125	larval mesothoracic ventral’ sensory cluster
FBbt:00002139	mesothoracic ventral multidendritic neuron vdaC	FBbt:00002057	larval ventral multidendritic neuron vdaC	FBbt:00001744	larval mesothoracic segment	FBbt:00002125	larval mesothoracic segmental nerve			FBbt:00052125	larval mesothoracic ventral’ sensory cluster
FBbt:00002140	mesothoracic ventral multidendritic neuron vdaD	FBbt:00002058	larval ventral multidendritic neuron vdaD	FBbt:00001744	larval mesothoracic segment	FBbt:00002125	larval mesothoracic segmental nerve			FBbt:00052125	larval mesothoracic ventral’ sensory cluster
FBbt:00002144	metathoracic desA neuron	FBbt:00001999	desA neuron	FBbt:00001745	larval metathoracic segment	FBbt:00002142	larval metathoracic intersegmental nerve	FBbt:00002749	mesothoracic dorsal campaniform sensillum dc1	FBbt:00007300	embryonic/larval metathoracic dorsal sensory cluster
FBbt:00002145	metathoracic desB neuron	FBbt:00002000	desB neuron	FBbt:00001745	larval metathoracic segment	FBbt:00002142	larval metathoracic intersegmental nerve	FBbt:00002765	metathoracic dorsal trichoid sensillum dh1	FBbt:00007300	embryonic/larval metathoracic dorsal sensory cluster
FBbt:00002146	metathoracic desC neuron	FBbt:00002001	desC neuron	FBbt:00001745	larval metathoracic segment	FBbt:00002142	larval metathoracic intersegmental nerve	FBbt:00002768	metathoracic dorsal campaniform sensillum dc2	FBbt:00007300	embryonic/larval metathoracic dorsal sensory cluster
FBbt:00002147	metathoracic desD neuron	FBbt:00002002	desD neuron	FBbt:00001745	larval metathoracic segment	FBbt:00002142	larval metathoracic intersegmental nerve	FBbt:00002769	metathoracic dorsal campaniform sensillum dc3	FBbt:00007300	embryonic/larval metathoracic dorsal sensory cluster
FBbt:00002148	metathoracic desE neuron	FBbt:00002003	desE neuron	FBbt:00001745	larval metathoracic segment	FBbt:00002142	larval metathoracic intersegmental nerve	FBbt:00002766	metathoracic dorsal trichoid sensillum dh2	FBbt:00007300	embryonic/larval metathoracic dorsal sensory cluster
FBbt:00002149	metathoracic lesA neuron	FBbt:00002012	lesA neuron	FBbt:00001745	larval metathoracic segment	FBbt:00002142	larval metathoracic intersegmental nerve	FBbt:00002773	metathoracic lateral campaniform sensillum lc1	FBbt:00007304	embryonic/larval metathoracic lateral sensory cluster
FBbt:00002150	metathoracic lesB neuron	FBbt:00002013	lesB neuron	FBbt:00001745	larval metathoracic segment	FBbt:00002142	larval metathoracic intersegmental nerve	FBbt:00002772	metathoracic lateral trichoid sensillum lh1	FBbt:00007304	embryonic/larval metathoracic lateral sensory cluster
FBbt:00002151	metathoracic lesC neuron	FBbt:00002014	lesC neuron	FBbt:00001745	larval metathoracic segment	FBbt:00002142	larval metathoracic intersegmental nerve	FBbt:00002774	metathoracic lateral campaniform sensillum lc2	FBbt:00007304	embryonic/larval metathoracic lateral sensory cluster
FBbt:00002152	metathoracic les3 neuron	FBbt:00002016	les3 neuron	FBbt:00001745	larval metathoracic segment	FBbt:00002142	larval metathoracic intersegmental nerve	FBbt:00002771	metathoracic lateral Kolbchen lbd	FBbt:00007304	embryonic/larval metathoracic lateral sensory cluster
FBbt:00002153	larval metathoracic multidendritic neuron	FBbt:00048285	larval multidendritic neuron	FBbt:00001745	larval metathoracic segment						
FBbt:00002154	metathoracic dorsal multidendritic neuron ddaA	FBbt:00002025	larval dorsal multidendritic neuron ddaA	FBbt:00001745	larval metathoracic segment	FBbt:00002142	larval metathoracic intersegmental nerve			FBbt:00007300	embryonic/larval metathoracic dorsal sensory cluster
FBbt:00002155	metathoracic dorsal multidendritic neuron ddaB	FBbt:00002026	larval dorsal multidendritic neuron ddaB	FBbt:00001745	larval metathoracic segment	FBbt:00002142	larval metathoracic intersegmental nerve			FBbt:00007300	embryonic/larval metathoracic dorsal sensory cluster
FBbt:00002156	metathoracic dorsal multidendritic neuron ddaC	FBbt:00002027	larval dorsal multidendritic neuron ddaC	FBbt:00001745	larval metathoracic segment	FBbt:00002142	larval metathoracic intersegmental nerve			FBbt:00007300	embryonic/larval metathoracic dorsal sensory cluster
FBbt:00002157	metathoracic dorsal multidendritic neuron ddaD	FBbt:00002028	larval dorsal multidendritic neuron ddaD	FBbt:00001745	larval metathoracic segment	FBbt:00002142	larval metathoracic intersegmental nerve			FBbt:00007300	embryonic/larval metathoracic dorsal sensory cluster
FBbt:00002158	metathoracic dorsal multidendritic neuron ddaE	FBbt:00002029	larval dorsal multidendritic neuron ddaE	FBbt:00001745	larval metathoracic segment	FBbt:00002142	larval metathoracic intersegmental nerve			FBbt:00007300	embryonic/larval metathoracic dorsal sensory cluster
FBbt:00002159	metathoracic lateral multidendritic neuron ldaA	FBbt:00002031	larval lateral multidendritic neuron ldaA	FBbt:00001745	larval metathoracic segment	FBbt:00002142	larval metathoracic intersegmental nerve			FBbt:00007304	embryonic/larval metathoracic lateral sensory cluster
FBbt:00002160	metathoracic lateral multidendritic neuron ldaB	FBbt:00002032	larval lateral multidendritic neuron ldaB	FBbt:00001745	larval metathoracic segment	FBbt:00002142	larval metathoracic intersegmental nerve			FBbt:00007304	embryonic/larval metathoracic lateral sensory cluster
FBbt:00002161	metathoracic lateral multidendritic neuron ldaC	FBbt:00002033	larval lateral multidendritic neuron ldaC	FBbt:00001745	larval metathoracic segment	FBbt:00002142	larval metathoracic intersegmental nerve			FBbt:00007304	embryonic/larval metathoracic lateral sensory cluster
FBbt:00002162	metathoracic lateral multidendritic neuron ldaD	FBbt:00002034	larval lateral multidendritic neuron ldaD	FBbt:00001745	larval metathoracic segment	FBbt:00002142	larval metathoracic intersegmental nerve			FBbt:00007304	embryonic/larval metathoracic lateral sensory cluster
FBbt:00002165	metathoracic vesA neuron	FBbt:00002041	vesA neuron	FBbt:00001745	larval metathoracic segment	FBbt:00002163	larval metathoracic segmental nerve	FBbt:00002779	metathoracic Keilin's organ	FBbt:00052120	larval metathoracic ventral sensory cluster
FBbt:00002166	metathoracic vesB neuron	FBbt:00002042	vesB neuron	FBbt:00001745	larval metathoracic segment	FBbt:00002163	larval metathoracic segmental nerve	FBbt:00002779	metathoracic Keilin's organ	FBbt:00052120	larval metathoracic ventral sensory cluster
FBbt:00002167	metathoracic vesC neuron	FBbt:00002043	vesC neuron	FBbt:00001745	larval metathoracic segment	FBbt:00002163	larval metathoracic segmental nerve	FBbt:00002779	metathoracic Keilin's organ	FBbt:00052120	larval metathoracic ventral sensory cluster
FBbt:00002168	metathoracic vesD neuron	FBbt:00002044	vesD neuron	FBbt:00001745	larval metathoracic segment	FBbt:00002163	larval metathoracic segmental nerve	FBbt:00002779	metathoracic Keilin's organ	FBbt:00052120	larval metathoracic ventral sensory cluster
FBbt:00002169	metathoracic vesE neuron	FBbt:00002045	vesE neuron	FBbt:00001745	larval metathoracic segment	FBbt:00002163	larval metathoracic segmental nerve	FBbt:00002779	metathoracic Keilin's organ	FBbt:00052120	larval metathoracic ventral sensory cluster
FBbt:00002170	metathoracic v'es3 neuron	FBbt:00002051	v'es3 neuron	FBbt:00001745	larval metathoracic segment	FBbt:00002163	larval metathoracic segmental nerve	FBbt:00002775	metathoracic ventral Kolbchen vbd	FBbt:00052126	larval metathoracic ventral’ sensory cluster
FBbt:00002171	metathoracic v'esA neuron	FBbt:00002048	v'esA neuron	FBbt:00001745	larval metathoracic segment	FBbt:00002163	larval metathoracic segmental nerve	FBbt:00002776	metathoracic ventral campaniform sensillum vc1	FBbt:00052126	larval metathoracic ventral’ sensory cluster
FBbt:00002172	metathoracic v'esB neuron	FBbt:00002049	v'esB neuron	FBbt:00001745	larval metathoracic segment	FBbt:00002163	larval metathoracic segmental nerve	FBbt:00002777	metathoracic ventral campaniform sensillum vc2	FBbt:00052126	larval metathoracic ventral’ sensory cluster
FBbt:00002173	metathoracic vch1 neuron	FBbt:00002040	vch1 neuron	FBbt:00001745	larval metathoracic segment	FBbt:00002163	larval metathoracic segmental nerve	FBbt:00002778	metathoracic ventral monoscolopidial chordotonal organ vch1	FBbt:00052120	larval metathoracic ventral sensory cluster
FBbt:00002174	metathoracic ventral multidendritic neuron	FBbt:00002054	ventral multidendritic neuron	FBbt:00001745	larval metathoracic segment	FBbt:00002163	larval metathoracic segmental nerve			FBbt:00052126	larval metathoracic ventral’ sensory cluster
FBbt:00002175	metathoracic ventral multidendritic neuron vdaA	FBbt:00002055	larval ventral multidendritic neuron vdaA	FBbt:00001745	larval metathoracic segment	FBbt:00002163	larval metathoracic segmental nerve			FBbt:00052126	larval metathoracic ventral’ sensory cluster
FBbt:00002176	metathoracic ventral multidendritic neuron vdaB	FBbt:00002056	larval ventral multidendritic neuron vdaB	FBbt:00001745	larval metathoracic segment	FBbt:00002163	larval metathoracic segmental nerve			FBbt:00052126	larval metathoracic ventral’ sensory cluster
FBbt:00002177	metathoracic ventral multidendritic neuron vdaC	FBbt:00002057	larval ventral multidendritic neuron vdaC	FBbt:00001745	larval metathoracic segment	FBbt:00002163	larval metathoracic segmental nerve			FBbt:00052126	larval metathoracic ventral’ sensory cluster
FBbt:00002178	metathoracic ventral multidendritic neuron vdaD	FBbt:00002058	larval ventral multidendritic neuron vdaD	FBbt:00001745	larval metathoracic segment	FBbt:00002163	larval metathoracic segmental nerve			FBbt:00052126	larval metathoracic ventral’ sensory cluster
FBbt:00002182	abdominal 1 intersegmental bidendritic neuron isbp	FBbt:00002181	abdominal intersegmental bidendritic neuron isbp	FBbt:00001748	larval abdominal segment 1						
FBbt:00002183	abdominal 2 intersegmental bidendritic neuron isbp	FBbt:00002181	abdominal intersegmental bidendritic neuron isbp	FBbt:00001749	larval abdominal segment 2						
FBbt:00002184	abdominal 3 intersegmental bidendritic neuron isbp	FBbt:00002181	abdominal intersegmental bidendritic neuron isbp	FBbt:00001750	larval abdominal segment 3						
FBbt:00002185	abdominal 4 intersegmental bidendritic neuron isbp	FBbt:00002181	abdominal intersegmental bidendritic neuron isbp	FBbt:00001751	larval abdominal segment 4						
FBbt:00002186	abdominal 5 intersegmental bidendritic neuron isbp	FBbt:00002181	abdominal intersegmental bidendritic neuron isbp	FBbt:00001752	larval abdominal segment 5						
FBbt:00002187	abdominal 6 intersegmental bidendritic neuron isbp	FBbt:00002181	abdominal intersegmental bidendritic neuron isbp	FBbt:00001753	larval abdominal segment 6						
FBbt:00002188	abdominal 7 intersegmental bidendritic neuron isbp	FBbt:00002181	abdominal intersegmental bidendritic neuron isbp	FBbt:00001754	larval abdominal segment 7						
FBbt:00002190	abdominal 1 intersegmental trachea-associated neuron istd	FBbt:00002189	abdominal intersegmental trachea-associated neuron istd	FBbt:00001748	larval abdominal segment 1						
FBbt:00002191	abdominal 2 intersegmental trachea-associated neuron istd	FBbt:00002189	abdominal intersegmental trachea-associated neuron istd	FBbt:00001749	larval abdominal segment 2						
FBbt:00002192	abdominal 3 intersegmental trachea-associated neuron istd	FBbt:00002189	abdominal intersegmental trachea-associated neuron istd	FBbt:00001750	larval abdominal segment 3						
FBbt:00002193	abdominal 4 intersegmental trachea-associated neuron istd	FBbt:00002189	abdominal intersegmental trachea-associated neuron istd	FBbt:00001751	larval abdominal segment 4						
FBbt:00002194	abdominal 5 intersegmental trachea-associated neuron istd	FBbt:00002189	abdominal intersegmental trachea-associated neuron istd	FBbt:00001752	larval abdominal segment 5						
FBbt:00002195	abdominal 6 intersegmental trachea-associated neuron istd	FBbt:00002189	abdominal intersegmental trachea-associated neuron istd	FBbt:00001753	larval abdominal segment 6						
FBbt:00002196	abdominal 7 intersegmental trachea-associated neuron istd	FBbt:00002189	abdominal intersegmental trachea-associated neuron istd	FBbt:00001754	larval abdominal segment 7						
FBbt:00002321	abdominal desA neuron	FBbt:00001999	desA neuron	FBbt:00001747	larval abdominal segment	FBbt:00007314	larval intersegmental nerve of A1-7			FBbt:00007301	embryonic/larval dorsal sensory cluster of A1-7
FBbt:00002322	abdominal 1 desA neuron	FBbt:00001999	desA neuron	FBbt:00001748	larval abdominal segment 1						
FBbt:00002323	abdominal 2 desA neuron	FBbt:00001999	desA neuron	FBbt:00001749	larval abdominal segment 2						
FBbt:00002324	abdominal 3 desA neuron	FBbt:00001999	desA neuron	FBbt:00001750	larval abdominal segment 3						
FBbt:00002325	abdominal 4 desA neuron	FBbt:00001999	desA neuron	FBbt:00001751	larval abdominal segment 4						
FBbt:00002326	abdominal 5 desA neuron	FBbt:00001999	desA neuron	FBbt:00001752	larval abdominal segment 5						
FBbt:00002327	abdominal 6 desA neuron	FBbt:00001999	desA neuron	FBbt:00001753	larval abdominal segment 6						
FBbt:00002328	abdominal 7 desA neuron	FBbt:00001999	desA neuron	FBbt:00001754	larval abdominal segment 7						
FBbt:00002329	abdominal desB neuron	FBbt:00002000	desB neuron	FBbt:00001747	larval abdominal segment	FBbt:00007314	larval intersegmental nerve of A1-7			FBbt:00007301	embryonic/larval dorsal sensory cluster of A1-7
FBbt:00002330	abdominal 1 desB neuron	FBbt:00002000	desB neuron	FBbt:00001748	larval abdominal segment 1						
FBbt:00002331	abdominal 2 desB neuron	FBbt:00002000	desB neuron	FBbt:00001749	larval abdominal segment 2						
FBbt:00002332	abdominal 3 desB neuron	FBbt:00002000	desB neuron	FBbt:00001750	larval abdominal segment 3						
FBbt:00002333	abdominal 4 desB neuron	FBbt:00002000	desB neuron	FBbt:00001751	larval abdominal segment 4						
FBbt:00002334	abdominal 5 desB neuron	FBbt:00002000	desB neuron	FBbt:00001752	larval abdominal segment 5						
FBbt:00002335	abdominal 6 desB neuron	FBbt:00002000	desB neuron	FBbt:00001753	larval abdominal segment 6						
FBbt:00002336	abdominal 7 desB neuron	FBbt:00002000	desB neuron	FBbt:00001754	larval abdominal segment 7						
FBbt:00002337	abdominal desC neuron	FBbt:00002001	desC neuron	FBbt:00001747	larval abdominal segment	FBbt:00007314	larval intersegmental nerve of A1-7	FBbt:00002799	abdominal dorsal campaniform sensillum dc1	FBbt:00007301	embryonic/larval dorsal sensory cluster of A1-7
FBbt:00002338	abdominal 1 desC neuron	FBbt:00002001	desC neuron	FBbt:00001748	larval abdominal segment 1			FBbt:00002800	abdominal 1 dorsal campaniform sensillum dc1		
FBbt:00002339	abdominal 2 desC neuron	FBbt:00002001	desC neuron	FBbt:00001749	larval abdominal segment 2			FBbt:00002801	abdominal 2 dorsal campaniform sensillum dc1		
FBbt:00002340	abdominal 3 desC neuron	FBbt:00002001	desC neuron	FBbt:00001750	larval abdominal segment 3			FBbt:00002802	abdominal 3 dorsal campaniform sensillum dc1		
FBbt:00002341	abdominal 4 desC neuron	FBbt:00002001	desC neuron	FBbt:00001751	larval abdominal segment 4			FBbt:00002803	abdominal 4 dorsal campaniform sensillum dc1		
FBbt:00002342	abdominal 5 desC neuron	FBbt:00002001	desC neuron	FBbt:00001752	larval abdominal segment 5			FBbt:00002804	abdominal 5 dorsal campaniform sensillum dc1		
FBbt:00002343	abdominal 6 desC neuron	FBbt:00002001	desC neuron	FBbt:00001753	larval abdominal segment 6			FBbt:00002805	abdominal 6 dorsal campaniform sensillum dc1		
FBbt:00002344	abdominal 7 desC neuron	FBbt:00002001	desC neuron	FBbt:00001754	larval abdominal segment 7			FBbt:00002806	abdominal 7 dorsal campaniform sensillum dc1		
FBbt:00002345	abdominal desD neuron	FBbt:00002002	desD neuron	FBbt:00001747	larval abdominal segment	FBbt:00007314	larval intersegmental nerve of A1-7	FBbt:00002807	abdominal dorsal campaniform sensillum dc2	FBbt:00007301	embryonic/larval dorsal sensory cluster of A1-7
FBbt:00002346	abdominal 1 desD neuron	FBbt:00002002	desD neuron	FBbt:00001748	larval abdominal segment 1			FBbt:00002808	abdominal 1 dorsal campaniform sensillum dc2		
FBbt:00002347	abdominal 2 desD neuron	FBbt:00002002	desD neuron	FBbt:00001749	larval abdominal segment 2			FBbt:00002809	abdominal 2 dorsal campaniform sensillum dc2		
FBbt:00002348	abdominal 3 desD neuron	FBbt:00002002	desD neuron	FBbt:00001750	larval abdominal segment 3			FBbt:00002810	abdominal 3 dorsal campaniform sensillum dc2		
FBbt:00002349	abdominal 4 desD neuron	FBbt:00002002	desD neuron	FBbt:00001751	larval abdominal segment 4			FBbt:00002811	abdominal 4 dorsal campaniform sensillum dc2		
FBbt:00002350	abdominal 5 desD neuron	FBbt:00002002	desD neuron	FBbt:00001752	larval abdominal segment 5			FBbt:00002812	abdominal 5 dorsal campaniform sensillum dc2		
FBbt:00002351	abdominal 6 desD neuron	FBbt:00002002	desD neuron	FBbt:00001753	larval abdominal segment 6			FBbt:00002813	abdominal 6 dorsal campaniform sensillum dc2		
FBbt:00002352	abdominal 7 desD neuron	FBbt:00002002	desD neuron	FBbt:00001754	larval abdominal segment 7			FBbt:00002814	abdominal 7 dorsal campaniform sensillum dc2		
FBbt:00002353	abdominal lesA neuron	FBbt:00002012	lesA neuron	FBbt:00001747	larval abdominal segment	FBbt:00007314	larval intersegmental nerve of A1-7	FBbt:00002839	abdominal lateral trichoid sensillum lh1	FBbt:00007305	embryonic/larval lateral sensory cluster of A1-7
FBbt:00002354	abdominal 1 lesA neuron	FBbt:00002012	lesA neuron	FBbt:00001748	larval abdominal segment 1			FBbt:00002840	abdominal 1 lateral trichoid sensillum lh1		
FBbt:00002355	abdominal 2 lesA neuron	FBbt:00002012	lesA neuron	FBbt:00001749	larval abdominal segment 2			FBbt:00002841	abdominal 2 lateral trichoid sensillum lh1		
FBbt:00002356	abdominal 3 lesA neuron	FBbt:00002012	lesA neuron	FBbt:00001750	larval abdominal segment 3			FBbt:00002842	abdominal 3 lateral trichoid sensillum lh1		
FBbt:00002357	abdominal 4 lesA neuron	FBbt:00002012	lesA neuron	FBbt:00001751	larval abdominal segment 4			FBbt:00002843	abdominal 4 lateral trichoid sensillum lh1		
FBbt:00002358	abdominal 5 lesA neuron	FBbt:00002012	lesA neuron	FBbt:00001752	larval abdominal segment 5			FBbt:00002844	abdominal 5 lateral trichoid sensillum lh1		
FBbt:00002359	abdominal 6 lesA neuron	FBbt:00002012	lesA neuron	FBbt:00001753	larval abdominal segment 6			FBbt:00002845	abdominal 6 lateral trichoid sensillum lh1		
FBbt:00002360	abdominal 7 lesA neuron	FBbt:00002012	lesA neuron	FBbt:00001754	larval abdominal segment 7			FBbt:00002846	abdominal 7 lateral trichoid sensillum lh1		
FBbt:00002361	abdominal lesB neuron	FBbt:00002013	lesB neuron	FBbt:00001747	larval abdominal segment	FBbt:00007314	larval intersegmental nerve of A1-7	FBbt:00002855	abdominal lateral campaniform sensillum lc1	FBbt:00007305	embryonic/larval lateral sensory cluster of A1-7
FBbt:00002362	abdominal 1 lesB neuron	FBbt:00002013	lesB neuron	FBbt:00001748	larval abdominal segment 1			FBbt:00002856	abdominal 1 lateral campaniform sensillum lc1		
FBbt:00002363	abdominal 2 lesB neuron	FBbt:00002013	lesB neuron	FBbt:00001749	larval abdominal segment 2			FBbt:00002857	abdominal 2 lateral campaniform sensillum lc1		
FBbt:00002364	abdominal 3 lesB neuron	FBbt:00002013	lesB neuron	FBbt:00001750	larval abdominal segment 3			FBbt:00002858	abdominal 3 lateral campaniform sensillum lc1		
FBbt:00002365	abdominal 4 lesB neuron	FBbt:00002013	lesB neuron	FBbt:00001751	larval abdominal segment 4			FBbt:00002859	abdominal 4 lateral campaniform sensillum lc1		
FBbt:00002366	abdominal 5 lesB neuron	FBbt:00002013	lesB neuron	FBbt:00001752	larval abdominal segment 5			FBbt:00002860	abdominal 5 lateral campaniform sensillum lc1		
FBbt:00002367	abdominal 6 lesB neuron	FBbt:00002013	lesB neuron	FBbt:00001753	larval abdominal segment 6			FBbt:00002861	abdominal 6 lateral campaniform sensillum lc1		
FBbt:00002368	abdominal 7 lesB neuron	FBbt:00002013	lesB neuron	FBbt:00001754	larval abdominal segment 7			FBbt:00002862	abdominal 7 lateral campaniform sensillum lc1		
FBbt:00002369	abdominal lesC neuron	FBbt:00002014	lesC neuron	FBbt:00001747	larval abdominal segment	FBbt:00007314	larval intersegmental nerve of A1-7	FBbt:00002847	abdominal lateral trichoid sensillum lh2	FBbt:00007305	embryonic/larval lateral sensory cluster of A1-7
FBbt:00002370	abdominal 1 lesC neuron	FBbt:00002014	lesC neuron	FBbt:00001748	larval abdominal segment 1			FBbt:00002848	abdominal 1 lateral trichoid sensillum lh2		
FBbt:00002371	abdominal 2 lesC neuron	FBbt:00002014	lesC neuron	FBbt:00001749	larval abdominal segment 2			FBbt:00002849	abdominal 2 lateral trichoid sensillum lh2		
FBbt:00002372	abdominal 3 lesC neuron	FBbt:00002014	lesC neuron	FBbt:00001750	larval abdominal segment 3			FBbt:00002850	abdominal 3 lateral trichoid sensillum lh2		
FBbt:00002373	abdominal 4 lesC neuron	FBbt:00002014	lesC neuron	FBbt:00001751	larval abdominal segment 4			FBbt:00002851	abdominal 4 lateral trichoid sensillum lh2		
FBbt:00002374	abdominal 5 lesC neuron	FBbt:00002014	lesC neuron	FBbt:00001752	larval abdominal segment 5			FBbt:00002852	abdominal 5 lateral trichoid sensillum lh2		
FBbt:00002375	abdominal 6 lesC neuron	FBbt:00002014	lesC neuron	FBbt:00001753	larval abdominal segment 6			FBbt:00002853	abdominal 6 lateral trichoid sensillum lh2		
FBbt:00002376	abdominal 7 lesC neuron	FBbt:00002014	lesC neuron	FBbt:00001754	larval abdominal segment 7			FBbt:00002854	abdominal 7 lateral trichoid sensillum lh2		
FBbt:00002378	larval abdominal 1 lch5 neuron	FBbt:00002019	larval abdominal lch5 neuron	FBbt:00001748	larval abdominal segment 1			FBbt:00002832	abdominal 1 lateral pentascolopidial chordotonal organ lch5		
FBbt:00002379	larval abdominal 2 lch5 neuron	FBbt:00002019	larval abdominal lch5 neuron	FBbt:00001749	larval abdominal segment 2			FBbt:00002833	abdominal 2 lateral pentascolopidial chordotonal organ lch5		
FBbt:00002380	larval abdominal 3 lch5 neuron	FBbt:00002019	larval abdominal lch5 neuron	FBbt:00001750	larval abdominal segment 3			FBbt:00002834	abdominal 3 lateral pentascolopidial chordotonal organ lch5		
FBbt:00002381	larval abdominal 4 lch5 neuron	FBbt:00002019	larval abdominal lch5 neuron	FBbt:00001751	larval abdominal segment 4			FBbt:00002835	abdominal 4 lateral pentascolopidial chordotonal organ lch5		
FBbt:00002382	larval abdominal 5 lch5 neuron	FBbt:00002019	larval abdominal lch5 neuron	FBbt:00001752	larval abdominal segment 5			FBbt:00002836	abdominal 5 lateral pentascolopidial chordotonal organ lch5		
FBbt:00002383	larval abdominal 6 lch5 neuron	FBbt:00002019	larval abdominal lch5 neuron	FBbt:00001753	larval abdominal segment 6			FBbt:00002837	abdominal 6 lateral pentascolopidial chordotonal organ lch5		
FBbt:00002384	larval abdominal 7 lch5 neuron	FBbt:00002019	larval abdominal lch5 neuron	FBbt:00001754	larval abdominal segment 7			FBbt:00002838	abdominal 7 lateral pentascolopidial chordotonal organ lch5		
FBbt:00002385	larval abdominal multidendritic neuron	FBbt:00048285	larval multidendritic neuron	FBbt:00001747	larval abdominal segment						
FBbt:00002386	abdominal dorsal multidendritic neuron ddaA	FBbt:00002025	larval dorsal multidendritic neuron ddaA	FBbt:00001747	larval abdominal segment	FBbt:00007314	larval intersegmental nerve of A1-7			FBbt:00007301	embryonic/larval dorsal sensory cluster of A1-7
FBbt:00002387	abdominal 1 dorsal multidendritic neuron ddaA	FBbt:00002025	dorsal multidendritic neuron ddaA	FBbt:00001748	larval abdominal segment 1						
FBbt:00002388	abdominal 2 dorsal multidendritic neuron ddaA	FBbt:00002025	dorsal multidendritic neuron ddaA	FBbt:00001749	larval abdominal segment 2						
FBbt:00002389	abdominal 3 dorsal multidendritic neuron ddaA	FBbt:00002025	dorsal multidendritic neuron ddaA	FBbt:00001750	larval abdominal segment 3						
FBbt:00002390	abdominal 4 dorsal multidendritic neuron ddaA	FBbt:00002025	dorsal multidendritic neuron ddaA	FBbt:00001751	larval abdominal segment 4						
FBbt:00002391	abdominal 5 dorsal multidendritic neuron ddaA	FBbt:00002025	dorsal multidendritic neuron ddaA	FBbt:00001752	larval abdominal segment 5						
FBbt:00002392	abdominal 6 dorsal multidendritic neuron ddaA	FBbt:00002025	dorsal multidendritic neuron ddaA	FBbt:00001753	larval abdominal segment 6						
FBbt:00002393	abdominal 7 dorsal multidendritic neuron ddaA	FBbt:00002025	dorsal multidendritic neuron ddaA	FBbt:00001754	larval abdominal segment 7						
FBbt:00002394	abdominal dorsal multidendritic neuron ddaB	FBbt:00002026	larval dorsal multidendritic neuron ddaB	FBbt:00001747	larval abdominal segment	FBbt:00007314	larval intersegmental nerve of A1-7			FBbt:00007301	embryonic/larval dorsal sensory cluster of A1-7
FBbt:00002395	abdominal 1 dorsal multidendritic neuron ddaB	FBbt:00002026	dorsal multidendritic neuron ddaB	FBbt:00001748	larval abdominal segment 1						
FBbt:00002396	abdominal 2 dorsal multidendritic neuron ddaB	FBbt:00002026	dorsal multidendritic neuron ddaB	FBbt:00001749	larval abdominal segment 2						
FBbt:00002397	abdominal 3 dorsal multidendritic neuron ddaB	FBbt:00002026	dorsal multidendritic neuron ddaB	FBbt:00001750	larval abdominal segment 3						
FBbt:00002398	abdominal 4 dorsal multidendritic neuron ddaB	FBbt:00002026	dorsal multidendritic neuron ddaB	FBbt:00001751	larval abdominal segment 4						
FBbt:00002399	abdominal 5 dorsal multidendritic neuron ddaB	FBbt:00002026	dorsal multidendritic neuron ddaB	FBbt:00001752	larval abdominal segment 5						
FBbt:00002400	abdominal 6 dorsal multidendritic neuron ddaB	FBbt:00002026	dorsal multidendritic neuron ddaB	FBbt:00001753	larval abdominal segment 6						
FBbt:00002401	abdominal 7 dorsal multidendritic neuron ddaB	FBbt:00002026	dorsal multidendritic neuron ddaB	FBbt:00001754	larval abdominal segment 7						
FBbt:00002402	abdominal dorsal multidendritic neuron ddaC	FBbt:00002027	larval dorsal multidendritic neuron ddaC	FBbt:00001747	larval abdominal segment	FBbt:00007314	larval intersegmental nerve of A1-7			FBbt:00007301	embryonic/larval dorsal sensory cluster of A1-7
FBbt:00002403	abdominal 1 dorsal multidendritic neuron ddaC	FBbt:00002027	dorsal multidendritic neuron ddaC	FBbt:00001748	larval abdominal segment 1						
FBbt:00002404	abdominal 2 dorsal multidendritic neuron ddaC	FBbt:00002027	dorsal multidendritic neuron ddaC	FBbt:00001749	larval abdominal segment 2						
FBbt:00002405	abdominal 3 dorsal multidendritic neuron ddaC	FBbt:00002027	dorsal multidendritic neuron ddaC	FBbt:00001750	larval abdominal segment 3						
FBbt:00002406	abdominal 4 dorsal multidendritic neuron ddaC	FBbt:00002027	dorsal multidendritic neuron ddaC	FBbt:00001751	larval abdominal segment 4						
FBbt:00002407	abdominal 5 dorsal multidendritic neuron ddaC	FBbt:00002027	dorsal multidendritic neuron ddaC	FBbt:00001752	larval abdominal segment 5						
FBbt:00002408	abdominal 6 dorsal multidendritic neuron ddaC	FBbt:00002027	dorsal multidendritic neuron ddaC	FBbt:00001753	larval abdominal segment 6						
FBbt:00002409	abdominal 7 dorsal multidendritic neuron ddaC	FBbt:00002027	dorsal multidendritic neuron ddaC	FBbt:00001754	larval abdominal segment 7						
FBbt:00002410	abdominal dorsal multidendritic neuron ddaD	FBbt:00002028	larval dorsal multidendritic neuron ddaD	FBbt:00001747	larval abdominal segment	FBbt:00007314	larval intersegmental nerve of A1-7			FBbt:00007301	embryonic/larval dorsal sensory cluster of A1-7
FBbt:00002411	abdominal 1 dorsal multidendritic neuron ddaD	FBbt:00002028	dorsal multidendritic neuron ddaD	FBbt:00001748	larval abdominal segment 1						
FBbt:00002412	abdominal 2 dorsal multidendritic neuron ddaD	FBbt:00002028	dorsal multidendritic neuron ddaD	FBbt:00001749	larval abdominal segment 2						
FBbt:00002413	abdominal 3 dorsal multidendritic neuron ddaD	FBbt:00002028	dorsal multidendritic neuron ddaD	FBbt:00001750	larval abdominal segment 3						
FBbt:00002414	abdominal 4 dorsal multidendritic neuron ddaD	FBbt:00002028	dorsal multidendritic neuron ddaD	FBbt:00001751	larval abdominal segment 4						
FBbt:00002415	abdominal 5 dorsal multidendritic neuron ddaD	FBbt:00002028	dorsal multidendritic neuron ddaD	FBbt:00001752	larval abdominal segment 5						
FBbt:00002416	abdominal 6 dorsal multidendritic neuron ddaD	FBbt:00002028	dorsal multidendritic neuron ddaD	FBbt:00001753	larval abdominal segment 6						
FBbt:00002417	abdominal 7 dorsal multidendritic neuron ddaD	FBbt:00002028	dorsal multidendritic neuron ddaD	FBbt:00001754	larval abdominal segment 7						
FBbt:00002418	abdominal dorsal multidendritic neuron ddaE	FBbt:00002029	larval dorsal multidendritic neuron ddaE	FBbt:00001747	larval abdominal segment	FBbt:00007314	larval intersegmental nerve of A1-7			FBbt:00007301	embryonic/larval dorsal sensory cluster of A1-7
FBbt:00002419	abdominal 1 dorsal multidendritic neuron ddaE	FBbt:00002029	dorsal multidendritic neuron ddaE	FBbt:00001748	larval abdominal segment 1						
FBbt:00002420	abdominal 2 dorsal multidendritic neuron ddaE	FBbt:00002029	dorsal multidendritic neuron ddaE	FBbt:00001749	larval abdominal segment 2						
FBbt:00002421	abdominal 3 dorsal multidendritic neuron ddaE	FBbt:00002029	dorsal multidendritic neuron ddaE	FBbt:00001750	larval abdominal segment 3						
FBbt:00002422	abdominal 4 dorsal multidendritic neuron ddaE	FBbt:00002029	dorsal multidendritic neuron ddaE	FBbt:00001751	larval abdominal segment 4						
FBbt:00002423	abdominal 5 dorsal multidendritic neuron ddaE	FBbt:00002029	dorsal multidendritic neuron ddaE	FBbt:00001752	larval abdominal segment 5						
FBbt:00002424	abdominal 6 dorsal multidendritic neuron ddaE	FBbt:00002029	dorsal multidendritic neuron ddaE	FBbt:00001753	larval abdominal segment 6						
FBbt:00002425	abdominal 7 dorsal multidendritic neuron ddaE	FBbt:00002029	dorsal multidendritic neuron ddaE	FBbt:00001754	larval abdominal segment 7						
FBbt:00002427	abdominal 1 lateral multidendritic neuron ldaB	FBbt:00002426	abdominal lateral multidendritic neuron ldaB	FBbt:00001748	larval abdominal segment 1						
FBbt:00002428	abdominal 2 lateral multidendritic neuron ldaB	FBbt:00002426	abdominal lateral multidendritic neuron ldaB	FBbt:00001749	larval abdominal segment 2						
FBbt:00002429	abdominal 3 lateral multidendritic neuron ldaB	FBbt:00002426	abdominal lateral multidendritic neuron ldaB	FBbt:00001750	larval abdominal segment 3						
FBbt:00002430	abdominal 4 lateral multidendritic neuron ldaB	FBbt:00002426	abdominal lateral multidendritic neuron ldaB	FBbt:00001751	larval abdominal segment 4						
FBbt:00002431	abdominal 5 lateral multidendritic neuron ldaB	FBbt:00002426	abdominal lateral multidendritic neuron ldaB	FBbt:00001752	larval abdominal segment 5						
FBbt:00002432	abdominal 6 lateral multidendritic neuron ldaB	FBbt:00002426	abdominal lateral multidendritic neuron ldaB	FBbt:00001753	larval abdominal segment 6						
FBbt:00002433	abdominal 7 lateral multidendritic neuron ldaB	FBbt:00002426	abdominal lateral multidendritic neuron ldaB	FBbt:00001754	larval abdominal segment 7						
FBbt:00002435	abdominal 1 lateral multidendritic neuron ldaA	FBbt:00002434	abdominal lateral multidendritic neuron ldaA	FBbt:00001748	larval abdominal segment 1						
FBbt:00002436	abdominal 2 lateral multidendritic neuron ldaA	FBbt:00002434	abdominal lateral multidendritic neuron ldaA	FBbt:00001749	larval abdominal segment 2						
FBbt:00002437	abdominal 3 lateral multidendritic neuron ldaA	FBbt:00002434	abdominal lateral multidendritic neuron ldaA	FBbt:00001750	larval abdominal segment 3						
FBbt:00002438	abdominal 4 lateral multidendritic neuron ldaA	FBbt:00002434	abdominal lateral multidendritic neuron ldaA	FBbt:00001751	larval abdominal segment 4						
FBbt:00002439	abdominal 5 lateral multidendritic neuron ldaA	FBbt:00002434	abdominal lateral multidendritic neuron ldaA	FBbt:00001752	larval abdominal segment 5						
FBbt:00002440	abdominal 6 lateral multidendritic neuron ldaA	FBbt:00002434	abdominal lateral multidendritic neuron ldaA	FBbt:00001753	larval abdominal segment 6						
FBbt:00002441	abdominal 7 lateral multidendritic neuron ldaA	FBbt:00002434	abdominal lateral multidendritic neuron ldaA	FBbt:00001754	larval abdominal segment 7						
FBbt:00002443	abdominal 1 dorsal bipolar neuron dbp	FBbt:00002442	abdominal dorsal bipolar neuron dbp	FBbt:00001748	larval abdominal segment 1						
FBbt:00002444	abdominal 2 dorsal bipolar neuron dbp	FBbt:00002442	abdominal dorsal bipolar neuron dbp	FBbt:00001749	larval abdominal segment 2						
FBbt:00002445	abdominal 3 dorsal bipolar neuron dbp	FBbt:00002442	abdominal dorsal bipolar neuron dbp	FBbt:00001750	larval abdominal segment 3						
FBbt:00002446	abdominal 4 dorsal bipolar neuron dbp	FBbt:00002442	abdominal dorsal bipolar neuron dbp	FBbt:00001751	larval abdominal segment 4						
FBbt:00002447	abdominal 5 dorsal bipolar neuron dbp	FBbt:00002442	abdominal dorsal bipolar neuron dbp	FBbt:00001752	larval abdominal segment 5						
FBbt:00002448	abdominal 6 dorsal bipolar neuron dbp	FBbt:00002442	abdominal dorsal bipolar neuron dbp	FBbt:00001753	larval abdominal segment 6						
FBbt:00002449	abdominal 7 dorsal bipolar neuron dbp	FBbt:00002442	abdominal dorsal bipolar neuron dbp	FBbt:00001754	larval abdominal segment 7						
FBbt:00002452	abdominal vch neuron	FBbt:00002039	vch neuron	FBbt:00001747	larval abdominal segment	FBbt:00007315|FBbt:00007329	larval segmental nerve of A1-7|larval segmental nerve branch SNc of A1-7	FBbt:00001747	larval abdominal segment	FBbt:00052121	embryonic/larval ventral sensory cluster of A1-7
FBbt:00002453		FBbt:00002039	vch neuron	FBbt:00001748	larval abdominal segment 1			FBbt:00001748	larval abdominal segment 1		
FBbt:00002454		FBbt:00002039	vch neuron	FBbt:00001749	larval abdominal segment 2			FBbt:00001749	larval abdominal segment 2		
FBbt:00002455		FBbt:00002039	vch neuron	FBbt:00001750	larval abdominal segment 3			FBbt:00001750	larval abdominal segment 3		
FBbt:00002456		FBbt:00002039	vch neuron	FBbt:00001751	larval abdominal segment 4			FBbt:00001751	larval abdominal segment 4		
FBbt:00002457		FBbt:00002039	vch neuron	FBbt:00001752	larval abdominal segment 5			FBbt:00001752	larval abdominal segment 5		
FBbt:00002458		FBbt:00002039	vch neuron	FBbt:00001753	larval abdominal segment 6			FBbt:00001753	larval abdominal segment 6		
FBbt:00002459		FBbt:00002039	vch neuron	FBbt:00001754	larval abdominal segment 7			FBbt:00001754	larval abdominal segment 7		
FBbt:00002460	abdominal vch1 neuron	FBbt:00002040	vch1 neuron	FBbt:00001747	larval abdominal segment	FBbt:00007315|FBbt:00007329	larval segmental nerve of A1-7|larval segmental nerve branch SNc of A1-7	FBbt:00002904	abdominal ventral monoscolopidial chordotonal organ vch1	FBbt:00052121	embryonic/larval ventral sensory cluster of A1-7
FBbt:00002461	abdominal 1 vch1 neuron	FBbt:00002040	vch1 neuron	FBbt:00001748	larval abdominal segment 1			FBbt:00002905	abdominal 1 ventral monoscolopidial chordotonal organ vch1		
FBbt:00002462	abdominal 2 vch1 neuron	FBbt:00002040	vch1 neuron	FBbt:00001749	larval abdominal segment 2			FBbt:00002906	abdominal 2 ventral monoscolopidial chordotonal organ vch1		
FBbt:00002463	abdominal 3 vch1 neuron	FBbt:00002040	vch1 neuron	FBbt:00001750	larval abdominal segment 3			FBbt:00002907	abdominal 3 ventral monoscolopidial chordotonal organ vch1		
FBbt:00002464	abdominal 4 vch1 neuron	FBbt:00002040	vch1 neuron	FBbt:00001751	larval abdominal segment 4			FBbt:00002908	abdominal 4 ventral monoscolopidial chordotonal organ vch1		
FBbt:00002465	abdominal 5 vch1 neuron	FBbt:00002040	vch1 neuron	FBbt:00001752	larval abdominal segment 5			FBbt:00002909	abdominal 5 ventral monoscolopidial chordotonal organ vch1		
FBbt:00002466	abdominal 6 vch1 neuron	FBbt:00002040	vch1 neuron	FBbt:00001753	larval abdominal segment 6			FBbt:00002910	abdominal 6 ventral monoscolopidial chordotonal organ vch1		
FBbt:00002467	abdominal 7 vch1 neuron	FBbt:00002040	vch1 neuron	FBbt:00001754	larval abdominal segment 7			FBbt:00002911	abdominal 7 ventral monoscolopidial chordotonal organ vch1		
FBbt:00002468	abdominal vesA neuron	FBbt:00002041	vesA neuron	FBbt:00001747	larval abdominal segment	FBbt:00007315|FBbt:00007329	larval segmental nerve of A1-7|larval segmental nerve branch SNc of A1-7	FBbt:00002863	abdominal ventral campaniform sensillum vc1	FBbt:00052121	embryonic/larval ventral sensory cluster of A1-7
FBbt:00002469		FBbt:00002041	vesA neuron	FBbt:00001748	larval abdominal segment 1			FBbt:00002864			
FBbt:00002470		FBbt:00002041	vesA neuron	FBbt:00001749	larval abdominal segment 2			FBbt:00002865			
FBbt:00002471		FBbt:00002041	vesA neuron	FBbt:00001750	larval abdominal segment 3			FBbt:00002866			
FBbt:00002472		FBbt:00002041	vesA neuron	FBbt:00001751	larval abdominal segment 4			FBbt:00002867			
FBbt:00002473		FBbt:00002041	vesA neuron	FBbt:00001752	larval abdominal segment 5			FBbt:00002868			
FBbt:00002474		FBbt:00002041	vesA neuron	FBbt:00001753	larval abdominal segment 6			FBbt:00002869			
FBbt:00002475		FBbt:00002041	vesA neuron	FBbt:00001754	larval abdominal segment 7			FBbt:00002870			
FBbt:00002476	abdominal vesB neuron	FBbt:00002042	vesB neuron	FBbt:00001747	larval abdominal segment	FBbt:00007315|FBbt:00007329	larval segmental nerve of A1-7|larval segmental nerve branch SNc of A1-7	FBbt:00002871	abdominal ventral campaniform sensillum vc2	FBbt:00052121	embryonic/larval ventral sensory cluster of A1-7
FBbt:00002477		FBbt:00002042	vesB neuron	FBbt:00001748	larval abdominal segment 1			FBbt:00002872			
FBbt:00002478		FBbt:00002042	vesB neuron	FBbt:00001749	larval abdominal segment 2			FBbt:00002873			
FBbt:00002479		FBbt:00002042	vesB neuron	FBbt:00001750	larval abdominal segment 3			FBbt:00002874			
FBbt:00002480		FBbt:00002042	vesB neuron	FBbt:00001751	larval abdominal segment 4			FBbt:00002875			
FBbt:00002481		FBbt:00002042	vesB neuron	FBbt:00001752	larval abdominal segment 5			FBbt:00002876			
FBbt:00002482		FBbt:00002042	vesB neuron	FBbt:00001753	larval abdominal segment 6			FBbt:00002877			
FBbt:00002483		FBbt:00002042	vesB neuron	FBbt:00001754	larval abdominal segment 7			FBbt:00002878			
FBbt:00002484	abdominal vesC neuron	FBbt:00002043	vesC neuron	FBbt:00001747	larval abdominal segment	FBbt:00007315|FBbt:00007329	larval segmental nerve of A1-7|larval segmental nerve branch SNc of A1-7	FBbt:00002879	abdominal ventral campaniform sensillum vc3	FBbt:00052121	embryonic/larval ventral sensory cluster of A1-7
FBbt:00002485		FBbt:00002043	vesC neuron	FBbt:00001748	larval abdominal segment 1			FBbt:00002880			
FBbt:00002486		FBbt:00002043	vesC neuron	FBbt:00001749	larval abdominal segment 2			FBbt:00002881			
FBbt:00002487		FBbt:00002043	vesC neuron	FBbt:00001750	larval abdominal segment 3			FBbt:00002882			
FBbt:00002488		FBbt:00002043	vesC neuron	FBbt:00001751	larval abdominal segment 4			FBbt:00002883			
FBbt:00002489		FBbt:00002043	vesC neuron	FBbt:00001752	larval abdominal segment 5			FBbt:00002884			
FBbt:00002490		FBbt:00002043	vesC neuron	FBbt:00001753	larval abdominal segment 6			FBbt:00002885			
FBbt:00002491		FBbt:00002043	vesC neuron	FBbt:00001754	larval abdominal segment 7			FBbt:00002886			
FBbt:00002492	abdominal v'esA neuron	FBbt:00002048	v'esA neuron	FBbt:00001747	larval abdominal segment	FBbt:00007315|FBbt:00007328	larval segmental nerve of A1-7|larval segmental nerve branch SNa of A1-7	FBbt:00002895	abdominal ventral campaniform sensillum vc4b	FBbt:00052122	embryonic/larval ventral’ sensory cluster of A1-7
FBbt:00002493	abdominal 1 v'esA neuron	FBbt:00002048	v'esA neuron	FBbt:00001748	larval abdominal segment 1			FBbt:00002896			
FBbt:00002494	abdominal 2 v'esA neuron	FBbt:00002048	v'esA neuron	FBbt:00001749	larval abdominal segment 2			FBbt:00002897			
FBbt:00002495	abdominal 3 v'esA neuron	FBbt:00002048	v'esA neuron	FBbt:00001750	larval abdominal segment 3			FBbt:00002898			
FBbt:00002496	abdominal 4 v'esA neuron	FBbt:00002048	v'esA neuron	FBbt:00001751	larval abdominal segment 4			FBbt:00002899			
FBbt:00002497	abdominal 5 v'esA neuron	FBbt:00002048	v'esA neuron	FBbt:00001752	larval abdominal segment 5			FBbt:00002900			
FBbt:00002498	abdominal 6 v'esA neuron	FBbt:00002048	v'esA neuron	FBbt:00001753	larval abdominal segment 6			FBbt:00002901			
FBbt:00002499	abdominal 7 v'esA neuron	FBbt:00002048	v'esA neuron	FBbt:00001754	larval abdominal segment 7			FBbt:00002902			
FBbt:00002500	abdominal v'esB neuron	FBbt:00002049	v'esB neuron	FBbt:00001747	larval abdominal segment	FBbt:00007315|FBbt:00007328	larval segmental nerve of A1-7|larval segmental nerve branch SNa of A1-7	FBbt:00002887	abdominal ventral campaniform sensillum vc4a	FBbt:00052122	embryonic/larval ventral’ sensory cluster of A1-7
FBbt:00002501		FBbt:00002049	v'esB neuron	FBbt:00001748	larval abdominal segment 1			FBbt:00002888			
FBbt:00002502		FBbt:00002049	v'esB neuron	FBbt:00001749	larval abdominal segment 2			FBbt:00002889			
FBbt:00002503		FBbt:00002049	v'esB neuron	FBbt:00001750	larval abdominal segment 3			FBbt:00002890			
FBbt:00002504		FBbt:00002049	v'esB neuron	FBbt:00001751	larval abdominal segment 4			FBbt:00002891			
FBbt:00002505		FBbt:00002049	v'esB neuron	FBbt:00001752	larval abdominal segment 5			FBbt:00002892			
FBbt:00002506		FBbt:00002049	v'esB neuron	FBbt:00001753	larval abdominal segment 6			FBbt:00002893			
FBbt:00002507		FBbt:00002049	v'esB neuron	FBbt:00001754	larval abdominal segment 7			FBbt:00002894			
FBbt:00002508	abdominal v'es2 neuron	FBbt:00002050	v'es2 neuron	FBbt:00001747	larval abdominal segment	FBbt:00007315|FBbt:00007328	larval segmental nerve of A1-7|larval segmental nerve branch SNa of A1-7	FBbt:00002903	abdominal ventral campaniform sensillum vc5	FBbt:00052122	embryonic/larval ventral’ sensory cluster of A1-7
FBbt:00002509	abdominal 1 v'es2 neuron	FBbt:00002050	v'es2 neuron	FBbt:00001748	larval abdominal segment 1			FBbt:00005224	abdominal 1 ventral campaniform sensillum vc5		
FBbt:00002510	abdominal 2 v'es2 neuron	FBbt:00002050	v'es2 neuron	FBbt:00001749	larval abdominal segment 2			FBbt:00005225	abdominal 2 ventral campaniform sensillum vc5		
FBbt:00002511	abdominal 3 v'es2 neuron	FBbt:00002050	v'es2 neuron	FBbt:00001750	larval abdominal segment 3			FBbt:00005226	abdominal 3 ventral campaniform sensillum vc5		
FBbt:00002512	abdominal 4 v'es2 neuron	FBbt:00002050	v'es2 neuron	FBbt:00001751	larval abdominal segment 4			FBbt:00005227	abdominal 4 ventral campaniform sensillum vc5		
FBbt:00002513	abdominal 5 v'es2 neuron	FBbt:00002050	v'es2 neuron	FBbt:00001752	larval abdominal segment 5			FBbt:00005228	abdominal 5 ventral campaniform sensillum vc5		
FBbt:00002514	abdominal 6 v'es2 neuron	FBbt:00002050	v'es2 neuron	FBbt:00001753	larval abdominal segment 6			FBbt:00005229	abdominal 6 ventral campaniform sensillum vc5		
FBbt:00002515	abdominal 7 v'es2 neuron	FBbt:00002050	v'es2 neuron	FBbt:00001754	larval abdominal segment 7			FBbt:00005230	abdominal 7 ventral campaniform sensillum vc5		
FBbt:00002516	abdominal ventral multidendritic neuron	FBbt:00002054	ventral multidendritic neuron	FBbt:00001747	larval abdominal segment	FBbt:00007315	larval segmental nerve of A1-7			FBbt:00007309	embryonic/larval ventral sensory cluster group of A1-7
FBbt:00002518	abdominal 1 anterior ventral multidendritic neuron vdaa	FBbt:00002517	abdominal anterior ventral multidendritic neuron vdaa	FBbt:00001748	larval abdominal segment 1						
FBbt:00002519	abdominal 2 anterior ventral multidendritic neuron vdaa	FBbt:00002517	abdominal anterior ventral multidendritic neuron vdaa	FBbt:00001749	larval abdominal segment 2						
FBbt:00002520	abdominal 3 anterior ventral multidendritic neuron vdaa	FBbt:00002517	abdominal anterior ventral multidendritic neuron vdaa	FBbt:00001750	larval abdominal segment 3						
FBbt:00002521	abdominal 4 anterior ventral multidendritic neuron vdaa	FBbt:00002517	abdominal anterior ventral multidendritic neuron vdaa	FBbt:00001751	larval abdominal segment 4						
FBbt:00002522	abdominal 5 anterior ventral multidendritic neuron vdaa	FBbt:00002517	abdominal anterior ventral multidendritic neuron vdaa	FBbt:00001752	larval abdominal segment 5						
FBbt:00002523	abdominal 6 anterior ventral multidendritic neuron vdaa	FBbt:00002517	abdominal anterior ventral multidendritic neuron vdaa	FBbt:00001753	larval abdominal segment 6						
FBbt:00002524	abdominal 7 anterior ventral multidendritic neuron vdaa	FBbt:00002517	abdominal anterior ventral multidendritic neuron vdaa	FBbt:00001754	larval abdominal segment 7						
FBbt:00002526	abdominal 1 posterior ventral multidendritic neuron vdap	FBbt:00002525	abdominal posterior ventral multidendritic neuron vdap	FBbt:00001748	larval abdominal segment 1						
FBbt:00002527	abdominal 2 posterior ventral multidendritic neuron vdap	FBbt:00002525	abdominal posterior ventral multidendritic neuron vdap	FBbt:00001749	larval abdominal segment 2						
FBbt:00002528	abdominal 3 posterior ventral multidendritic neuron vdap	FBbt:00002525	abdominal posterior ventral multidendritic neuron vdap	FBbt:00001750	larval abdominal segment 3						
FBbt:00002529	abdominal 4 posterior ventral multidendritic neuron vdap	FBbt:00002525	abdominal posterior ventral multidendritic neuron vdap	FBbt:00001751	larval abdominal segment 4						
FBbt:00002530	abdominal 5 posterior ventral multidendritic neuron vdap	FBbt:00002525	abdominal posterior ventral multidendritic neuron vdap	FBbt:00001752	larval abdominal segment 5						
FBbt:00002531	abdominal 6 posterior ventral multidendritic neuron vdap	FBbt:00002525	abdominal posterior ventral multidendritic neuron vdap	FBbt:00001753	larval abdominal segment 6						
FBbt:00002532	abdominal 7 posterior ventral multidendritic neuron vdap	FBbt:00002525	abdominal posterior ventral multidendritic neuron vdap	FBbt:00001754	larval abdominal segment 7						
FBbt:00002534	abdominal 1 ventral multidendritic neuron v'dap	FBbt:00002533	abdominal ventral multidendritic neuron v'dap	FBbt:00001748	larval abdominal segment 1						
FBbt:00002535	abdominal 2 ventral multidendritic neuron v'dap	FBbt:00002533	abdominal ventral multidendritic neuron v'dap	FBbt:00001749	larval abdominal segment 2						
FBbt:00002536	abdominal 3 ventral multidendritic neuron v'dap	FBbt:00002533	abdominal ventral multidendritic neuron v'dap	FBbt:00001750	larval abdominal segment 3						
FBbt:00002537	abdominal 4 ventral multidendritic neuron v'dap	FBbt:00002533	abdominal ventral multidendritic neuron v'dap	FBbt:00001751	larval abdominal segment 4						
FBbt:00002538	abdominal 5 ventral multidendritic neuron v'dap	FBbt:00002533	abdominal ventral multidendritic neuron v'dap	FBbt:00001752	larval abdominal segment 5						
FBbt:00002539	abdominal 6 ventral multidendritic neuron v'dap	FBbt:00002533	abdominal ventral multidendritic neuron v'dap	FBbt:00001753	larval abdominal segment 6						
FBbt:00002540	abdominal 7 ventral multidendritic neuron v'dap	FBbt:00002533	abdominal ventral multidendritic neuron v'dap	FBbt:00001754	larval abdominal segment 7						
FBbt:00002541	abdominal ventral multidendritic neuron vdaA	FBbt:00002055	larval ventral multidendritic neuron vdaA	FBbt:00001747	larval abdominal segment	FBbt:00007315|FBbt:00007329	larval segmental nerve of A1-7|larval segmental nerve branch SNc of A1-7			FBbt:00052121	embryonic/larval ventral sensory cluster of A1-7
FBbt:00002542	abdominal 1 ventral multidendritic neuron vdaA	FBbt:00002055	larval ventral multidendritic neuron vdaA	FBbt:00001748	larval abdominal segment 1						
FBbt:00002543	abdominal 2 ventral multidendritic neuron vdaA	FBbt:00002055	larval ventral multidendritic neuron vdaA	FBbt:00001749	larval abdominal segment 2						
FBbt:00002544	abdominal 3 ventral multidendritic neuron vdaA	FBbt:00002055	larval ventral multidendritic neuron vdaA	FBbt:00001750	larval abdominal segment 3						
FBbt:00002545	abdominal 4 ventral multidendritic neuron vdaA	FBbt:00002055	larval ventral multidendritic neuron vdaA	FBbt:00001751	larval abdominal segment 4						
FBbt:00002546	abdominal 5 ventral multidendritic neuron vdaA	FBbt:00002055	larval ventral multidendritic neuron vdaA	FBbt:00001752	larval abdominal segment 5						
FBbt:00002547	abdominal 6 ventral multidendritic neuron vdaA	FBbt:00002055	larval ventral multidendritic neuron vdaA	FBbt:00001753	larval abdominal segment 6						
FBbt:00002548	abdominal 7 ventral multidendritic neuron vdaA	FBbt:00002055	larval ventral multidendritic neuron vdaA	FBbt:00001754	larval abdominal segment 7						
FBbt:00002549	abdominal ventral multidendritic neuron vdaB	FBbt:00002056	larval ventral multidendritic neuron vdaB	FBbt:00001747	larval abdominal segment	FBbt:00007315|FBbt:00007329	larval segmental nerve of A1-7|larval segmental nerve branch SNc of A1-7			FBbt:00052121	embryonic/larval ventral sensory cluster of A1-7
FBbt:00002550	abdominal 1 ventral multidendritic neuron vdaB	FBbt:00002056	larval ventral multidendritic neuron vdaB	FBbt:00001748	larval abdominal segment 1						
FBbt:00002551	abdominal 2 ventral multidendritic neuron vdaB	FBbt:00002056	larval ventral multidendritic neuron vdaB	FBbt:00001749	larval abdominal segment 2						
FBbt:00002552	abdominal 3 ventral multidendritic neuron vdaB	FBbt:00002056	larval ventral multidendritic neuron vdaB	FBbt:00001750	larval abdominal segment 3						
FBbt:00002553	abdominal 4 ventral multidendritic neuron vdaB	FBbt:00002056	larval ventral multidendritic neuron vdaB	FBbt:00001751	larval abdominal segment 4						
FBbt:00002554	abdominal 5 ventral multidendritic neuron vdaB	FBbt:00002056	larval ventral multidendritic neuron vdaB	FBbt:00001752	larval abdominal segment 5						
FBbt:00002555	abdominal 6 ventral multidendritic neuron vdaB	FBbt:00002056	larval ventral multidendritic neuron vdaB	FBbt:00001753	larval abdominal segment 6						
FBbt:00002556	abdominal 7 ventral multidendritic neuron vdaB	FBbt:00002056	larval ventral multidendritic neuron vdaB	FBbt:00001754	larval abdominal segment 7						
FBbt:00002557	abdominal ventral multidendritic neuron vdaC	FBbt:00002057	larval ventral multidendritic neuron vdaC	FBbt:00001747	larval abdominal segment	FBbt:00007315|FBbt:00007329	larval segmental nerve of A1-7|larval segmental nerve branch SNc of A1-7			FBbt:00052121	embryonic/larval ventral sensory cluster of A1-7
FBbt:00002558	abdominal 1 ventral multidendritic neuron vdaC	FBbt:00002057	larval ventral multidendritic neuron vdaC	FBbt:00001748	larval abdominal segment 1						
FBbt:00002559	abdominal 2 ventral multidendritic neuron vdaC	FBbt:00002057	larval ventral multidendritic neuron vdaC	FBbt:00001749	larval abdominal segment 2						
FBbt:00002560	abdominal 3 ventral multidendritic neuron vdaC	FBbt:00002057	larval ventral multidendritic neuron vdaC	FBbt:00001750	larval abdominal segment 3						
FBbt:00002561	abdominal 4 ventral multidendritic neuron vdaC	FBbt:00002057	larval ventral multidendritic neuron vdaC	FBbt:00001751	larval abdominal segment 4						
FBbt:00002562	abdominal 5 ventral multidendritic neuron vdaC	FBbt:00002057	larval ventral multidendritic neuron vdaC	FBbt:00001752	larval abdominal segment 5						
FBbt:00002563	abdominal 6 ventral multidendritic neuron vdaC	FBbt:00002057	larval ventral multidendritic neuron vdaC	FBbt:00001753	larval abdominal segment 6						
FBbt:00002564	abdominal 7 ventral multidendritic neuron vdaC	FBbt:00002057	larval ventral multidendritic neuron vdaC	FBbt:00001754	larval abdominal segment 7						
FBbt:00002565	abdominal ventral multidendritic neuron vdaD	FBbt:00002058	larval ventral multidendritic neuron vdaD	FBbt:00001747	larval abdominal segment	FBbt:00007315|FBbt:00007329	larval segmental nerve of A1-7|larval segmental nerve branch SNc of A1-7			FBbt:00052121	embryonic/larval ventral sensory cluster of A1-7
FBbt:00002566	abdominal 1 ventral multidendritic neuron vdaD	FBbt:00002058	larval ventral multidendritic neuron vdaD	FBbt:00001748	larval abdominal segment 1						
FBbt:00002567	abdominal 2 ventral multidendritic neuron vdaD	FBbt:00002058	larval ventral multidendritic neuron vdaD	FBbt:00001749	larval abdominal segment 2						
FBbt:00002568	abdominal 3 ventral multidendritic neuron vdaD	FBbt:00002058	larval ventral multidendritic neuron vdaD	FBbt:00001750	larval abdominal segment 3						
FBbt:00002569	abdominal 4 ventral multidendritic neuron vdaD	FBbt:00002058	larval ventral multidendritic neuron vdaD	FBbt:00001751	larval abdominal segment 4						
FBbt:00002570	abdominal 5 ventral multidendritic neuron vdaD	FBbt:00002058	larval ventral multidendritic neuron vdaD	FBbt:00001752	larval abdominal segment 5						
FBbt:00002571	abdominal 6 ventral multidendritic neuron vdaD	FBbt:00002058	larval ventral multidendritic neuron vdaD	FBbt:00001753	larval abdominal segment 6						
FBbt:00002572	abdominal 7 ventral multidendritic neuron vdaD	FBbt:00002058	larval ventral multidendritic neuron vdaD	FBbt:00001754	larval abdominal segment 7						
FBbt:00002574	abdominal 1 ventral multidendritic neuron vtd1	FBbt:00002573	abdominal ventral multidendritic neuron vtd1	FBbt:00001748	larval abdominal segment 1						
FBbt:00002575	abdominal 2 ventral multidendritic neuron vtd1	FBbt:00002573	abdominal ventral multidendritic neuron vtd1	FBbt:00001749	larval abdominal segment 2						
FBbt:00002576	abdominal 3 ventral multidendritic neuron vtd1	FBbt:00002573	abdominal ventral multidendritic neuron vtd1	FBbt:00001750	larval abdominal segment 3						
FBbt:00002577	abdominal 4 ventral multidendritic neuron vtd1	FBbt:00002573	abdominal ventral multidendritic neuron vtd1	FBbt:00001751	larval abdominal segment 4						
FBbt:00002578	abdominal 5 ventral multidendritic neuron vtd1	FBbt:00002573	abdominal ventral multidendritic neuron vtd1	FBbt:00001752	larval abdominal segment 5						
FBbt:00002579	abdominal 6 ventral multidendritic neuron vtd1	FBbt:00002573	abdominal ventral multidendritic neuron vtd1	FBbt:00001753	larval abdominal segment 6						
FBbt:00002582	abdominal 1 ventral multidendritic neuron vtd2	FBbt:00002581	abdominal ventral multidendritic neuron vtd2	FBbt:00001748	larval abdominal segment 1						
FBbt:00002583	abdominal 2 ventral multidendritic neuron vtd2	FBbt:00002581	abdominal ventral multidendritic neuron vtd2	FBbt:00001749	larval abdominal segment 2						
FBbt:00002584	abdominal 3 ventral multidendritic neuron vtd2	FBbt:00002581	abdominal ventral multidendritic neuron vtd2	FBbt:00001750	larval abdominal segment 3						
FBbt:00002585	abdominal 4 ventral multidendritic neuron vtd2	FBbt:00002581	abdominal ventral multidendritic neuron vtd2	FBbt:00001751	larval abdominal segment 4						
FBbt:00002586	abdominal 5 ventral multidendritic neuron vtd2	FBbt:00002581	abdominal ventral multidendritic neuron vtd2	FBbt:00001752	larval abdominal segment 5						
FBbt:00002587	abdominal 6 ventral multidendritic neuron vtd2	FBbt:00002581	abdominal ventral multidendritic neuron vtd2	FBbt:00001753	larval abdominal segment 6						
FBbt:00002588	abdominal 7 ventral multidendritic neuron vtd2	FBbt:00002581	abdominal ventral multidendritic neuron vtd2	FBbt:00001754	larval abdominal segment 7						
FBbt:00002590	abdominal 1 ventral bipolar neuron vbp	FBbt:00002589	abdominal ventral bipolar neuron vbp	FBbt:00001748	larval abdominal segment 1						
FBbt:00002591	abdominal 2 ventral bipolar neuron vbp	FBbt:00002589	abdominal ventral bipolar neuron vbp	FBbt:00001749	larval abdominal segment 2						
FBbt:00002592	abdominal 3 ventral bipolar neuron vbp	FBbt:00002589	abdominal ventral bipolar neuron vbp	FBbt:00001750	larval abdominal segment 3						
FBbt:00002593	abdominal 4 ventral bipolar neuron vbp	FBbt:00002589	abdominal ventral bipolar neuron vbp	FBbt:00001751	larval abdominal segment 4						
FBbt:00002594	abdominal 5 ventral bipolar neuron vbp	FBbt:00002589	abdominal ventral bipolar neuron vbp	FBbt:00001752	larval abdominal segment 5						
FBbt:00002595	abdominal 6 ventral bipolar neuron vbp	FBbt:00002589	abdominal ventral bipolar neuron vbp	FBbt:00001753	larval abdominal segment 6						
FBbt:00002596	abdominal 7 ventral bipolar neuron vbp	FBbt:00002589	abdominal ventral bipolar neuron vbp	FBbt:00001754	larval abdominal segment 7						
FBbt:00002607	abdominal 8 sensory neuron	FBbt:00005124	sensory neuron	FBbt:00001755	larval abdominal segment 8						
FBbt:00002611	abdominal 8 dch3/1 neuron	FBbt:00002011	dch3/1 neuron	FBbt:00001755	larval abdominal segment 8	FBbt:00002606	embryonic/larval abdominal 8 nerve	FBbt:00002933	abdominal 8 lateral chordotonal organ lch3		
FBbt:00002619	abdominal 9 sensory neuron	FBbt:00005124	sensory neuron	FBbt:00001756	larval abdominal segment 9	FBbt:00002618	larval abdominal 9 intersegmental nerve				
FBbt:00002621	abdominal 9 dch3/1 neuron	FBbt:00002011	dch3/1 neuron	FBbt:00001756	larval abdominal segment 9			FBbt:00002945	abdominal 9 lateral chordotonal organ lch3/1		
FBbt:00002622	abdominal 9 multidendritic neuron	FBbt:00048285	larval multidendritic neuron	FBbt:00001756	larval abdominal segment 9						
FBbt:00002624	abdominal 10 sensory neuron	FBbt:00005124	sensory neuron	FBbt:00001757	larval abdominal segment 10	FBbt:00002623	larval abdominal 10 intersegmental nerve				
FBbt:00006025	abdominal dorsal multidendritic neuron ddaF	FBbt:00006024	larval dorsal multidendritic neuron ddaF	FBbt:00001747	larval abdominal segment	FBbt:00007314	larval intersegmental nerve of A1-7			FBbt:00007301	embryonic/larval dorsal sensory cluster of A1-7
FBbt:00006026	abdominal 1 dorsal multidendritic neuron ddaF	FBbt:00006024	larval dorsal multidendritic neuron ddaF	FBbt:00001748	larval abdominal segment 1						
FBbt:00006027	metathoracic dorsal multidendritic neuron ddaF	FBbt:00006024	larval dorsal multidendritic neuron ddaF	FBbt:00001745	larval metathoracic segment	FBbt:00002142	larval metathoracic intersegmental nerve			FBbt:00007300	embryonic/larval metathoracic dorsal sensory cluster
FBbt:00007257	abdominal vch2 neuron	FBbt:00007256	vch2 neuron	FBbt:00001747	larval abdominal segment	FBbt:00007315|FBbt:00007329	larval segmental nerve of A1-7|larval segmental nerve branch SNc of A1-7	FBbt:00007255	abdominal ventral monoscolopidial chordotonal organ vch2	FBbt:00052121	embryonic/larval ventral sensory cluster of A1-7
FBbt:00007258	abdominal 7 vch2 neuron	FBbt:00007256	vch2 neuron	FBbt:00001754	larval abdominal segment 7			FBbt:00007265	abdominal 7 ventral monoscolopidial chordotonal organ vch2		
FBbt:00007259	abdominal 2 vch2 neuron	FBbt:00007256	vch2 neuron	FBbt:00001749	larval abdominal segment 2			FBbt:00007266	abdominal 2 ventral monoscolopidial chordotonal organ vch2		
FBbt:00007260	abdominal 3 vch2 neuron	FBbt:00007256	vch2 neuron	FBbt:00001750	larval abdominal segment 3			FBbt:00007267	abdominal 3 ventral monoscolopidial chordotonal organ vch2		
FBbt:00007261	abdominal 4 vch2 neuron	FBbt:00007256	vch2 neuron	FBbt:00001751	larval abdominal segment 4			FBbt:00007268	abdominal 4 ventral monoscolopidial chordotonal organ vch2		
FBbt:00007262	abdominal 5 vch2 neuron	FBbt:00007256	vch2 neuron	FBbt:00001752	larval abdominal segment 5			FBbt:00007269	abdominal 5 ventral monoscolopidial chordotonal organ vch2		
FBbt:00007263	abdominal 6 vch2 neuron	FBbt:00007256	vch2 neuron	FBbt:00001753	larval abdominal segment 6			FBbt:00007270	abdominal 6 ventral monoscolopidial chordotonal organ vch2		
FBbt:00007264	abdominal 1 vch2 neuron	FBbt:00007256	vch2 neuron	FBbt:00001748	larval abdominal segment 1			FBbt:00007271	abdominal 1 ventral monoscolopidial chordotonal organ vch2		
FBbt:00007500	abdominal dorsal multidendritic neuron	FBbt:00002024	larval dorsal multidendritic neuron	FBbt:00001747	larval abdominal segment	FBbt:00007314	larval intersegmental nerve of A1-7			FBbt:00007301	embryonic/larval dorsal sensory cluster of A1-7
FBbt:00007501	abdominal lateral multidendritic neuron	FBbt:00002030	larval lateral multidendritic neuron	FBbt:00001747	larval abdominal segment					FBbt:00007305	embryonic/larval lateral sensory cluster of A1-7
FBbt:00012116	mesothoracic dorsal multidendritic neuron ddaF	FBbt:00006024	larval dorsal multidendritic neuron ddaF	FBbt:00001744	larval mesothoracic segment	FBbt:00002104	larval mesothoracic intersegmental nerve			FBbt:00007298	embryonic/larval mesothoracic dorsal sensory cluster
FBbt:00012388	abdominal 2 dorsal multidendritic neuron ddaF	FBbt:00006024	larval dorsal multidendritic neuron ddaF	FBbt:00001749	larval abdominal segment 2						
FBbt:00012389	abdominal 3 dorsal multidendritic neuron ddaF	FBbt:00006024	larval dorsal multidendritic neuron ddaF	FBbt:00001750	larval abdominal segment 3						
FBbt:00012390	abdominal 4 dorsal multidendritic neuron ddaF	FBbt:00006024	larval dorsal multidendritic neuron ddaF	FBbt:00001751	larval abdominal segment 4						
FBbt:00012391	abdominal 5 dorsal multidendritic neuron ddaF	FBbt:00006024	larval dorsal multidendritic neuron ddaF	FBbt:00001752	larval abdominal segment 5						
FBbt:00012392	abdominal 6 dorsal multidendritic neuron ddaF	FBbt:00006024	larval dorsal multidendritic neuron ddaF	FBbt:00001753	larval abdominal segment 6						
FBbt:00012393	abdominal 7 dorsal multidendritic neuron ddaF	FBbt:00006024	larval dorsal multidendritic neuron ddaF	FBbt:00001754	larval abdominal segment 7						
FBbt:00047273	abdominal 1 lch5-1 neuron	FBbt:00047268	abdominal lch5-1 neuron	FBbt:00001748	larval abdominal segment 1						
FBbt:00047274	abdominal 2 lch5-1 neuron	FBbt:00047268	abdominal lch5-1 neuron	FBbt:00001749	larval abdominal segment 2						
FBbt:00047275	abdominal 3 lch5-1 neuron	FBbt:00047268	abdominal lch5-1 neuron	FBbt:00001750	larval abdominal segment 3						
FBbt:00047276	abdominal 4 lch5-1 neuron	FBbt:00047268	abdominal lch5-1 neuron	FBbt:00001751	larval abdominal segment 4						
FBbt:00047277	abdominal 5 lch5-1 neuron	FBbt:00047268	abdominal lch5-1 neuron	FBbt:00001752	larval abdominal segment 5						
FBbt:00047278	abdominal 6 lch5-1 neuron	FBbt:00047268	abdominal lch5-1 neuron	FBbt:00001753	larval abdominal segment 6						
FBbt:00047279	abdominal 7 lch5-1 neuron	FBbt:00047268	abdominal lch5-1 neuron	FBbt:00001754	larval abdominal segment 7						
FBbt:00047280	abdominal 1 lch5-2 neuron	FBbt:00047271	abdominal lch5-2 neuron	FBbt:00001748	larval abdominal segment 1						
FBbt:00047281	abdominal 2 lch5-2 neuron	FBbt:00047271	abdominal lch5-2 neuron	FBbt:00001749	larval abdominal segment 2						
FBbt:00047282	abdominal 3 lch5-2 neuron	FBbt:00047271	abdominal lch5-2 neuron	FBbt:00001750	larval abdominal segment 3						
FBbt:00047283	abdominal 4 lch5-2 neuron	FBbt:00047271	abdominal lch5-2 neuron	FBbt:00001751	larval abdominal segment 4						
FBbt:00047284	abdominal 5 lch5-2 neuron	FBbt:00047271	abdominal lch5-2 neuron	FBbt:00001752	larval abdominal segment 5						
FBbt:00047285	abdominal 6 lch5-2 neuron	FBbt:00047271	abdominal lch5-2 neuron	FBbt:00001753	larval abdominal segment 6						
FBbt:00047286	abdominal 7 lch5-2 neuron	FBbt:00047271	abdominal lch5-2 neuron	FBbt:00001754	larval abdominal segment 7						
FBbt:00047287	abdominal 1 lch5-3 neuron	FBbt:00047269	abdominal lch5-3 neuron	FBbt:00001748	larval abdominal segment 1						
FBbt:00047288	abdominal 2 lch5-3 neuron	FBbt:00047269	abdominal lch5-3 neuron	FBbt:00001749	larval abdominal segment 2						
FBbt:00047289	abdominal 3 lch5-3 neuron	FBbt:00047269	abdominal lch5-3 neuron	FBbt:00001750	larval abdominal segment 3						
FBbt:00047290	abdominal 4 lch5-3 neuron	FBbt:00047269	abdominal lch5-3 neuron	FBbt:00001751	larval abdominal segment 4						
FBbt:00047291	abdominal 5 lch5-3 neuron	FBbt:00047269	abdominal lch5-3 neuron	FBbt:00001752	larval abdominal segment 5						
FBbt:00047292	abdominal 6 lch5-3 neuron	FBbt:00047269	abdominal lch5-3 neuron	FBbt:00001753	larval abdominal segment 6						
FBbt:00047293	abdominal 7 lch5-3 neuron	FBbt:00047269	abdominal lch5-3 neuron	FBbt:00001754	larval abdominal segment 7						
FBbt:00047294	abdominal 1 lch5-4 neuron	FBbt:00047272	abdominal lch5-4 neuron	FBbt:00001748	larval abdominal segment 1						
FBbt:00047295	abdominal 2 lch5-4 neuron	FBbt:00047272	abdominal lch5-4 neuron	FBbt:00001749	larval abdominal segment 2						
FBbt:00047296	abdominal 3 lch5-4 neuron	FBbt:00047272	abdominal lch5-4 neuron	FBbt:00001750	larval abdominal segment 3						
FBbt:00047297	abdominal 4 lch5-4 neuron	FBbt:00047272	abdominal lch5-4 neuron	FBbt:00001751	larval abdominal segment 4						
FBbt:00047298	abdominal 5 lch5-4 neuron	FBbt:00047272	abdominal lch5-4 neuron	FBbt:00001752	larval abdominal segment 5						
FBbt:00047299	abdominal 6 lch5-4 neuron	FBbt:00047272	abdominal lch5-4 neuron	FBbt:00001753	larval abdominal segment 6						
FBbt:00047300	abdominal 7 lch5-4 neuron	FBbt:00047272	abdominal lch5-4 neuron	FBbt:00001754	larval abdominal segment 7						
FBbt:00047301	abdominal 1 lch5-5 neuron	FBbt:00047270	abdominal lch5-5 neuron	FBbt:00001748	larval abdominal segment 1						
FBbt:00047302	abdominal 2 lch5-5 neuron	FBbt:00047270	abdominal lch5-5 neuron	FBbt:00001749	larval abdominal segment 2						
FBbt:00047303	abdominal 3 lch5-5 neuron	FBbt:00047270	abdominal lch5-5 neuron	FBbt:00001750	larval abdominal segment 3						
FBbt:00047304	abdominal 4 lch5-5 neuron	FBbt:00047270	abdominal lch5-5 neuron	FBbt:00001751	larval abdominal segment 4						
FBbt:00047305	abdominal 5 lch5-5 neuron	FBbt:00047270	abdominal lch5-5 neuron	FBbt:00001752	larval abdominal segment 5						
FBbt:00047306	abdominal 6 lch5-5 neuron	FBbt:00047270	abdominal lch5-5 neuron	FBbt:00001753	larval abdominal segment 6						
FBbt:00047307	abdominal 7 lch5-5 neuron	FBbt:00047270	abdominal lch5-5 neuron	FBbt:00001754	larval abdominal segment 7						
FBbt:00047687	abdominal 1 lch5-2/4 neuron	FBbt:00047266	abdominal lch5-2/4 neuron	FBbt:00001748	larval abdominal segment 1						
FBbt:00047688	abdominal 2 lch5-2/4 neuron	FBbt:00047266	abdominal lch5-2/4 neuron	FBbt:00001749	larval abdominal segment 2						
FBbt:00047689	larval abdominal 3 lch5-2/4 neuron	FBbt:00047266	abdominal lch5-2/4 neuron	FBbt:00001750	larval abdominal segment 3						
FBbt:00047690	abdominal 4 lch5-2/4 neuron	FBbt:00047266	abdominal lch5-2/4 neuron	FBbt:00001751	larval abdominal segment 4						
FBbt:00047691	abdominal 5 lch5-2/4 neuron	FBbt:00047266	abdominal lch5-2/4 neuron	FBbt:00001752	larval abdominal segment 5						
FBbt:00047692	abdominal 6 lch5-2/4 neuron	FBbt:00047266	abdominal lch5-2/4 neuron	FBbt:00001753	larval abdominal segment 6						
FBbt:00047693	abdominal 7 lch5-2/4 neuron	FBbt:00047266	abdominal lch5-2/4 neuron	FBbt:00001754	larval abdominal segment 7						
FBbt:00047694	abdominal 1 lch5-1/3/5 neuron	FBbt:00047267	abdominal lch5-1/3/5 neuron	FBbt:00001748	larval abdominal segment 1						
FBbt:00047695	abdominal 2 lch5-1/3/5 neuron	FBbt:00047267	abdominal lch5-1/3/5 neuron	FBbt:00001749	larval abdominal segment 2						
FBbt:00047696	abdominal 3 lch5-1/3/5 neuron	FBbt:00047267	abdominal lch5-1/3/5 neuron	FBbt:00001750	larval abdominal segment 3						
FBbt:00047697	abdominal 4 lch5-1/3/5 neuron	FBbt:00047267	abdominal lch5-1/3/5 neuron	FBbt:00001751	larval abdominal segment 4						
FBbt:00047698	abdominal 5 lch5-1/3/5 neuron	FBbt:00047267	abdominal lch5-1/3/5 neuron	FBbt:00001752	larval abdominal segment 5						
FBbt:00047699	abdominal 6 lch5-1/3/5 neuron	FBbt:00047267	abdominal lch5-1/3/5 neuron	FBbt:00001753	larval abdominal segment 6						
FBbt:00047700	abdominal 7 lch5-1/3/5 neuron	FBbt:00047267	abdominal lch5-1/3/5 neuron	FBbt:00001754	larval abdominal segment 7						
FBbt:00052040		FBbt:00002010	dch3 neuron	FBbt:00001743	larval prothoracic segment	FBbt:00002064	larval prothoracic intersegmental nerve	FBbt:00002734		FBbt:00007299	embryonic/larval prothoracic dorsal sensory cluster
FBbt:00052041		FBbt:00002010	dch3 neuron	FBbt:00001744	larval mesothoracic segment	FBbt:00002104	larval mesothoracic intersegmental nerve	FBbt:00002752		FBbt:00007298	embryonic/larval mesothoracic dorsal sensory cluster
FBbt:00052042		FBbt:00002010	dch3 neuron	FBbt:00001745	larval metathoracic segment	FBbt:00002142	larval metathoracic intersegmental nerve	FBbt:00002770		FBbt:00007300	embryonic/larval metathoracic dorsal sensory cluster
FBbt:00052114		FBbt:00002030	larval lateral multidendritic neuron	FBbt:00001742		FBbt:00001997				FBbt:00007399	
FBbt:00100024	abdominal lch1 neuron	FBbt:00100032	lch1 neuron	FBbt:00001747	larval abdominal segment	FBbt:00007315|FBbt:00007328	larval segmental nerve of A1-7|larval segmental nerve branch SNa of A1-7	FBbt:00002823	abdominal lateral monoscolopidial chordotonal organ lch1	FBbt:00007305	embryonic/larval lateral sensory cluster of A1-7
FBbt:00100025	abdominal 1 lch1 neuron	FBbt:00100032	lch1 neuron	FBbt:00001748	larval abdominal segment 1			FBbt:00002824	abdominal 1 lateral monoscolopidial chordotonal organ lch1		
FBbt:00100026	abdominal 2 lch1 neuron	FBbt:00100032	lch1 neuron	FBbt:00001749	larval abdominal segment 2			FBbt:00002825	abdominal 2 lateral monoscolopidial chordotonal organ lch1		
FBbt:00100027	abdominal 3 lch1 neuron	FBbt:00100032	lch1 neuron	FBbt:00001750	larval abdominal segment 3			FBbt:00002826	abdominal 3 lateral monoscolopidial chordotonal organ lch1		
FBbt:00100028	abdominal 4 lch1 neuron	FBbt:00100032	lch1 neuron	FBbt:00001751	larval abdominal segment 4			FBbt:00002827	abdominal 4 lateral monoscolopidial chordotonal organ lch1		
FBbt:00100029	abdominal 5 lch1 neuron	FBbt:00100032	lch1 neuron	FBbt:00001752	larval abdominal segment 5			FBbt:00002828	abdominal 5 lateral monoscolopidial chordotonal organ lch1		
FBbt:00100030	abdominal 6 lch1 neuron	FBbt:00100032	lch1 neuron	FBbt:00001753	larval abdominal segment 6			FBbt:00002829	abdominal 6 lateral monoscolopidial chordotonal organ lch1		
FBbt:00100031	abdominal 7 lch1 neuron	FBbt:00100032	lch1 neuron	FBbt:00001754	larval abdominal segment 7			FBbt:00002830	abdominal 7 lateral monoscolopidial chordotonal organ lch1		
