defined_class	defined_class_label	neuron_type	neuron_type_label	Landgraf_name	Hoang_name	Doe_name	neuromere	neuromere_label	neuromere_short	alt_segment_long	alt_segment_short	Ib_muscle	Ib_muscle_label	Is_muscle	Is_muscle_label	II_muscle	II_muscle_label	III_muscle	III_muscle_label	nerve	nerve_label
FBbt:00047805	larval DA1 motor neuron of metathoracic neuromere	FBbt:00001447	aCC neuron	DA1	MN1-Ib	aCC	FBbt:00111032	larval metathoracic neuromere	T3	abdominal 1	A1	FBbt:00000640	muscle cell of abdominal 1 dorsal acute muscle 1								
FBbt:00047806	larval DA1 motor neuron of abdominal 1 neuromere	FBbt:00001447	aCC neuron	DA1	MN1-Ib	aCC	FBbt:00111033	larval abdominal 1 neuromere	A1	abdominal 2	A2	FBbt:00000685	muscle cell of abdominal 2 dorsal acute muscle 1								
FBbt:00047807	larval DA1 motor neuron of abdominal 2 neuromere	FBbt:00001447	aCC neuron	DA1	MN1-Ib	aCC	FBbt:00111034	larval abdominal 2 neuromere	A2	abdominal 3	A3	FBbt:00000730	muscle cell of abdominal 3 dorsal acute muscle 1								
FBbt:00047808	larval DA1 motor neuron of abdominal 3 neuromere	FBbt:00001447	aCC neuron	DA1	MN1-Ib	aCC	FBbt:00111035	larval abdominal 3 neuromere	A3	abdominal 4	A4	FBbt:00000775	muscle cell of abdominal 4 dorsal acute muscle 1								
FBbt:00047809	larval DA1 motor neuron of abdominal 4 neuromere	FBbt:00001447	aCC neuron	DA1	MN1-Ib	aCC	FBbt:00111036	larval abdominal 4 neuromere	A4	abdominal 5	A5	FBbt:00000820	muscle cell of abdominal 5 dorsal acute muscle 1								
FBbt:00047810	larval DA1 motor neuron of abdominal 5 neuromere	FBbt:00001447	aCC neuron	DA1	MN1-Ib	aCC	FBbt:00111037	larval abdominal 5 neuromere	A5	abdominal 6	A6	FBbt:00000865	muscle cell of abdominal 6 dorsal acute muscle 1								
FBbt:00047811	larval DA1 motor neuron of abdominal 6 neuromere	FBbt:00001447	aCC neuron	DA1	MN1-Ib	aCC	FBbt:00111038	larval abdominal 6 neuromere	A6	abdominal 7	A7	FBbt:00000910	muscle cell of abdominal 7 dorsal acute muscle 1								
FBbt:00047812	larval DA1 motor neuron of prothoracic neuromere	FBbt:00001447	aCC neuron	DA1	MN1-Ib	aCC	FBbt:00111030	larval prothoracic neuromere	T1	mesothoracic	T2	FBbt:00000523	muscle cell of mesothoracic dorsal acute muscle 1								
FBbt:00047813	larval DA1 motor neuron of mesothoracic neuromere	FBbt:00001447	aCC neuron	DA1	MN1-Ib	aCC	FBbt:00111031	larval mesothoracic neuromere	T2	metathoracic	T3	FBbt:00000555	muscle cell of metathoracic dorsal acute muscle 1								
FBbt:00002312	larval DA2 motor neuron of metathoracic neuromere	FBbt:00001567	DA2 motor neuron	DA2	MN2-Ib	U3	FBbt:00111032	larval metathoracic neuromere	T3	abdominal 1	A1	FBbt:00000641	muscle cell of abdominal 1 dorsal acute muscle 2								
FBbt:00002313	larval DA2 motor neuron of abdominal 1 neuromere	FBbt:00001567	DA2 motor neuron	DA2	MN2-Ib	U3	FBbt:00111033	larval abdominal 1 neuromere	A1	abdominal 2	A2	FBbt:00000686	muscle cell of abdominal 2 dorsal acute muscle 2								
FBbt:00002314	larval DA2 motor neuron of abdominal 2 neuromere	FBbt:00001567	DA2 motor neuron	DA2	MN2-Ib	U3	FBbt:00111034	larval abdominal 2 neuromere	A2	abdominal 3	A3	FBbt:00000731	muscle cell of abdominal 3 dorsal acute muscle 2								
FBbt:00002315	larval DA2 motor neuron of abdominal 3 neuromere	FBbt:00001567	DA2 motor neuron	DA2	MN2-Ib	U3	FBbt:00111035	larval abdominal 3 neuromere	A3	abdominal 4	A4	FBbt:00000776	muscle cell of abdominal 4 dorsal acute muscle 2								
FBbt:00002316	larval DA2 motor neuron of abdominal 4 neuromere	FBbt:00001567	DA2 motor neuron	DA2	MN2-Ib	U3	FBbt:00111036	larval abdominal 4 neuromere	A4	abdominal 5	A5	FBbt:00000821	muscle cell of abdominal 5 dorsal acute muscle 2								
FBbt:00002317	larval DA2 motor neuron of abdominal 5 neuromere	FBbt:00001567	DA2 motor neuron	DA2	MN2-Ib	U3	FBbt:00111037	larval abdominal 5 neuromere	A5	abdominal 6	A6	FBbt:00000866	muscle cell of abdominal 6 dorsal acute muscle 2								
FBbt:00002318	larval DA2 motor neuron of abdominal 6 neuromere	FBbt:00001567	DA2 motor neuron	DA2	MN2-Ib	U3	FBbt:00111038	larval abdominal 6 neuromere	A6	abdominal 7	A7	FBbt:00000911	muscle cell of abdominal 7 dorsal acute muscle 2								
FBbt:00048732	larval DA3 motor neuron of metathoracic neuromere	FBbt:00110231	DA3 motor neuron	DA3	MN3-Ib	U4	FBbt:00111032	larval metathoracic neuromere	T3	abdominal 1	A1	FBbt:00000642	muscle cell of abdominal 1 dorsal acute muscle 3								
FBbt:00048733	larval DA3 motor neuron of abdominal 1 neuromere	FBbt:00110231	DA3 motor neuron	DA3	MN3-Ib	U4	FBbt:00111033	larval abdominal 1 neuromere	A1	abdominal 2	A2	FBbt:00000687	muscle cell of abdominal 2 dorsal acute muscle 3								
FBbt:00048734	larval DA3 motor neuron of abdominal 2 neuromere	FBbt:00110231	DA3 motor neuron	DA3	MN3-Ib	U4	FBbt:00111034	larval abdominal 2 neuromere	A2	abdominal 3	A3	FBbt:00000732	muscle cell of abdominal 3 dorsal acute muscle 3								
FBbt:00048735	larval DA3 motor neuron of abdominal 3 neuromere	FBbt:00110231	DA3 motor neuron	DA3	MN3-Ib	U4	FBbt:00111035	larval abdominal 3 neuromere	A3	abdominal 4	A4	FBbt:00000777	muscle cell of abdominal 4 dorsal acute muscle 3								
FBbt:00048736	larval DA3 motor neuron of abdominal 4 neuromere	FBbt:00110231	DA3 motor neuron	DA3	MN3-Ib	U4	FBbt:00111036	larval abdominal 4 neuromere	A4	abdominal 5	A5	FBbt:00000822	muscle cell of abdominal 5 dorsal acute muscle 3								
FBbt:00048737	larval DA3 motor neuron of abdominal 5 neuromere	FBbt:00110231	DA3 motor neuron	DA3	MN3-Ib	U4	FBbt:00111037	larval abdominal 5 neuromere	A5	abdominal 6	A6	FBbt:00000867	muscle cell of abdominal 6 dorsal acute muscle 3								
FBbt:00048738	larval DA3 motor neuron of abdominal 6 neuromere	FBbt:00110231	DA3 motor neuron	DA3	MN3-Ib	U4	FBbt:00111038	larval abdominal 6 neuromere	A6	abdominal 7	A7	FBbt:00000912	muscle cell of abdominal 7 dorsal acute muscle 3								
FBbt:00002304	larval DO1 motor neuron of metathoracic neuromere	FBbt:00110225	DO1 motor neuron	DO1	MN9-Ib	U1	FBbt:00111032	larval metathoracic neuromere	T3	abdominal 1	A1	FBbt:00000658	muscle cell of abdominal 1 dorsal oblique muscle 1								
FBbt:00002305	larval DO1 motor neuron of abdominal 1 neuromere	FBbt:00110225	DO1 motor neuron	DO1	MN9-Ib	U1	FBbt:00111033	larval abdominal 1 neuromere	A1	abdominal 2	A2	FBbt:00000694	muscle cell of abdominal 2 dorsal oblique muscle 1								
FBbt:00002306	larval DO1 motor neuron of abdominal 2 neuromere	FBbt:00110225	DO1 motor neuron	DO1	MN9-Ib	U1	FBbt:00111034	larval abdominal 2 neuromere	A2	abdominal 3	A3	FBbt:00000739	muscle cell of abdominal 3 dorsal oblique muscle 1								
FBbt:00002307	larval DO1 motor neuron of abdominal 3 neuromere	FBbt:00110225	DO1 motor neuron	DO1	MN9-Ib	U1	FBbt:00111035	larval abdominal 3 neuromere	A3	abdominal 4	A4	FBbt:00000784	muscle cell of abdominal 4 dorsal oblique muscle 1								
FBbt:00002308	larval DO1 motor neuron of abdominal 4 neuromere	FBbt:00110225	DO1 motor neuron	DO1	MN9-Ib	U1	FBbt:00111036	larval abdominal 4 neuromere	A4	abdominal 5	A5	FBbt:00000829	muscle cell of abdominal 5 dorsal oblique muscle 1								
FBbt:00002309	larval DO1 motor neuron of abdominal 5 neuromere	FBbt:00110225	DO1 motor neuron	DO1	MN9-Ib	U1	FBbt:00111037	larval abdominal 5 neuromere	A5	abdominal 6	A6	FBbt:00000874	muscle cell of abdominal 6 dorsal oblique muscle 1								
FBbt:00002310	larval DO1 motor neuron of abdominal 6 neuromere	FBbt:00110225	DO1 motor neuron	DO1	MN9-Ib	U1	FBbt:00111038	larval abdominal 6 neuromere	A6	abdominal 7	A7	FBbt:00000919	muscle cell of abdominal 7 dorsal oblique muscle 1								
FBbt:00048725	larval DO2 motor neuron of metathoracic neuromere	FBbt:00110228	DO2 motor neuron	DO2	MN10-Ib	U2	FBbt:00111032	larval metathoracic neuromere	T3	abdominal 1	A1	FBbt:00000659	muscle cell of abdominal 1 dorsal oblique muscle 2								
FBbt:00048726	larval DO2 motor neuron of abdominal 1 neuromere	FBbt:00110228	DO2 motor neuron	DO2	MN10-Ib	U2	FBbt:00111033	larval abdominal 1 neuromere	A1	abdominal 2	A2	FBbt:00000695	muscle cell of abdominal 2 dorsal oblique muscle 2								
FBbt:00048727	larval DO2 motor neuron of abdominal 2 neuromere	FBbt:00110228	DO2 motor neuron	DO2	MN10-Ib	U2	FBbt:00111034	larval abdominal 2 neuromere	A2	abdominal 3	A3	FBbt:00000740	muscle cell of abdominal 3 dorsal oblique muscle 2								
FBbt:00048728	larval DO2 motor neuron of abdominal 3 neuromere	FBbt:00110228	DO2 motor neuron	DO2	MN10-Ib	U2	FBbt:00111035	larval abdominal 3 neuromere	A3	abdominal 4	A4	FBbt:00000785	muscle cell of abdominal 4 dorsal oblique muscle 2								
FBbt:00048729	larval DO2 motor neuron of abdominal 4 neuromere	FBbt:00110228	DO2 motor neuron	DO2	MN10-Ib	U2	FBbt:00111036	larval abdominal 4 neuromere	A4	abdominal 5	A5	FBbt:00000830	muscle cell of abdominal 5 dorsal oblique muscle 2								
FBbt:00048730	larval DO2 motor neuron of abdominal 5 neuromere	FBbt:00110228	DO2 motor neuron	DO2	MN10-Ib	U2	FBbt:00111037	larval abdominal 5 neuromere	A5	abdominal 6	A6	FBbt:00000875	muscle cell of abdominal 6 dorsal oblique muscle 2								
FBbt:00048731	larval DO2 motor neuron of abdominal 6 neuromere	FBbt:00110228	DO2 motor neuron	DO2	MN10-Ib	U2	FBbt:00111038	larval abdominal 6 neuromere	A6	abdominal 7	A7	FBbt:00000920	muscle cell of abdominal 7 dorsal oblique muscle 2								
FBbt:00048739	larval DO3 motor neuron of metathoracic neuromere	FBbt:00011548	DO3 motor neuron	DO3	MN11-Ib		FBbt:00111032	larval metathoracic neuromere	T3	abdominal 1	A1	FBbt:00000660	muscle cell of abdominal 1 dorsal oblique muscle 3								
FBbt:00048740	larval DO3 motor neuron of abdominal 1 neuromere	FBbt:00011548	DO3 motor neuron	DO3	MN11-Ib		FBbt:00111033	larval abdominal 1 neuromere	A1	abdominal 2	A2	FBbt:00000696	muscle cell of abdominal 2 dorsal oblique muscle 3								
FBbt:00048741	larval DO3 motor neuron of abdominal 2 neuromere	FBbt:00011548	DO3 motor neuron	DO3	MN11-Ib		FBbt:00111034	larval abdominal 2 neuromere	A2	abdominal 3	A3	FBbt:00000741	muscle cell of abdominal 3 dorsal oblique muscle 3								
FBbt:00048742	larval DO3 motor neuron of abdominal 3 neuromere	FBbt:00011548	DO3 motor neuron	DO3	MN11-Ib		FBbt:00111035	larval abdominal 3 neuromere	A3	abdominal 4	A4	FBbt:00000786	muscle cell of abdominal 4 dorsal oblique muscle 3								
FBbt:00048743	larval DO3 motor neuron of abdominal 4 neuromere	FBbt:00011548	DO3 motor neuron	DO3	MN11-Ib		FBbt:00111036	larval abdominal 4 neuromere	A4	abdominal 5	A5	FBbt:00000831	muscle cell of abdominal 5 dorsal oblique muscle 3								
FBbt:00048744	larval DO3 motor neuron of abdominal 5 neuromere	FBbt:00011548	DO3 motor neuron	DO3	MN11-Ib		FBbt:00111037	larval abdominal 5 neuromere	A5	abdominal 6	A6	FBbt:00000876	muscle cell of abdominal 6 dorsal oblique muscle 3								
FBbt:00048745	larval DO3 motor neuron of abdominal 6 neuromere	FBbt:00011548	DO3 motor neuron	DO3	MN11-Ib		FBbt:00111038	larval abdominal 6 neuromere	A6	abdominal 7	A7	FBbt:00000921	muscle cell of abdominal 7 dorsal oblique muscle 3								
FBbt:00048746	larval DO4 motor neuron of metathoracic neuromere	FBbt:00110238	DO4 motor neuron	DO4	MN19-Ib		FBbt:00111032	larval metathoracic neuromere	T3	abdominal 1	A1	FBbt:00000661	muscle cell of abdominal 1 dorsal oblique muscle 4								
FBbt:00048747	larval DO4 motor neuron of abdominal 1 neuromere	FBbt:00110238	DO4 motor neuron	DO4	MN19-Ib		FBbt:00111033	larval abdominal 1 neuromere	A1	abdominal 2	A2	FBbt:00000697	muscle cell of abdominal 2 dorsal oblique muscle 4								
FBbt:00048748	larval DO4 motor neuron of abdominal 2 neuromere	FBbt:00110238	DO4 motor neuron	DO4	MN19-Ib		FBbt:00111034	larval abdominal 2 neuromere	A2	abdominal 3	A3	FBbt:00000742	muscle cell of abdominal 3 dorsal oblique muscle 4								
FBbt:00048749	larval DO4 motor neuron of abdominal 3 neuromere	FBbt:00110238	DO4 motor neuron	DO4	MN19-Ib		FBbt:00111035	larval abdominal 3 neuromere	A3	abdominal 4	A4	FBbt:00000787	muscle cell of abdominal 4 dorsal oblique muscle 4								
FBbt:00048750	larval DO4 motor neuron of abdominal 4 neuromere	FBbt:00110238	DO4 motor neuron	DO4	MN19-Ib		FBbt:00111036	larval abdominal 4 neuromere	A4	abdominal 5	A5	FBbt:00000832	muscle cell of abdominal 5 dorsal oblique muscle 4								
FBbt:00048751	larval DO4 motor neuron of abdominal 5 neuromere	FBbt:00110238	DO4 motor neuron	DO4	MN19-Ib		FBbt:00111037	larval abdominal 5 neuromere	A5	abdominal 6	A6	FBbt:00000877	muscle cell of abdominal 6 dorsal oblique muscle 4								
FBbt:00048752	larval DO4 motor neuron of abdominal 6 neuromere	FBbt:00110238	DO4 motor neuron	DO4	MN19-Ib		FBbt:00111038	larval abdominal 6 neuromere	A6	abdominal 7	A7	FBbt:00000922	muscle cell of abdominal 7 dorsal oblique muscle 4								
FBbt:00048753	larval DO5 motor neuron of metathoracic neuromere	FBbt:00110241	DO5 motor neuron	DO5	MN20-Ib		FBbt:00111032	larval metathoracic neuromere	T3	abdominal 1	A1	FBbt:00000662	muscle cell of abdominal 1 dorsal oblique muscle 5								
FBbt:00048754	larval DO5 motor neuron of abdominal 1 neuromere	FBbt:00110241	DO5 motor neuron	DO5	MN20-Ib		FBbt:00111033	larval abdominal 1 neuromere	A1	abdominal 2	A2	FBbt:00000698	muscle cell of abdominal 2 dorsal oblique muscle 5								
FBbt:00048755	larval DO5 motor neuron of abdominal 2 neuromere	FBbt:00110241	DO5 motor neuron	DO5	MN20-Ib		FBbt:00111034	larval abdominal 2 neuromere	A2	abdominal 3	A3	FBbt:00000743	muscle cell of abdominal 3 dorsal oblique muscle 5								
FBbt:00048756	larval DO5 motor neuron of abdominal 3 neuromere	FBbt:00110241	DO5 motor neuron	DO5	MN20-Ib		FBbt:00111035	larval abdominal 3 neuromere	A3	abdominal 4	A4	FBbt:00000788	muscle cell of abdominal 4 dorsal oblique muscle 5								
FBbt:00048757	larval DO5 motor neuron of abdominal 4 neuromere	FBbt:00110241	DO5 motor neuron	DO5	MN20-Ib		FBbt:00111036	larval abdominal 4 neuromere	A4	abdominal 5	A5	FBbt:00000833	muscle cell of abdominal 5 dorsal oblique muscle 5								
FBbt:00048758	larval DO5 motor neuron of abdominal 5 neuromere	FBbt:00110241	DO5 motor neuron	DO5	MN20-Ib		FBbt:00111037	larval abdominal 5 neuromere	A5	abdominal 6	A6	FBbt:00000878	muscle cell of abdominal 6 dorsal oblique muscle 5								
FBbt:00048759	larval DO5 motor neuron of abdominal 6 neuromere	FBbt:00110241	DO5 motor neuron	DO5	MN20-Ib		FBbt:00111038	larval abdominal 6 neuromere	A6	abdominal 7	A7	FBbt:00000923	muscle cell of abdominal 7 dorsal oblique muscle 5								
FBbt:00002208	larval dorsal motor neuron of abdominal 1 neuromere	FBbt:00001453	RP2 motor neuron	RP2	MNISN-Is		FBbt:00111033	larval abdominal 1 neuromere	A1					FBbt:00000640|FBbt:00000641|FBbt:00000642|FBbt:00000658|FBbt:00000659|FBbt:00000661|FBbt:00000662|FBbt:00000649|FBbt:00000673	muscle cell of abdominal 1 dorsal acute muscle 1|muscle cell of abdominal 1 dorsal acute muscle 2|muscle cell of abdominal 1 dorsal acute muscle 3|muscle cell of abdominal 1 dorsal oblique muscle 1|muscle cell of abdominal 1 dorsal oblique muscle 2|muscle cell of abdominal 1 dorsal oblique muscle 4|muscle cell of abdominal 1 dorsal oblique muscle 5|muscle cell of abdominal 1 lateral longitudinal muscle 1|muscle cell of abdominal 1 dorsal transverse muscle 1						
FBbt:00002209	larval dorsal motor neuron of abdominal 2 neuromere	FBbt:00001453	RP2 motor neuron	RP2	MNISN-Is		FBbt:00111034	larval abdominal 2 neuromere	A2					FBbt:00000685|FBbt:00000686|FBbt:00000687|FBbt:00000694|FBbt:00000695|FBbt:00000697|FBbt:00000698|FBbt:00000710|FBbt:00000719	muscle cell of abdominal 2 dorsal acute muscle 1|muscle cell of abdominal 2 dorsal acute muscle 2|muscle cell of abdominal 2 dorsal acute muscle 3|muscle cell of abdominal 2 dorsal oblique muscle 1|muscle cell of abdominal 2 dorsal oblique muscle 2|muscle cell of abdominal 2 dorsal oblique muscle 4|muscle cell of abdominal 2 dorsal oblique muscle 5|muscle cell of abdominal 2 lateral longitudinal muscle 1|muscle cell of abdominal 2 dorsal transverse muscle 1						
FBbt:00002210	larval dorsal motor neuron of abdominal 3 neuromere	FBbt:00001453	RP2 motor neuron	RP2	MNISN-Is		FBbt:00111035	larval abdominal 3 neuromere	A3					FBbt:00000730|FBbt:00000731|FBbt:00000732|FBbt:00000739|FBbt:00000740|FBbt:00000742|FBbt:00000743|FBbt:00000755|FBbt:00000764	muscle cell of abdominal 3 dorsal acute muscle 1|muscle cell of abdominal 3 dorsal acute muscle 2|muscle cell of abdominal 3 dorsal acute muscle 3|muscle cell of abdominal 3 dorsal oblique muscle 1|muscle cell of abdominal 3 dorsal oblique muscle 2|muscle cell of abdominal 3 dorsal oblique muscle 4|muscle cell of abdominal 3 dorsal oblique muscle 5|muscle cell of abdominal 3 lateral longitudinal muscle 1|muscle cell of abdominal 3 dorsal transverse muscle 1						
FBbt:00002211	larval dorsal motor neuron of abdominal 4 neuromere	FBbt:00001453	RP2 motor neuron	RP2	MNISN-Is		FBbt:00111036	larval abdominal 4 neuromere	A4					FBbt:00000775|FBbt:00000776|FBbt:00000777|FBbt:00000784|FBbt:00000785|FBbt:00000787|FBbt:00000788|FBbt:00000800|FBbt:00000809	muscle cell of abdominal 4 dorsal acute muscle 1|muscle cell of abdominal 4 dorsal acute muscle 2|muscle cell of abdominal 4 dorsal acute muscle 3|muscle cell of abdominal 4 dorsal oblique muscle 1|muscle cell of abdominal 4 dorsal oblique muscle 2|muscle cell of abdominal 4 dorsal oblique muscle 4|muscle cell of abdominal 4 dorsal oblique muscle 5|muscle cell of abdominal 4 lateral longitudinal muscle 1|muscle cell of abdominal 4 dorsal transverse muscle 1						
FBbt:00002212	larval dorsal motor neuron of abdominal 5 neuromere	FBbt:00001453	RP2 motor neuron	RP2	MNISN-Is		FBbt:00111037	larval abdominal 5 neuromere	A5					FBbt:00000820|FBbt:00000821|FBbt:00000822|FBbt:00000829|FBbt:00000830|FBbt:00000832|FBbt:00000833|FBbt:00000845|FBbt:00000854	muscle cell of abdominal 5 dorsal acute muscle 1|muscle cell of abdominal 5 dorsal acute muscle 2|muscle cell of abdominal 5 dorsal acute muscle 3|muscle cell of abdominal 5 dorsal oblique muscle 1|muscle cell of abdominal 5 dorsal oblique muscle 2|muscle cell of abdominal 5 dorsal oblique muscle 4|muscle cell of abdominal 5 dorsal oblique muscle 5|muscle cell of abdominal 5 lateral longitudinal muscle 1|muscle cell of abdominal 5 dorsal transverse muscle 1						
FBbt:00002213	larval dorsal motor neuron of abdominal 6 neuromere	FBbt:00001453	RP2 motor neuron	RP2	MNISN-Is		FBbt:00111038	larval abdominal 6 neuromere	A6					FBbt:00000865|FBbt:00000866|FBbt:00000867|FBbt:00000874|FBbt:00000875|FBbt:00000877|FBbt:00000878|FBbt:00000890|FBbt:00000899	muscle cell of abdominal 6 dorsal acute muscle 1|muscle cell of abdominal 6 dorsal acute muscle 2|muscle cell of abdominal 6 dorsal acute muscle 3|muscle cell of abdominal 6 dorsal oblique muscle 1|muscle cell of abdominal 6 dorsal oblique muscle 2|muscle cell of abdominal 6 dorsal oblique muscle 4|muscle cell of abdominal 6 dorsal oblique muscle 5|muscle cell of abdominal 6 lateral longitudinal muscle 1|muscle cell of abdominal 6 dorsal transverse muscle 1						
FBbt:00002214	larval dorsal motor neuron of abdominal 7 neuromere	FBbt:00001453	RP2 motor neuron	RP2	MNISN-Is		FBbt:00111039	larval abdominal 7 neuromere	A7					FBbt:00000910|FBbt:00000911|FBbt:00000912|FBbt:00000919|FBbt:00000920|FBbt:00000922|FBbt:00000923|FBbt:00000935|FBbt:00000944	muscle cell of abdominal 7 dorsal acute muscle 1|muscle cell of abdominal 7 dorsal acute muscle 2|muscle cell of abdominal 7 dorsal acute muscle 3|muscle cell of abdominal 7 dorsal oblique muscle 1|muscle cell of abdominal 7 dorsal oblique muscle 2|muscle cell of abdominal 7 dorsal oblique muscle 4|muscle cell of abdominal 7 dorsal oblique muscle 5|muscle cell of abdominal 7 lateral longitudinal muscle 1|muscle cell of abdominal 7 dorsal transverse muscle 1						
FBbt:00002240	larval dorsal VUM motor neuron of abdominal 1 neuromere	FBbt:00110295	dorsal VUM motor neuron	dorsal VUM	A1-7 MNISN-II		FBbt:00111033	larval abdominal 1 neuromere	A1							FBbt:00000640|FBbt:00000641|FBbt:00000642|FBbt:00000658|FBbt:00000659|FBbt:00000660|FBbt:00000661|FBbt:00000662|FBbt:00000649|FBbt:00000673	muscle cell of abdominal 1 dorsal acute muscle 1|muscle cell of abdominal 1 dorsal acute muscle 2|muscle cell of abdominal 1 dorsal acute muscle 3|muscle cell of abdominal 1 dorsal oblique muscle 1|muscle cell of abdominal 1 dorsal oblique muscle 2|muscle cell of abdominal 1 dorsal oblique muscle 3|muscle cell of abdominal 1 dorsal oblique muscle 4|muscle cell of abdominal 1 dorsal oblique muscle 5|muscle cell of abdominal 1 lateral longitudinal muscle 1|muscle cell of abdominal 1 dorsal transverse muscle 1				
FBbt:00002241	larval dorsal VUM motor neuron of abdominal 2 neuromere	FBbt:00110295	dorsal VUM motor neuron	dorsal VUM	A1-7 MNISN-II		FBbt:00111034	larval abdominal 2 neuromere	A2							FBbt:00000687|FBbt:00000719|FBbt:00000686|FBbt:00000685|FBbt:00000694|FBbt:00000697|FBbt:00000710|FBbt:00000695|FBbt:00000698|FBbt:00000696	muscle cell of abdominal 2 dorsal acute muscle 3|muscle cell of abdominal 2 dorsal transverse muscle 1|muscle cell of abdominal 2 dorsal acute muscle 2|muscle cell of abdominal 2 dorsal acute muscle 1|muscle cell of abdominal 2 dorsal oblique muscle 1|muscle cell of abdominal 2 dorsal oblique muscle 4|muscle cell of abdominal 2 lateral longitudinal muscle 1|muscle cell of abdominal 2 dorsal oblique muscle 2|muscle cell of abdominal 2 dorsal oblique muscle 5|muscle cell of abdominal 2 dorsal oblique muscle 3				
FBbt:00002242	larval dorsal VUM motor neuron of abdominal 3 neuromere	FBbt:00110295	dorsal VUM motor neuron	dorsal VUM	A1-7 MNISN-II		FBbt:00111035	larval abdominal 3 neuromere	A3							FBbt:00000743|FBbt:00000740|FBbt:00000739|FBbt:00000732|FBbt:00000764|FBbt:00000755|FBbt:00000742|FBbt:00000731|FBbt:00000730|FBbt:00000741	muscle cell of abdominal 3 dorsal oblique muscle 5|muscle cell of abdominal 3 dorsal oblique muscle 2|muscle cell of abdominal 3 dorsal oblique muscle 1|muscle cell of abdominal 3 dorsal acute muscle 3|muscle cell of abdominal 3 dorsal transverse muscle 1|muscle cell of abdominal 3 lateral longitudinal muscle 1|muscle cell of abdominal 3 dorsal oblique muscle 4|muscle cell of abdominal 3 dorsal acute muscle 2|muscle cell of abdominal 3 dorsal acute muscle 1|muscle cell of abdominal 3 dorsal oblique muscle 3				
FBbt:00002243	larval dorsal VUM motor neuron of abdominal 4 neuromere	FBbt:00110295	dorsal VUM motor neuron	dorsal VUM	A1-7 MNISN-II		FBbt:00111036	larval abdominal 4 neuromere	A4							FBbt:00000809|FBbt:00000786|FBbt:00000800|FBbt:00000787|FBbt:00000788|FBbt:00000776|FBbt:00000785|FBbt:00000777|FBbt:00000775|FBbt:00000784	muscle cell of abdominal 4 dorsal transverse muscle 1|muscle cell of abdominal 4 dorsal oblique muscle 3|muscle cell of abdominal 4 lateral longitudinal muscle 1|muscle cell of abdominal 4 dorsal oblique muscle 4|muscle cell of abdominal 4 dorsal oblique muscle 5|muscle cell of abdominal 4 dorsal acute muscle 2|muscle cell of abdominal 4 dorsal oblique muscle 2|muscle cell of abdominal 4 dorsal acute muscle 3|muscle cell of abdominal 4 dorsal acute muscle 1|muscle cell of abdominal 4 dorsal oblique muscle 1				
FBbt:00002244	larval dorsal VUM motor neuron of abdominal 5 neuromere	FBbt:00110295	dorsal VUM motor neuron	dorsal VUM	A1-7 MNISN-II		FBbt:00111037	larval abdominal 5 neuromere	A5							FBbt:00000833|FBbt:00000822|FBbt:00000854|FBbt:00000832|FBbt:00000820|FBbt:00000831|FBbt:00000830|FBbt:00000845|FBbt:00000821|FBbt:00000829	muscle cell of abdominal 5 dorsal oblique muscle 5|muscle cell of abdominal 5 dorsal acute muscle 3|muscle cell of abdominal 5 dorsal transverse muscle 1|muscle cell of abdominal 5 dorsal oblique muscle 4|muscle cell of abdominal 5 dorsal acute muscle 1|muscle cell of abdominal 5 dorsal oblique muscle 3|muscle cell of abdominal 5 dorsal oblique muscle 2|muscle cell of abdominal 5 lateral longitudinal muscle 1|muscle cell of abdominal 5 dorsal acute muscle 2|muscle cell of abdominal 5 dorsal oblique muscle 1				
FBbt:00002245	larval dorsal VUM motor neuron of abdominal 6 neuromere	FBbt:00110295	dorsal VUM motor neuron	dorsal VUM	A1-7 MNISN-II		FBbt:00111038	larval abdominal 6 neuromere	A6							FBbt:00000874|FBbt:00000899|FBbt:00000878|FBbt:00000890|FBbt:00000877|FBbt:00000865|FBbt:00000867|FBbt:00000876|FBbt:00000875|FBbt:00000866	muscle cell of abdominal 6 dorsal oblique muscle 1|muscle cell of abdominal 6 dorsal transverse muscle 1|muscle cell of abdominal 6 dorsal oblique muscle 5|muscle cell of abdominal 6 lateral longitudinal muscle 1|muscle cell of abdominal 6 dorsal oblique muscle 4|muscle cell of abdominal 6 dorsal acute muscle 1|muscle cell of abdominal 6 dorsal acute muscle 3|muscle cell of abdominal 6 dorsal oblique muscle 3|muscle cell of abdominal 6 dorsal oblique muscle 2|muscle cell of abdominal 6 dorsal acute muscle 2				
FBbt:00002246	larval dorsal VUM motor neuron of abdominal 7 neuromere	FBbt:00110295	dorsal VUM motor neuron	dorsal VUM	A1-7 MNISN-II		FBbt:00111039	larval abdominal 7 neuromere	A7							FBbt:00000920|FBbt:00000921|FBbt:00000944|FBbt:00000910|FBbt:00000922|FBbt:00000912|FBbt:00000919|FBbt:00000911|FBbt:00000935|FBbt:00000923	muscle cell of abdominal 7 dorsal oblique muscle 2|muscle cell of abdominal 7 dorsal oblique muscle 3|muscle cell of abdominal 7 dorsal transverse muscle 1|muscle cell of abdominal 7 dorsal acute muscle 1|muscle cell of abdominal 7 dorsal oblique muscle 4|muscle cell of abdominal 7 dorsal acute muscle 3|muscle cell of abdominal 7 dorsal oblique muscle 1|muscle cell of abdominal 7 dorsal acute muscle 2|muscle cell of abdominal 7 lateral longitudinal muscle 1|muscle cell of abdominal 7 dorsal oblique muscle 5				
FBbt:00048760	larval DT1 motor neuron of metathoracic neuromere	FBbt:00110277	DT1 motor neuron	DT1	MN18-Ib		FBbt:00111032	larval metathoracic neuromere	T3	abdominal 1	A1	FBbt:00000673	muscle cell of abdominal 1 dorsal transverse muscle 1								
FBbt:00048761	larval DT1 motor neuron of abdominal 1 neuromere	FBbt:00110277	DT1 motor neuron	DT1	MN18-Ib		FBbt:00111033	larval abdominal 1 neuromere	A1	abdominal 2	A2	FBbt:00000719	muscle cell of abdominal 2 dorsal transverse muscle 1								
FBbt:00048762	larval DT1 motor neuron of abdominal 2 neuromere	FBbt:00110277	DT1 motor neuron	DT1	MN18-Ib		FBbt:00111034	larval abdominal 2 neuromere	A2	abdominal 3	A3	FBbt:00000764	muscle cell of abdominal 3 dorsal transverse muscle 1								
FBbt:00048763	larval DT1 motor neuron of abdominal 3 neuromere	FBbt:00110277	DT1 motor neuron	DT1	MN18-Ib		FBbt:00111035	larval abdominal 3 neuromere	A3	abdominal 4	A4	FBbt:00000809	muscle cell of abdominal 4 dorsal transverse muscle 1								
FBbt:00048764	larval DT1 motor neuron of abdominal 4 neuromere	FBbt:00110277	DT1 motor neuron	DT1	MN18-Ib		FBbt:00111036	larval abdominal 4 neuromere	A4	abdominal 5	A5	FBbt:00000854	muscle cell of abdominal 5 dorsal transverse muscle 1								
FBbt:00048765	larval DT1 motor neuron of abdominal 5 neuromere	FBbt:00110277	DT1 motor neuron	DT1	MN18-Ib		FBbt:00111037	larval abdominal 5 neuromere	A5	abdominal 6	A6	FBbt:00000899	muscle cell of abdominal 6 dorsal transverse muscle 1								
FBbt:00048766	larval DT1 motor neuron of abdominal 6 neuromere	FBbt:00110277	DT1 motor neuron	DT1	MN18-Ib		FBbt:00111038	larval abdominal 6 neuromere	A6	abdominal 7	A7	FBbt:00000944	muscle cell of abdominal 7 dorsal transverse muscle 1								
FBbt:00002256	larval lateral VUM motor neuron of abdominal 1 neuromere	FBbt:00110308	lateral VUM motor neuron	lateral VUM	MNSNa-II	lateral VUM	FBbt:00111033	larval abdominal 1 neuromere	A1							FBbt:00000664|FBbt:00000655|FBbt:00000675|FBbt:00000676|FBbt:00000677|FBbt:00000678	muscle cell of abdominal 1 lateral oblique muscle 1|abdominal 1 segment border muscle cell|muscle cell of abdominal 1 lateral transverse muscle 1|muscle cell of abdominal 1 lateral transverse muscle 2|muscle cell of abdominal 1 lateral transverse muscle 3|muscle cell of abdominal 1 lateral transverse muscle 4				
FBbt:00002257	larval lateral VUM motor neuron of abdominal 2 neuromere	FBbt:00110308	lateral VUM motor neuron	lateral VUM	MNSNa-II	lateral VUM	FBbt:00111034	larval abdominal 2 neuromere	A2							FBbt:00000723|FBbt:00000724|FBbt:00000721|FBbt:00000700|FBbt:00000722|FBbt:00000716	muscle cell of abdominal 2 lateral transverse muscle 3|muscle cell of abdominal 2 lateral transverse muscle 4|muscle cell of abdominal 2 lateral transverse muscle 1|muscle cell of abdominal 2 lateral oblique muscle 1|muscle cell of abdominal 2 lateral transverse muscle 2|abdominal 2 segment border muscle cell				
FBbt:00002258	larval lateral VUM motor neuron of abdominal 3 neuromere	FBbt:00110308	lateral VUM motor neuron	lateral VUM	MNSNa-II	lateral VUM	FBbt:00111035	larval abdominal 3 neuromere	A3							FBbt:00000761|FBbt:00000768|FBbt:00000767|FBbt:00000769|FBbt:00000745|FBbt:00000766	abdominal 3 segment border muscle cell|muscle cell of abdominal 3 lateral transverse muscle 3|muscle cell of abdominal 3 lateral transverse muscle 2|muscle cell of abdominal 3 lateral transverse muscle 4|muscle cell of abdominal 3 lateral oblique muscle 1|muscle cell of abdominal 3 lateral transverse muscle 1				
FBbt:00002259	larval lateral VUM motor neuron of abdominal 4 neuromere	FBbt:00110308	lateral VUM motor neuron	lateral VUM	MNSNa-II	lateral VUM	FBbt:00111036	larval abdominal 4 neuromere	A4							FBbt:00000811|FBbt:00000814|FBbt:00000812|FBbt:00000806|FBbt:00000813|FBbt:00000790	muscle cell of abdominal 4 lateral transverse muscle 1|muscle cell of abdominal 4 lateral transverse muscle 4|muscle cell of abdominal 4 lateral transverse muscle 2|abdominal 4 segment border muscle cell|muscle cell of abdominal 4 lateral transverse muscle 3|muscle cell of abdominal 4 lateral oblique muscle 1				
FBbt:00002260	larval lateral VUM motor neuron of abdominal 5 neuromere	FBbt:00110308	lateral VUM motor neuron	lateral VUM	MNSNa-II	lateral VUM	FBbt:00111037	larval abdominal 5 neuromere	A5							FBbt:00000835|FBbt:00000859|FBbt:00000858|FBbt:00000856|FBbt:00000851|FBbt:00000857	muscle cell of abdominal 5 lateral oblique muscle 1|muscle cell of abdominal 5 lateral transverse muscle 4|muscle cell of abdominal 5 lateral transverse muscle 3|muscle cell of abdominal 5 lateral transverse muscle 1|abdominal 5 segment border muscle cell|muscle cell of abdominal 5 lateral transverse muscle 2				
FBbt:00002261	larval lateral VUM motor neuron of abdominal 6 neuromere	FBbt:00110308	lateral VUM motor neuron	lateral VUM	MNSNa-II	lateral VUM	FBbt:00111038	larval abdominal 6 neuromere	A6							FBbt:00000880|FBbt:00000896|FBbt:00000902|FBbt:00000904|FBbt:00000901|FBbt:00000903	muscle cell of abdominal 6 lateral oblique muscle 1|abdominal 6 segment border muscle cell|muscle cell of abdominal 6 lateral transverse muscle 2|muscle cell of abdominal 6 lateral transverse muscle 4|muscle cell of abdominal 6 lateral transverse muscle 1|muscle cell of abdominal 6 lateral transverse muscle 3				
FBbt:00002262	larval lateral VUM motor neuron of abdominal 7 neuromere	FBbt:00110308	lateral VUM motor neuron	lateral VUM	MNSNa-II	lateral VUM	FBbt:00111039	larval abdominal 7 neuromere	A7							FBbt:00000946|FBbt:00000947|FBbt:00000925|FBbt:00000948|FBbt:00000941|FBbt:00000949	muscle cell of abdominal 7 lateral transverse muscle 1|muscle cell of abdominal 7 lateral transverse muscle 2|muscle cell of abdominal 7 lateral oblique muscle 1|muscle cell of abdominal 7 lateral transverse muscle 3|abdominal 7 segment border muscle cell|muscle cell of abdominal 7 lateral transverse muscle 4				
FBbt:00048718	larval LL1 motor neuron of metathoracic neuromere	FBbt:00110234	LL1 motor neuron	LL1	MN4-Ib	U5	FBbt:00111032	larval metathoracic neuromere	T3	abdominal 1	A1	FBbt:00000649	muscle cell of abdominal 1 lateral longitudinal muscle 1								
FBbt:00048719	larval LL1 motor neuron of abdominal 1 neuromere	FBbt:00110234	LL1 motor neuron	LL1	MN4-Ib	U5	FBbt:00111033	larval abdominal 1 neuromere	A1	abdominal 2	A2	FBbt:00000710	muscle cell of abdominal 2 lateral longitudinal muscle 1								
FBbt:00048720	larval LL1 motor neuron of abdominal 2 neuromere	FBbt:00110234	LL1 motor neuron	LL1	MN4-Ib	U5	FBbt:00111034	larval abdominal 2 neuromere	A2	abdominal 3	A3	FBbt:00000755	muscle cell of abdominal 3 lateral longitudinal muscle 1								
FBbt:00048721	larval LL1 motor neuron of abdominal 3 neuromere	FBbt:00110234	LL1 motor neuron	LL1	MN4-Ib	U5	FBbt:00111035	larval abdominal 3 neuromere	A3	abdominal 4	A4	FBbt:00000800	muscle cell of abdominal 4 lateral longitudinal muscle 1								
FBbt:00048722	larval LL1 motor neuron of abdominal 4 neuromere	FBbt:00110234	LL1 motor neuron	LL1	MN4-Ib	U5	FBbt:00111036	larval abdominal 4 neuromere	A4	abdominal 5	A5	FBbt:00000845	muscle cell of abdominal 5 lateral longitudinal muscle 1								
FBbt:00048723	larval LL1 motor neuron of abdominal 5 neuromere	FBbt:00110234	LL1 motor neuron	LL1	MN4-Ib	U5	FBbt:00111037	larval abdominal 5 neuromere	A5	abdominal 6	A6	FBbt:00000890	muscle cell of abdominal 6 lateral longitudinal muscle 1								
FBbt:00048724	larval LL1 motor neuron of abdominal 6 neuromere	FBbt:00110234	LL1 motor neuron	LL1	MN4-Ib	U5	FBbt:00111038	larval abdominal 6 neuromere	A6	abdominal 7	A7	FBbt:00000935	muscle cell of abdominal 7 lateral longitudinal muscle 1								
FBbt:00048640	larval LO1 motor neuron of abdominal 1 neuromere	FBbt:00110273	LO1 motor neuron	LO1	MN5-Ib	JTM	FBbt:00111033	larval abdominal 1 neuromere	A1			FBbt:00000664	muscle cell of abdominal 1 lateral oblique muscle 1								
FBbt:00048791	larval LO1 motor neuron of abdominal 2 neuromere	FBbt:00110273	LO1 motor neuron	LO1	MN5-Ib	JTM	FBbt:00111034	larval abdominal 2 neuromere	A2			FBbt:00000700	muscle cell of abdominal 2 lateral oblique muscle 1								
FBbt:00048792	larval LO1 motor neuron of abdominal 3 neuromere	FBbt:00110273	LO1 motor neuron	LO1	MN5-Ib	JTM	FBbt:00111035	larval abdominal 3 neuromere	A3			FBbt:00000745	muscle cell of abdominal 3 lateral oblique muscle 1								
FBbt:00048793	larval LO1 motor neuron of abdominal 4 neuromere	FBbt:00110273	LO1 motor neuron	LO1	MN5-Ib	JTM	FBbt:00111036	larval abdominal 4 neuromere	A4			FBbt:00000790	muscle cell of abdominal 4 lateral oblique muscle 1								
FBbt:00048794	larval LO1 motor neuron of abdominal 5 neuromere	FBbt:00110273	LO1 motor neuron	LO1	MN5-Ib	JTM	FBbt:00111037	larval abdominal 5 neuromere	A5			FBbt:00000835	muscle cell of abdominal 5 lateral oblique muscle 1								
FBbt:00048795	larval LO1 motor neuron of abdominal 6 neuromere	FBbt:00110273	LO1 motor neuron	LO1	MN5-Ib	JTM	FBbt:00111038	larval abdominal 6 neuromere	A6			FBbt:00000880	muscle cell of abdominal 6 lateral oblique muscle 1								
FBbt:00048796	larval LO1 motor neuron of abdominal 7 neuromere	FBbt:00110273	LO1 motor neuron	LO1	MN5-Ib	JTM	FBbt:00111039	larval abdominal 7 neuromere	A7			FBbt:00000925	muscle cell of abdominal 7 lateral oblique muscle 1								
FBbt:00048636	larval LT1 motor neuron of abdominal 1 neuromere	FBbt:00110261	LT1 motor neuron	LT1/LT2	MN21/22-Ib		FBbt:00111033	larval abdominal 1 neuromere	A1			FBbt:00000675|FBbt:00000676	muscle cell of abdominal 1 lateral transverse muscle 1|muscle cell of abdominal 1 lateral transverse muscle 2								
FBbt:00048779	larval LT1 motor neuron of abdominal 2 neuromere	FBbt:00110261	LT1 motor neuron	LT1/LT2	MN21/22-Ib		FBbt:00111034	larval abdominal 2 neuromere	A2			FBbt:00000721|FBbt:00000722	muscle cell of abdominal 2 lateral transverse muscle 1|muscle cell of abdominal 2 lateral transverse muscle 2								
FBbt:00048780	larval LT1 motor neuron of abdominal 3 neuromere	FBbt:00110261	LT1 motor neuron	LT1/LT2	MN21/22-Ib		FBbt:00111035	larval abdominal 3 neuromere	A3			FBbt:00000766|FBbt:00000767	muscle cell of abdominal 3 lateral transverse muscle 1|muscle cell of abdominal 3 lateral transverse muscle 2								
FBbt:00048781	larval LT1 motor neuron of abdominal 4 neuromere	FBbt:00110261	LT1 motor neuron	LT1/LT2	MN21/22-Ib		FBbt:00111036	larval abdominal 4 neuromere	A4			FBbt:00000811|FBbt:00000812	muscle cell of abdominal 4 lateral transverse muscle 1|muscle cell of abdominal 4 lateral transverse muscle 2								
FBbt:00048782	larval LT1 motor neuron of abdominal 5 neuromere	FBbt:00110261	LT1 motor neuron	LT1/LT2	MN21/22-Ib		FBbt:00111037	larval abdominal 5 neuromere	A5			FBbt:00000856|FBbt:00000857	muscle cell of abdominal 5 lateral transverse muscle 1|muscle cell of abdominal 5 lateral transverse muscle 2								
FBbt:00048783	larval LT1 motor neuron of abdominal 6 neuromere	FBbt:00110261	LT1 motor neuron	LT1/LT2	MN21/22-Ib		FBbt:00111038	larval abdominal 6 neuromere	A6			FBbt:00000901|FBbt:00000902	muscle cell of abdominal 6 lateral transverse muscle 1|muscle cell of abdominal 6 lateral transverse muscle 2								
FBbt:00048784	larval LT1 motor neuron of abdominal 7 neuromere	FBbt:00110261	LT1 motor neuron	LT1/LT2	MN21/22-Ib		FBbt:00111039	larval abdominal 7 neuromere	A7			FBbt:00000946|FBbt:00000947	muscle cell of abdominal 7 lateral transverse muscle 1|muscle cell of abdominal 7 lateral transverse muscle 2								
FBbt:00048637	larval LT2 motor neuron of abdominal 1 neuromere	FBbt:00110264	LT2 motor neuron	LT2/LT3	MN22/23-Ib		FBbt:00111033	larval abdominal 1 neuromere	A1			FBbt:00000676|FBbt:00000677	muscle cell of abdominal 1 lateral transverse muscle 2|muscle cell of abdominal 1 lateral transverse muscle 3								
FBbt:00048773	larval LT2 motor neuron of abdominal 2 neuromere	FBbt:00110264	LT2 motor neuron	LT2/LT3	MN22/23-Ib		FBbt:00111034	larval abdominal 2 neuromere	A2			FBbt:00000722|FBbt:00000723	muscle cell of abdominal 2 lateral transverse muscle 2|muscle cell of abdominal 2 lateral transverse muscle 3								
FBbt:00048774	larval LT2 motor neuron of abdominal 3 neuromere	FBbt:00110264	LT2 motor neuron	LT2/LT3	MN22/23-Ib		FBbt:00111035	larval abdominal 3 neuromere	A3			FBbt:00000767|FBbt:00000768	muscle cell of abdominal 3 lateral transverse muscle 2|muscle cell of abdominal 3 lateral transverse muscle 3								
FBbt:00048775	larval LT2 motor neuron of abdominal 4 neuromere	FBbt:00110264	LT2 motor neuron	LT2/LT3	MN22/23-Ib		FBbt:00111036	larval abdominal 4 neuromere	A4			FBbt:00000812|FBbt:00000813	muscle cell of abdominal 4 lateral transverse muscle 2|muscle cell of abdominal 4 lateral transverse muscle 3								
FBbt:00048776	larval LT2 motor neuron of abdominal 5 neuromere	FBbt:00110264	LT2 motor neuron	LT2/LT3	MN22/23-Ib		FBbt:00111037	larval abdominal 5 neuromere	A5			FBbt:00000857|FBbt:00000858	muscle cell of abdominal 5 lateral transverse muscle 2|muscle cell of abdominal 5 lateral transverse muscle 3								
FBbt:00048777	larval LT2 motor neuron of abdominal 6 neuromere	FBbt:00110264	LT2 motor neuron	LT2/LT3	MN22/23-Ib		FBbt:00111038	larval abdominal 6 neuromere	A6			FBbt:00000902|FBbt:00000903	muscle cell of abdominal 6 lateral transverse muscle 2|muscle cell of abdominal 6 lateral transverse muscle 3								
FBbt:00048778	larval LT2 motor neuron of abdominal 7 neuromere	FBbt:00110264	LT2 motor neuron	LT2/LT3	MN22/23-Ib		FBbt:00111039	larval abdominal 7 neuromere	A7			FBbt:00000947|FBbt:00000948	muscle cell of abdominal 7 lateral transverse muscle 2|muscle cell of abdominal 7 lateral transverse muscle 3								
FBbt:00048638	larval LT3 motor neuron of abdominal 1 neuromere	FBbt:00110267	LT3 motor neuron	LT3	MN23-Ib		FBbt:00111033	larval abdominal 1 neuromere	A1			FBbt:00000677	muscle cell of abdominal 1 lateral transverse muscle 3								
FBbt:00048767	larval LT3 motor neuron of abdominal 2 neuromere	FBbt:00110267	LT3 motor neuron	LT3	MN23-Ib		FBbt:00111034	larval abdominal 2 neuromere	A2			FBbt:00000723	muscle cell of abdominal 2 lateral transverse muscle 3								
FBbt:00048768	larval LT3 motor neuron of abdominal 3 neuromere	FBbt:00110267	LT3 motor neuron	LT3	MN23-Ib		FBbt:00111035	larval abdominal 3 neuromere	A3			FBbt:00000768	muscle cell of abdominal 3 lateral transverse muscle 3								
FBbt:00048769	larval LT3 motor neuron of abdominal 4 neuromere	FBbt:00110267	LT3 motor neuron	LT3	MN23-Ib		FBbt:00111036	larval abdominal 4 neuromere	A4			FBbt:00000813	muscle cell of abdominal 4 lateral transverse muscle 3								
FBbt:00048770	larval LT3 motor neuron of abdominal 5 neuromere	FBbt:00110267	LT3 motor neuron	LT3	MN23-Ib		FBbt:00111037	larval abdominal 5 neuromere	A5			FBbt:00000858	muscle cell of abdominal 5 lateral transverse muscle 3								
FBbt:00048771	larval LT3 motor neuron of abdominal 6 neuromere	FBbt:00110267	LT3 motor neuron	LT3	MN23-Ib		FBbt:00111038	larval abdominal 6 neuromere	A6			FBbt:00000903	muscle cell of abdominal 6 lateral transverse muscle 3								
FBbt:00048772	larval LT3 motor neuron of abdominal 7 neuromere	FBbt:00110267	LT3 motor neuron	LT3	MN23-Ib		FBbt:00111039	larval abdominal 7 neuromere	A7			FBbt:00000948	muscle cell of abdominal 7 lateral transverse muscle 3								
FBbt:00048639	larval LT4 motor neuron of abdominal 1 neuromere	FBbt:00110270	LT4 motor neuron	LT3/LT4	MN23/24-Ib		FBbt:00111033	larval abdominal 1 neuromere	A1			FBbt:00000677|FBbt:00000678	muscle cell of abdominal 1 lateral transverse muscle 3|muscle cell of abdominal 1 lateral transverse muscle 4								
FBbt:00048785	larval LT4 motor neuron of abdominal 2 neuromere	FBbt:00110270	LT4 motor neuron	LT3/LT4	MN23/24-Ib		FBbt:00111034	larval abdominal 2 neuromere	A2			FBbt:00000723|FBbt:00000724	muscle cell of abdominal 2 lateral transverse muscle 3|muscle cell of abdominal 2 lateral transverse muscle 4								
FBbt:00048786	larval LT4 motor neuron of abdominal 3 neuromere	FBbt:00110270	LT4 motor neuron	LT3/LT4	MN23/24-Ib		FBbt:00111035	larval abdominal 3 neuromere	A3			FBbt:00000768|FBbt:00000769	muscle cell of abdominal 3 lateral transverse muscle 3|muscle cell of abdominal 3 lateral transverse muscle 4								
FBbt:00048787	larval LT4 motor neuron of abdominal 4 neuromere	FBbt:00110270	LT4 motor neuron	LT3/LT4	MN23/24-Ib		FBbt:00111036	larval abdominal 4 neuromere	A4			FBbt:00000813|FBbt:00000814	muscle cell of abdominal 4 lateral transverse muscle 3|muscle cell of abdominal 4 lateral transverse muscle 4								
FBbt:00048788	larval LT4 motor neuron of abdominal 5 neuromere	FBbt:00110270	LT4 motor neuron	LT3/LT4	MN23/24-Ib		FBbt:00111037	larval abdominal 5 neuromere	A5			FBbt:00000858|FBbt:00000859	muscle cell of abdominal 5 lateral transverse muscle 3|muscle cell of abdominal 5 lateral transverse muscle 4								
FBbt:00048789	larval LT4 motor neuron of abdominal 6 neuromere	FBbt:00110270	LT4 motor neuron	LT3/LT4	MN23/24-Ib		FBbt:00111038	larval abdominal 6 neuromere	A6			FBbt:00000903|FBbt:00000904	muscle cell of abdominal 6 lateral transverse muscle 3|muscle cell of abdominal 6 lateral transverse muscle 4								
FBbt:00048790	larval LT4 motor neuron of abdominal 7 neuromere	FBbt:00110270	LT4 motor neuron	LT3/LT4	MN23/24-Ib		FBbt:00111039	larval abdominal 7 neuromere	A7			FBbt:00000948|FBbt:00000949	muscle cell of abdominal 7 lateral transverse muscle 3|muscle cell of abdominal 7 lateral transverse muscle 4								
FBbt:00048797	larval SBM motor neuron of abdominal 1 neuromere	FBbt:00110275	SBM motor neuron	SBM	MN8-Ib	NAD	FBbt:00111033	larval abdominal 1 neuromere	A1			FBbt:00000655	abdominal 1 segment border muscle cell								
FBbt:00048798	larval SBM motor neuron of abdominal 2 neuromere	FBbt:00110275	SBM motor neuron	SBM	MN8-Ib	NAD	FBbt:00111034	larval abdominal 2 neuromere	A2			FBbt:00000716	abdominal 2 segment border muscle cell								
FBbt:00048799	larval SBM motor neuron of abdominal 3 neuromere	FBbt:00110275	SBM motor neuron	SBM	MN8-Ib	NAD	FBbt:00111035	larval abdominal 3 neuromere	A3			FBbt:00000761	abdominal 3 segment border muscle cell								
FBbt:00048800	larval SBM motor neuron of abdominal 4 neuromere	FBbt:00110275	SBM motor neuron	SBM	MN8-Ib	NAD	FBbt:00111036	larval abdominal 4 neuromere	A4			FBbt:00000806	abdominal 4 segment border muscle cell								
FBbt:00048801	larval SBM motor neuron of abdominal 5 neuromere	FBbt:00110275	SBM motor neuron	SBM	MN8-Ib	NAD	FBbt:00111037	larval abdominal 5 neuromere	A5			FBbt:00000851	abdominal 5 segment border muscle cell								
FBbt:00048802	larval SBM motor neuron of abdominal 6 neuromere	FBbt:00110275	SBM motor neuron	SBM	MN8-Ib	NAD	FBbt:00111038	larval abdominal 6 neuromere	A6			FBbt:00000896	abdominal 6 segment border muscle cell								
FBbt:00048803	larval SBM motor neuron of abdominal 7 neuromere	FBbt:00110275	SBM motor neuron	SBM	MN8-Ib	NAD	FBbt:00111039	larval abdominal 7 neuromere	A7			FBbt:00000941	abdominal 7 segment border muscle cell								
FBbt:00048817	larval V motor neuron of metathoracic neuromere	FBbt:00110300	V motor neuron	V	MN12-III	AC	FBbt:00111032	larval metathoracic neuromere	T3	abdominal 1	A1							FBbt:00000651	muscle cell of abdominal 1 ventral longitudinal muscle 1		
FBbt:00048818	larval V motor neuron of abdominal 1 neuromere	FBbt:00110300	V motor neuron	V	MN12-III	AC	FBbt:00111033	larval abdominal 1 neuromere	A1	abdominal 2	A2							FBbt:00000712	muscle cell of abdominal 2 ventral longitudinal muscle 1		
FBbt:00048819	larval V motor neuron of abdominal 2 neuromere	FBbt:00110300	V motor neuron	V	MN12-III	AC	FBbt:00111034	larval abdominal 2 neuromere	A2	abdominal 3	A3							FBbt:00000757	muscle cell of abdominal 3 ventral longitudinal muscle 1		
FBbt:00048820	larval V motor neuron of abdominal 3 neuromere	FBbt:00110300	V motor neuron	V	MN12-III	AC	FBbt:00111035	larval abdominal 3 neuromere	A3	abdominal 4	A4							FBbt:00000802	muscle cell of abdominal 4 ventral longitudinal muscle 1		
FBbt:00048821	larval V motor neuron of abdominal 4 neuromere	FBbt:00110300	V motor neuron	V	MN12-III	AC	FBbt:00111036	larval abdominal 4 neuromere	A4	abdominal 5	A5							FBbt:00000847	muscle cell of abdominal 5 ventral longitudinal muscle 1		
FBbt:00048822	larval V motor neuron of abdominal 5 neuromere	FBbt:00110300	V motor neuron	V	MN12-III	AC	FBbt:00111037	larval abdominal 5 neuromere	A5	abdominal 6	A6							FBbt:00000892	muscle cell of abdominal 6 ventral longitudinal muscle 1		
FBbt:00048823	larval V motor neuron of abdominal 6 neuromere	FBbt:00110300	V motor neuron	V	MN12-III	AC	FBbt:00111038	larval abdominal 6 neuromere	A6	abdominal 7	A7							FBbt:00000937	muscle cell of abdominal 7 ventral longitudinal muscle 1		
FBbt:00049122	larval VA1 motor neuron of abdominal 1 neuromere	FBbt:00110252	VA1 motor neuron	VA1	MN26-Ib		FBbt:00111033	larval abdominal 1 neuromere	A1			FBbt:00000644	muscle cell of abdominal 1 ventral acute muscle 1								
FBbt:00049123	larval VA1 motor neuron of abdominal 2 neuromere	FBbt:00110252	VA1 motor neuron	VA1	MN26-Ib		FBbt:00111034	larval abdominal 2 neuromere	A2			FBbt:00000689	muscle cell of abdominal 2 ventral acute muscle 1								
FBbt:00049124	larval VA1 motor neuron of abdominal 3 neuromere	FBbt:00110252	VA1 motor neuron	VA1	MN26-Ib		FBbt:00111035	larval abdominal 3 neuromere	A3			FBbt:00000734	muscle cell of abdominal 3 ventral acute muscle 1								
FBbt:00049125	larval VA1 motor neuron of abdominal 4 neuromere	FBbt:00110252	VA1 motor neuron	VA1	MN26-Ib		FBbt:00111036	larval abdominal 4 neuromere	A4			FBbt:00000779	muscle cell of abdominal 4 ventral acute muscle 1								
FBbt:00049126	larval VA1 motor neuron of abdominal 5 neuromere	FBbt:00110252	VA1 motor neuron	VA1	MN26-Ib		FBbt:00111037	larval abdominal 5 neuromere	A5			FBbt:00000824	muscle cell of abdominal 5 ventral acute muscle 1								
FBbt:00049127	larval VA1 motor neuron of abdominal 6 neuromere	FBbt:00110252	VA1 motor neuron	VA1	MN26-Ib		FBbt:00111038	larval abdominal 6 neuromere	A6			FBbt:00000869	muscle cell of abdominal 6 ventral acute muscle 1								
FBbt:00049128	larval VA1 motor neuron of abdominal 7 neuromere	FBbt:00110252	VA1 motor neuron	VA1	MN26-Ib		FBbt:00111039	larval abdominal 7 neuromere	A7			FBbt:00000914	muscle cell of abdominal 7 ventral acute muscle 1								
FBbt:00047008	larval VA2 motor neuron of abdominal 1 neuromere	FBbt:00110255	VA2 motor neuron	VA2	MN27-Ib		FBbt:00111033	larval abdominal 1 neuromere	A1			FBbt:00000645	muscle cell of abdominal 1 ventral acute muscle 2								
FBbt:00047009	larval VA2 motor neuron of abdominal 2 neuromere	FBbt:00110255	VA2 motor neuron	VA2	MN27-Ib		FBbt:00111034	larval abdominal 2 neuromere	A2			FBbt:00000690	muscle cell of abdominal 2 ventral acute muscle 2								
FBbt:00047010	larval VA2 motor neuron of abdominal 3 neuromere	FBbt:00110255	VA2 motor neuron	VA2	MN27-Ib		FBbt:00111035	larval abdominal 3 neuromere	A3			FBbt:00000735	muscle cell of abdominal 3 ventral acute muscle 2								
FBbt:00047011	larval VA2 motor neuron of abdominal 4 neuromere	FBbt:00110255	VA2 motor neuron	VA2	MN27-Ib		FBbt:00111036	larval abdominal 4 neuromere	A4			FBbt:00000780	muscle cell of abdominal 4 ventral acute muscle 2								
FBbt:00047012	larval VA2 motor neuron of abdominal 5 neuromere	FBbt:00110255	VA2 motor neuron	VA2	MN27-Ib		FBbt:00111037	larval abdominal 5 neuromere	A5			FBbt:00000825	muscle cell of abdominal 5 ventral acute muscle 2								
FBbt:00047013	larval VA2 motor neuron of abdominal 6 neuromere	FBbt:00110255	VA2 motor neuron	VA2	MN27-Ib		FBbt:00111038	larval abdominal 6 neuromere	A6			FBbt:00000870	muscle cell of abdominal 6 ventral acute muscle 2								
FBbt:00047014	larval VA2 motor neuron of abdominal 7 neuromere	FBbt:00110255	VA2 motor neuron	VA2	MN27-Ib		FBbt:00111039	larval abdominal 7 neuromere	A7			FBbt:00000915	muscle cell of abdominal 7 ventral acute muscle 2								
FBbt:00048832	larval VA3 motor neuron of abdominal 1 neuromere	FBbt:00110258	VA3 motor neuron	VA3	MN29-Ib		FBbt:00111033	larval abdominal 1 neuromere	A1			FBbt:00000646	muscle cell of abdominal 1 ventral acute muscle 3								
FBbt:00048833	larval VA3 motor neuron of abdominal 2 neuromere	FBbt:00110258	VA3 motor neuron	VA3	MN29-Ib		FBbt:00111034	larval abdominal 2 neuromere	A2			FBbt:00000691	muscle cell of abdominal 2 ventral acute muscle 3								
FBbt:00048834	larval VA3 motor neuron of abdominal 3 neuromere	FBbt:00110258	VA3 motor neuron	VA3	MN29-Ib		FBbt:00111035	larval abdominal 3 neuromere	A3			FBbt:00000736	muscle cell of abdominal 3 ventral acute muscle 3								
FBbt:00048835	larval VA3 motor neuron of abdominal 4 neuromere	FBbt:00110258	VA3 motor neuron	VA3	MN29-Ib		FBbt:00111036	larval abdominal 4 neuromere	A4			FBbt:00000781	muscle cell of abdominal 4 ventral acute muscle 3								
FBbt:00048836	larval VA3 motor neuron of abdominal 5 neuromere	FBbt:00110258	VA3 motor neuron	VA3	MN29-Ib		FBbt:00111037	larval abdominal 5 neuromere	A5			FBbt:00000826	muscle cell of abdominal 5 ventral acute muscle 3								
FBbt:00048837	larval VA3 motor neuron of abdominal 6 neuromere	FBbt:00110258	VA3 motor neuron	VA3	MN29-Ib		FBbt:00111038	larval abdominal 6 neuromere	A6			FBbt:00000871	muscle cell of abdominal 6 ventral acute muscle 3								
FBbt:00048838	larval VA3 motor neuron of abdominal 7 neuromere	FBbt:00110258	VA3 motor neuron	VA3	MN29-Ib		FBbt:00111039	larval abdominal 7 neuromere	A7			FBbt:00000916	muscle cell of abdominal 7 ventral acute muscle 3								
FBbt:00002232	larval ventral motor neuron of metathoracic neuromere	FBbt:00001457	RP5 motor neuron	RP5	MNSNb/d-Is		FBbt:00111032	larval metathoracic neuromere	T3	abdominal 1	A1			FBbt:00000651|FBbt:00000652|FBbt:00000653|FBbt:00000654|FBbt:00000666|FBbt:00000667|FBbt:00000668|FBbt:00000669	muscle cell of abdominal 1 ventral longitudinal muscle 1|muscle cell of abdominal 1 ventral longitudinal muscle 2|muscle cell of abdominal 1 ventral longitudinal muscle 3|muscle cell of abdominal 1 ventral longitudinal muscle 4|muscle cell of abdominal 1 ventral oblique muscle 1|muscle cell of abdominal 1 ventral oblique muscle 2|muscle cell of abdominal 1 ventral oblique muscle 4|muscle cell of abdominal 1 ventral oblique muscle 5						
FBbt:00002233	larval ventral motor neuron of abdominal 1 neuromere	FBbt:00001457	RP5 motor neuron	RP5	MNSNb/d-Is		FBbt:00111033	larval abdominal 1 neuromere	A1	abdominal 2	A2			FBbt:00000712|FBbt:00000713|FBbt:00000714|FBbt:00000715|FBbt:00000702|FBbt:00000703|FBbt:00000705|FBbt:00000706	muscle cell of abdominal 2 ventral longitudinal muscle 1|muscle cell of abdominal 2 ventral longitudinal muscle 2|muscle cell of abdominal 2 ventral longitudinal muscle 3|muscle cell of abdominal 2 ventral longitudinal muscle 4|muscle cell of abdominal 2 ventral oblique muscle 1|muscle cell of abdominal 2 ventral oblique muscle 2|muscle cell of abdominal 2 ventral oblique muscle 4|muscle cell of abdominal 2 ventral oblique muscle 5						
FBbt:00002234	larval ventral motor neuron of abdominal 2 neuromere	FBbt:00001457	RP5 motor neuron	RP5	MNSNb/d-Is		FBbt:00111034	larval abdominal 2 neuromere	A2	abdominal 3	A3			FBbt:00000757|FBbt:00000758|FBbt:00000759|FBbt:00000760|FBbt:00000747|FBbt:00000748|FBbt:00000749|FBbt:00000750	muscle cell of abdominal 3 ventral longitudinal muscle 1|muscle cell of abdominal 3 ventral longitudinal muscle 2|muscle cell of abdominal 3 ventral longitudinal muscle 3|muscle cell of abdominal 3 ventral longitudinal muscle 4|muscle cell of abdominal 3 ventral oblique muscle 1|muscle cell of abdominal 3 ventral oblique muscle 2|muscle cell of abdominal 3 ventral oblique muscle 3|muscle cell of abdominal 3 ventral oblique muscle 4						
FBbt:00002235	larval ventral motor neuron of abdominal 3 neuromere	FBbt:00001457	RP5 motor neuron	RP5	MNSNb/d-Is		FBbt:00111035	larval abdominal 3 neuromere	A3	abdominal 4	A4			FBbt:00000802|FBbt:00000803|FBbt:00000804|FBbt:00000805|FBbt:00000792|FBbt:00000793|FBbt:00000795|FBbt:00000796	muscle cell of abdominal 4 ventral longitudinal muscle 1|muscle cell of abdominal 4 ventral longitudinal muscle 2|muscle cell of abdominal 4 ventral longitudinal muscle 3|muscle cell of abdominal 4 ventral longitudinal muscle 4|muscle cell of abdominal 4 ventral oblique muscle 1|muscle cell of abdominal 4 ventral oblique muscle 2|muscle cell of abdominal 4 ventral oblique muscle 4|muscle cell of abdominal 4 ventral oblique muscle 5						
FBbt:00002236	larval ventral motor neuron of abdominal 4 neuromere	FBbt:00001457	RP5 motor neuron	RP5	MNSNb/d-Is		FBbt:00111036	larval abdominal 4 neuromere	A4	abdominal 5	A5			FBbt:00000847|FBbt:00000848|FBbt:00000849|FBbt:00000850|FBbt:00000837|FBbt:00000838|FBbt:00000840|FBbt:00000841	muscle cell of abdominal 5 ventral longitudinal muscle 1|muscle cell of abdominal 5 ventral longitudinal muscle 2|muscle cell of abdominal 5 ventral longitudinal muscle 3|muscle cell of abdominal 5 ventral longitudinal muscle 4|muscle cell of abdominal 5 ventral oblique muscle 1|muscle cell of abdominal 5 ventral oblique muscle 2|muscle cell of abdominal 5 ventral oblique muscle 4|muscle cell of abdominal 5 ventral oblique muscle 5						
FBbt:00002237	larval ventral motor neuron of abdominal 5 neuromere	FBbt:00001457	RP5 motor neuron	RP5	MNSNb/d-Is		FBbt:00111037	larval abdominal 5 neuromere	A5	abdominal 6	A6			FBbt:00000892|FBbt:00000893|FBbt:00000894|FBbt:00000895|FBbt:00000882|FBbt:00000883|FBbt:00000885|FBbt:00000886	muscle cell of abdominal 6 ventral longitudinal muscle 1|muscle cell of abdominal 6 ventral longitudinal muscle 2|muscle cell of abdominal 6 ventral longitudinal muscle 3|muscle cell of abdominal 6 ventral longitudinal muscle 4|muscle cell of abdominal 6 ventral oblique muscle 1|muscle cell of abdominal 6 ventral oblique muscle 2|muscle cell of abdominal 6 ventral oblique muscle 4|muscle cell of abdominal 6 ventral oblique muscle 5						
FBbt:00002238	larval ventral motor neuron of abdominal 6 neuromere	FBbt:00001457	RP5 motor neuron	RP5	MNSNb/d-Is		FBbt:00111038	larval abdominal 6 neuromere	A6	abdominal 7	A7			FBbt:00000937|FBbt:00000938|FBbt:00000939|FBbt:00000940|FBbt:00000927|FBbt:00000928|FBbt:00000930|FBbt:00000931	muscle cell of abdominal 7 ventral longitudinal muscle 1|muscle cell of abdominal 7 ventral longitudinal muscle 2|muscle cell of abdominal 7 ventral longitudinal muscle 3|muscle cell of abdominal 7 ventral longitudinal muscle 4|muscle cell of abdominal 7 ventral oblique muscle 1|muscle cell of abdominal 7 ventral oblique muscle 2|muscle cell of abdominal 7 ventral oblique muscle 4|muscle cell of abdominal 7 ventral oblique muscle 5						
FBbt:00002248	larval ventral VUM motor neuron of abdominal 1 neuromere	FBbt:00110297	ventral VUM motor neuron	ventral VUM	MNSNb/d-II		FBbt:00111033	larval abdominal 1 neuromere	A1							FBbt:00000666|FBbt:00000667|FBbt:00000668|FBbt:00000669|FBbt:00000651|FBbt:00000652	muscle cell of abdominal 1 ventral oblique muscle 1|muscle cell of abdominal 1 ventral oblique muscle 2|muscle cell of abdominal 1 ventral oblique muscle 4|muscle cell of abdominal 1 ventral oblique muscle 5|muscle cell of abdominal 1 ventral longitudinal muscle 1|muscle cell of abdominal 1 ventral longitudinal muscle 2				
FBbt:00002249	larval ventral VUM motor neuron of abdominal 2 neuromere	FBbt:00110297	ventral VUM motor neuron	ventral VUM	MNSNb/d-II		FBbt:00111034	larval abdominal 2 neuromere	A2							FBbt:00000707|FBbt:00000706|FBbt:00000703|FBbt:00000702|FBbt:00000705|FBbt:00000713|FBbt:00000712	muscle cell of abdominal 2 ventral oblique muscle 6|muscle cell of abdominal 2 ventral oblique muscle 5|muscle cell of abdominal 2 ventral oblique muscle 2|muscle cell of abdominal 2 ventral oblique muscle 1|muscle cell of abdominal 2 ventral oblique muscle 4|muscle cell of abdominal 2 ventral longitudinal muscle 2|muscle cell of abdominal 2 ventral longitudinal muscle 1				
FBbt:00002250	larval ventral VUM motor neuron of abdominal 3 neuromere	FBbt:00110297	ventral VUM motor neuron	ventral VUM	MNSNb/d-II		FBbt:00111035	larval abdominal 3 neuromere	A3							FBbt:00000748|FBbt:00000751|FBbt:00000758|FBbt:00000747|FBbt:00000750|FBbt:00000752|FBbt:00000757	muscle cell of abdominal 3 ventral oblique muscle 2|muscle cell of abdominal 3 ventral oblique muscle 5|muscle cell of abdominal 3 ventral longitudinal muscle 2|muscle cell of abdominal 3 ventral oblique muscle 1|muscle cell of abdominal 3 ventral oblique muscle 4|muscle cell of abdominal 3 ventral oblique muscle 6|muscle cell of abdominal 3 ventral longitudinal muscle 1				
FBbt:00002251	larval ventral VUM motor neuron of abdominal 4 neuromere	FBbt:00110297	ventral VUM motor neuron	ventral VUM	MNSNb/d-II		FBbt:00111036	larval abdominal 4 neuromere	A4							FBbt:00000796|FBbt:00000802|FBbt:00000793|FBbt:00000803|FBbt:00000792|FBbt:00000795|FBbt:00000797	muscle cell of abdominal 4 ventral oblique muscle 5|muscle cell of abdominal 4 ventral longitudinal muscle 1|muscle cell of abdominal 4 ventral oblique muscle 2|muscle cell of abdominal 4 ventral longitudinal muscle 2|muscle cell of abdominal 4 ventral oblique muscle 1|muscle cell of abdominal 4 ventral oblique muscle 4|muscle cell of abdominal 4 ventral oblique muscle 6				
FBbt:00002252	larval ventral VUM motor neuron of abdominal 5 neuromere	FBbt:00110297	ventral VUM motor neuron	ventral VUM	MNSNb/d-II		FBbt:00111037	larval abdominal 5 neuromere	A5							FBbt:00000841|FBbt:00000848|FBbt:00000842|FBbt:00000840|FBbt:00000847|FBbt:00000838|FBbt:00000837	muscle cell of abdominal 5 ventral oblique muscle 5|muscle cell of abdominal 5 ventral longitudinal muscle 2|muscle cell of abdominal 5 ventral oblique muscle 6|muscle cell of abdominal 5 ventral oblique muscle 4|muscle cell of abdominal 5 ventral longitudinal muscle 1|muscle cell of abdominal 5 ventral oblique muscle 2|muscle cell of abdominal 5 ventral oblique muscle 1				
FBbt:00002253	larval ventral VUM motor neuron of abdominal 6 neuromere	FBbt:00110297	ventral VUM motor neuron	ventral VUM	MNSNb/d-II		FBbt:00111038	larval abdominal 6 neuromere	A6							FBbt:00000882|FBbt:00000887|FBbt:00000883|FBbt:00000885|FBbt:00000892|FBbt:00000886|FBbt:00000893	muscle cell of abdominal 6 ventral oblique muscle 1|muscle cell of abdominal 6 ventral oblique muscle 6|muscle cell of abdominal 6 ventral oblique muscle 2|muscle cell of abdominal 6 ventral oblique muscle 4|muscle cell of abdominal 6 ventral longitudinal muscle 1|muscle cell of abdominal 6 ventral oblique muscle 5|muscle cell of abdominal 6 ventral longitudinal muscle 2				
FBbt:00002254	larval ventral VUM motor neuron of abdominal 7 neuromere	FBbt:00110297	ventral VUM motor neuron	ventral VUM	MNSNb/d-II		FBbt:00111039	larval abdominal 7 neuromere	A7							FBbt:00000938|FBbt:00000928|FBbt:00000937|FBbt:00000932|FBbt:00000930|FBbt:00000931|FBbt:00000927	muscle cell of abdominal 7 ventral longitudinal muscle 2|muscle cell of abdominal 7 ventral oblique muscle 2|muscle cell of abdominal 7 ventral longitudinal muscle 1|muscle cell of abdominal 7 ventral oblique muscle 6|muscle cell of abdominal 7 ventral oblique muscle 4|muscle cell of abdominal 7 ventral oblique muscle 5|muscle cell of abdominal 7 ventral oblique muscle 1				
FBbt:00047502	larval VL1 motor neuron of metathoracic neuromere	FBbt:00047469	VL1 motor neuron	VL1	MN12-Ib		FBbt:00111032	larval metathoracic neuromere	T3	abdominal 1	A1	FBbt:00000651	muscle cell of abdominal 1 ventral longitudinal muscle 1								
FBbt:00047503	larval VL1 motor neuron of abdominal 1 neuromere	FBbt:00047469	VL1 motor neuron	VL1	MN12-Ib		FBbt:00111033	larval abdominal 1 neuromere	A1	abdominal 2	A2	FBbt:00000712	muscle cell of abdominal 2 ventral longitudinal muscle 1								
FBbt:00047504	larval VL1 motor neuron of abdominal 2 neuromere	FBbt:00047469	VL1 motor neuron	VL1	MN12-Ib		FBbt:00111034	larval abdominal 2 neuromere	A2	abdominal 3	A3	FBbt:00000757	muscle cell of abdominal 3 ventral longitudinal muscle 1								
FBbt:00047505	larval VL1 motor neuron of abdominal 3 neuromere	FBbt:00047469	VL1 motor neuron	VL1	MN12-Ib		FBbt:00111035	larval abdominal 3 neuromere	A3	abdominal 4	A4	FBbt:00000802	muscle cell of abdominal 4 ventral longitudinal muscle 1								
FBbt:00047506	larval VL1 motor neuron of abdominal 4 neuromere	FBbt:00047469	VL1 motor neuron	VL1	MN12-Ib		FBbt:00111036	larval abdominal 4 neuromere	A4	abdominal 5	A5	FBbt:00000847	muscle cell of abdominal 5 ventral longitudinal muscle 1								
FBbt:00047507	larval VL1 motor neuron of abdominal 5 neuromere	FBbt:00047469	VL1 motor neuron	VL1	MN12-Ib		FBbt:00111037	larval abdominal 5 neuromere	A5	abdominal 6	A6	FBbt:00000892	muscle cell of abdominal 6 ventral longitudinal muscle 1								
FBbt:00047508	larval VL1 motor neuron of abdominal 6 neuromere	FBbt:00047469	VL1 motor neuron	VL1	MN12-Ib		FBbt:00111038	larval abdominal 6 neuromere	A6	abdominal 7	A7	FBbt:00000937	muscle cell of abdominal 7 ventral longitudinal muscle 1								
FBbt:00047491	larval VL2 motor neuron of metathoracic neuromere	FBbt:00110292	A1-7 VL2 motor neuron	VL2	MN13-Ib		FBbt:00111032	larval metathoracic neuromere	T3	abdominal 1	A1	FBbt:00000652	muscle cell of abdominal 1 ventral longitudinal muscle 2								
FBbt:00047492	larval VL2 motor neuron of abdominal 1 neuromere	FBbt:00110292	A1-7 VL2 motor neuron	VL2	MN13-Ib		FBbt:00111033	larval abdominal 1 neuromere	A1	abdominal 2	A2	FBbt:00000713	muscle cell of abdominal 2 ventral longitudinal muscle 2								
FBbt:00047493	larval VL2 motor neuron of abdominal 2 neuromere	FBbt:00110292	A1-7 VL2 motor neuron	VL2	MN13-Ib		FBbt:00111034	larval abdominal 2 neuromere	A2	abdominal 3	A3	FBbt:00000758	muscle cell of abdominal 3 ventral longitudinal muscle 2								
FBbt:00047494	larval VL2 motor neuron of abdominal 3 neuromere	FBbt:00110292	A1-7 VL2 motor neuron	VL2	MN13-Ib		FBbt:00111035	larval abdominal 3 neuromere	A3	abdominal 4	A4	FBbt:00000803	muscle cell of abdominal 4 ventral longitudinal muscle 2								
FBbt:00047495	larval VL2 motor neuron of abdominal 4 neuromere	FBbt:00110292	A1-7 VL2 motor neuron	VL2	MN13-Ib		FBbt:00111036	larval abdominal 4 neuromere	A4	abdominal 5	A5	FBbt:00000848	muscle cell of abdominal 5 ventral longitudinal muscle 2								
FBbt:00047496	larval VL2 motor neuron of abdominal 5 neuromere	FBbt:00110292	A1-7 VL2 motor neuron	VL2	MN13-Ib		FBbt:00111037	larval abdominal 5 neuromere	A5	abdominal 6	A6	FBbt:00000893	muscle cell of abdominal 6 ventral longitudinal muscle 2								
FBbt:00047497	larval VL2 motor neuron of abdominal 6 neuromere	FBbt:00110292	A1-7 VL2 motor neuron	VL2	MN13-Ib		FBbt:00111038	larval abdominal 6 neuromere	A6	abdominal 7	A7	FBbt:00000938	muscle cell of abdominal 7 ventral longitudinal muscle 2								
FBbt:00002216	larval VL3/4 motor neuron of metathoracic neuromere	FBbt:00001455	RP3 motor neuron	VL3/4	MN6/7-Ib	RP3	FBbt:00111032	larval metathoracic neuromere	T3	abdominal 1	A1	FBbt:00000654|FBbt:00000653	muscle cell of abdominal 1 ventral longitudinal muscle 4|muscle cell of abdominal 1 ventral longitudinal muscle 3								
FBbt:00002217	larval VL3/4 motor neuron of abdominal 1 neuromere	FBbt:00001455	RP3 motor neuron	VL3/4	MN6/7-Ib	RP3	FBbt:00111033	larval abdominal 1 neuromere	A1	abdominal 2	A2										
FBbt:00002218	larval VL3/4 motor neuron of abdominal 2 neuromere	FBbt:00001455	RP3 motor neuron	VL3/4	MN6/7-Ib	RP3	FBbt:00111034	larval abdominal 2 neuromere	A2	abdominal 3	A3	FBbt:00000759|FBbt:00000760	muscle cell of abdominal 3 ventral longitudinal muscle 3|muscle cell of abdominal 3 ventral longitudinal muscle 4								
FBbt:00002219	larval VL3/4 motor neuron of abdominal 3 neuromere	FBbt:00001455	RP3 motor neuron	VL3/4	MN6/7-Ib	RP3	FBbt:00111035	larval abdominal 3 neuromere	A3	abdominal 4	A4	FBbt:00000804|FBbt:00000805	muscle cell of abdominal 4 ventral longitudinal muscle 3|muscle cell of abdominal 4 ventral longitudinal muscle 4								
FBbt:00002220	larval VL3/4 motor neuron of abdominal 4 neuromere	FBbt:00001455	RP3 motor neuron	VL3/4	MN6/7-Ib	RP3	FBbt:00111036	larval abdominal 4 neuromere	A4	abdominal 5	A5	FBbt:00000849|FBbt:00000850	muscle cell of abdominal 5 ventral longitudinal muscle 3|muscle cell of abdominal 5 ventral longitudinal muscle 4								
FBbt:00002221	larval VL3/4 motor neuron of abdominal 5 neuromere	FBbt:00001455	RP3 motor neuron	VL3/4	MN6/7-Ib	RP3	FBbt:00111037	larval abdominal 5 neuromere	A5	abdominal 6	A6	FBbt:00000894|FBbt:00000895	muscle cell of abdominal 6 ventral longitudinal muscle 3|muscle cell of abdominal 6 ventral longitudinal muscle 4								
FBbt:00002222	larval VL3/4 motor neuron of abdominal 6 neuromere	FBbt:00001455	RP3 motor neuron	VL3/4	MN6/7-Ib	RP3	FBbt:00111038	larval abdominal 6 neuromere	A6	abdominal 7	A7	FBbt:00000939|FBbt:00000940	muscle cell of abdominal 7 ventral longitudinal muscle 3|muscle cell of abdominal 7 ventral longitudinal muscle 4								
FBbt:00002224	larval VO1 motor neuron of metathoracic neuromere	FBbt:00001456	RP4 motor neuron	VO1	MN30-Ib	RP4	FBbt:00111032	larval metathoracic neuromere	T3	abdominal 1	A1	FBbt:00000666	muscle cell of abdominal 1 ventral oblique muscle 1								
FBbt:00002225	larval VO1 motor neuron of abdominal 1 neuromere	FBbt:00001456	RP4 motor neuron	VO1	MN30-Ib	RP4	FBbt:00111033	larval abdominal 1 neuromere	A1	abdominal 2	A2	FBbt:00000702	muscle cell of abdominal 2 ventral oblique muscle 1								
FBbt:00002226	larval VO1 motor neuron of abdominal 2 neuromere	FBbt:00001456	RP4 motor neuron	VO1	MN30-Ib	RP4	FBbt:00111034	larval abdominal 2 neuromere	A2	abdominal 3	A3	FBbt:00000747	muscle cell of abdominal 3 ventral oblique muscle 1								
FBbt:00002227	larval VO1 motor neuron of abdominal 3 neuromere	FBbt:00001456	RP4 motor neuron	VO1	MN30-Ib	RP4	FBbt:00111035	larval abdominal 3 neuromere	A3	abdominal 4	A4	FBbt:00000792	muscle cell of abdominal 4 ventral oblique muscle 1								
FBbt:00002228	larval VO1 motor neuron of abdominal 4 neuromere	FBbt:00001456	RP4 motor neuron	VO1	MN30-Ib	RP4	FBbt:00111036	larval abdominal 4 neuromere	A4	abdominal 5	A5	FBbt:00000837	muscle cell of abdominal 5 ventral oblique muscle 1								
FBbt:00002229	larval VO1 motor neuron of abdominal 5 neuromere	FBbt:00001456	RP4 motor neuron	VO1	MN30-Ib	RP4	FBbt:00111037	larval abdominal 5 neuromere	A5	abdominal 6	A6	FBbt:00000882	muscle cell of abdominal 6 ventral oblique muscle 1								
FBbt:00002230	larval VO1 motor neuron of abdominal 6 neuromere	FBbt:00001456	RP4 motor neuron	VO1	MN30-Ib	RP4	FBbt:00111038	larval abdominal 6 neuromere	A6	abdominal 7	A7	FBbt:00000927	muscle cell of abdominal 7 ventral oblique muscle 1								
FBbt:00002200	larval VO2 motor neuron of metathoracic neuromere	FBbt:00001452	RP1 motor neuron	VO2	MN14-Ib	RP1	FBbt:00111032	larval metathoracic neuromere	T3	abdominal 1	A1	FBbt:00000667	muscle cell of abdominal 1 ventral oblique muscle 2								
FBbt:00002201	larval VO2 motor neuron of abdominal 1 neuromere	FBbt:00001452	RP1 motor neuron	VO2	MN14-Ib	RP1	FBbt:00111033	larval abdominal 1 neuromere	A1	abdominal 2	A2	FBbt:00000703	muscle cell of abdominal 2 ventral oblique muscle 2								
FBbt:00002202	larval VO2 motor neuron of abdominal 2 neuromere	FBbt:00001452	RP1 motor neuron	VO2	MN14-Ib	RP1	FBbt:00111034	larval abdominal 2 neuromere	A2	abdominal 3	A3	FBbt:00000748	muscle cell of abdominal 3 ventral oblique muscle 2								
FBbt:00002203	larval VO2 motor neuron of abdominal 3 neuromere	FBbt:00001452	RP1 motor neuron	VO2	MN14-Ib	RP1	FBbt:00111035	larval abdominal 3 neuromere	A3	abdominal 4	A4	FBbt:00000793	muscle cell of abdominal 4 ventral oblique muscle 2								
FBbt:00002204	larval VO2 motor neuron of abdominal 4 neuromere	FBbt:00001452	RP1 motor neuron	VO2	MN14-Ib	RP1	FBbt:00111036	larval abdominal 4 neuromere	A4	abdominal 5	A5	FBbt:00000838	muscle cell of abdominal 5 ventral oblique muscle 2								
FBbt:00002205	larval VO2 motor neuron of abdominal 5 neuromere	FBbt:00001452	RP1 motor neuron	VO2	MN14-Ib	RP1	FBbt:00111037	larval abdominal 5 neuromere	A5	abdominal 6	A6	FBbt:00000883	muscle cell of abdominal 6 ventral oblique muscle 2								
FBbt:00002206	larval VO2 motor neuron of abdominal 6 neuromere	FBbt:00001452	RP1 motor neuron	VO2	MN14-Ib	RP1	FBbt:00111038	larval abdominal 6 neuromere	A6	abdominal 7	A7	FBbt:00000928	muscle cell of abdominal 7 ventral oblique muscle 2								
FBbt:00048804	larval VO3 motor neuron of metathoracic neuromere	FBbt:00110282	VO3 motor neuron	VO3	MN28-Ib		FBbt:00111032	larval metathoracic neuromere	T3	abdominal 1	A1	FBbt:00000670	muscle cell of abdominal 1 ventral oblique muscle 3								
FBbt:00048805	larval VO3 motor neuron of abdominal 1 neuromere	FBbt:00110282	VO3 motor neuron	VO3	MN28-Ib		FBbt:00111033	larval abdominal 1 neuromere	A1	abdominal 2	A2	FBbt:00000704	muscle cell of abdominal 2 ventral oblique muscle 3								
FBbt:00048806	larval VO3 motor neuron of abdominal 2 neuromere	FBbt:00110282	VO3 motor neuron	VO3	MN28-Ib		FBbt:00111034	larval abdominal 2 neuromere	A2	abdominal 3	A3	FBbt:00000749	muscle cell of abdominal 3 ventral oblique muscle 3								
FBbt:00048807	larval VO3 motor neuron of abdominal 3 neuromere	FBbt:00110282	VO3 motor neuron	VO3	MN28-Ib		FBbt:00111035	larval abdominal 3 neuromere	A3	abdominal 4	A4	FBbt:00000794	muscle cell of abdominal 4 ventral oblique muscle 3								
FBbt:00048808	larval VO3 motor neuron of abdominal 4 neuromere	FBbt:00110282	VO3 motor neuron	VO3	MN28-Ib		FBbt:00111036	larval abdominal 4 neuromere	A4	abdominal 5	A5	FBbt:00000839	muscle cell of abdominal 5 ventral oblique muscle 3								
FBbt:00048809	larval VO3 motor neuron of abdominal 5 neuromere	FBbt:00110282	VO3 motor neuron	VO3	MN28-Ib		FBbt:00111037	larval abdominal 5 neuromere	A5	abdominal 6	A6	FBbt:00000884	muscle cell of abdominal 6 ventral oblique muscle 3								
FBbt:00048810	larval VO3 motor neuron of abdominal 6 neuromere	FBbt:00110282	VO3 motor neuron	VO3	MN28-Ib		FBbt:00111038	larval abdominal 6 neuromere	A6	abdominal 7	A7	FBbt:00000929	muscle cell of abdominal 7 ventral oblique muscle 3								
FBbt:00048853	larval VO4-6 motor neuron of abdominal 1 neuromere	FBbt:00110289	VO4-6 motor neuron	VO4-6	MN15/16/17-Ib		FBbt:00111033	larval abdominal 1 neuromere	A1	abdominal 2	A2	FBbt:00000707|FBbt:00000706|FBbt:00000705	muscle cell of abdominal 2 ventral oblique muscle 6|muscle cell of abdominal 2 ventral oblique muscle 5|muscle cell of abdominal 2 ventral oblique muscle 4								
FBbt:00048854	larval VO4-6 motor neuron of abdominal 2 neuromere	FBbt:00110289	VO4-6 motor neuron	VO4-6	MN15/16/17-Ib		FBbt:00111034	larval abdominal 2 neuromere	A2	abdominal 3	A3	FBbt:00000751|FBbt:00000750|FBbt:00000752	muscle cell of abdominal 3 ventral oblique muscle 5|muscle cell of abdominal 3 ventral oblique muscle 4|muscle cell of abdominal 3 ventral oblique muscle 6								
FBbt:00048855	larval VO4-6 motor neuron of abdominal 3 neuromere	FBbt:00110289	VO4-6 motor neuron	VO4-6	MN15/16/17-Ib		FBbt:00111035	larval abdominal 3 neuromere	A3	abdominal 4	A4	FBbt:00000795|FBbt:00000797|FBbt:00000796	muscle cell of abdominal 4 ventral oblique muscle 4|muscle cell of abdominal 4 ventral oblique muscle 6|muscle cell of abdominal 4 ventral oblique muscle 5								
FBbt:00048856	larval VO4-6 motor neuron of abdominal 4 neuromere	FBbt:00110289	VO4-6 motor neuron	VO4-6	MN15/16/17-Ib		FBbt:00111036	larval abdominal 4 neuromere	A4	abdominal 5	A5	FBbt:00000840|FBbt:00000842|FBbt:00000841	muscle cell of abdominal 5 ventral oblique muscle 4|muscle cell of abdominal 5 ventral oblique muscle 6|muscle cell of abdominal 5 ventral oblique muscle 5								
FBbt:00048857	larval VO4-6 motor neuron of abdominal 5 neuromere	FBbt:00110289	VO4-6 motor neuron	VO4-6	MN15/16/17-Ib		FBbt:00111037	larval abdominal 5 neuromere	A5	abdominal 6	A6	FBbt:00000885|FBbt:00000887|FBbt:00000886	muscle cell of abdominal 6 ventral oblique muscle 4|muscle cell of abdominal 6 ventral oblique muscle 6|muscle cell of abdominal 6 ventral oblique muscle 5								
FBbt:00048858	larval VO4-6 motor neuron of abdominal 6 neuromere	FBbt:00110289	VO4-6 motor neuron	VO4-6	MN15/16/17-Ib		FBbt:00111038	larval abdominal 6 neuromere	A6	abdominal 7	A7	FBbt:00000931|FBbt:00000932|FBbt:00000930	muscle cell of abdominal 7 ventral oblique muscle 5|muscle cell of abdominal 7 ventral oblique muscle 6|muscle cell of abdominal 7 ventral oblique muscle 4								
FBbt:00048846	larval VO4/5 motor neuron of metathoracic neuromere	FBbt:00110285	VO4/5 motor neuron	VO4/5	MN15/16-I		FBbt:00111032	larval metathoracic neuromere	T3	abdominal 1	A1	FBbt:00000669|FBbt:00000668|FBbt:00000637	muscle cell of abdominal 1 ventral oblique muscle 5|muscle cell of abdominal 1 ventral oblique muscle 4|hypodermal muscle cell of larval abdominal 1								
FBbt:00048847	larval VO4/5 motor neuron of abdominal 1 neuromere	FBbt:00110285	VO4/5 motor neuron	VO4/5	MN15/16-I		FBbt:00111033	larval abdominal 1 neuromere	A1	abdominal 2	A2	FBbt:00000682|FBbt:00000706|FBbt:00000705	hypodermal muscle cell of larval abdominal 2|muscle cell of abdominal 2 ventral oblique muscle 5|muscle cell of abdominal 2 ventral oblique muscle 4								
FBbt:00048848	larval VO4/5 motor neuron of abdominal 2 neuromere	FBbt:00110285	VO4/5 motor neuron	VO4/5	MN15/16-I		FBbt:00111034	larval abdominal 2 neuromere	A2	abdominal 3	A3	FBbt:00000751|FBbt:00000750|FBbt:00000727	muscle cell of abdominal 3 ventral oblique muscle 5|muscle cell of abdominal 3 ventral oblique muscle 4|hypodermal muscle cell of larval abdominal 3								
FBbt:00048849	larval VO4/5 motor neuron of abdominal 3 neuromere	FBbt:00110285	VO4/5 motor neuron	VO4/5	MN15/16-I		FBbt:00111035	larval abdominal 3 neuromere	A3	abdominal 4	A4	FBbt:00000796|FBbt:00000795|FBbt:00000772	muscle cell of abdominal 4 ventral oblique muscle 5|muscle cell of abdominal 4 ventral oblique muscle 4|hypodermal muscle cell of larval abdominal 4								
FBbt:00048850	larval VO4/5 motor neuron of abdominal 4 neuromere	FBbt:00110285	VO4/5 motor neuron	VO4/5	MN15/16-I		FBbt:00111036	larval abdominal 4 neuromere	A4	abdominal 5	A5	FBbt:00000840|FBbt:00000817|FBbt:00000841	muscle cell of abdominal 5 ventral oblique muscle 4|hypodermal muscle cell of larval abdominal 5|muscle cell of abdominal 5 ventral oblique muscle 5								
FBbt:00048851	larval VO4/5 motor neuron of abdominal 5 neuromere	FBbt:00110285	VO4/5 motor neuron	VO4/5	MN15/16-I		FBbt:00111037	larval abdominal 5 neuromere	A5	abdominal 6	A6	FBbt:00000862|FBbt:00000886|FBbt:00000885	hypodermal muscle cell of larval abdominal 6|muscle cell of abdominal 6 ventral oblique muscle 5|muscle cell of abdominal 6 ventral oblique muscle 4								
FBbt:00048852	larval VO4/5 motor neuron of abdominal 6 neuromere	FBbt:00110285	VO4/5 motor neuron	VO4/5	MN15/16-I		FBbt:00111038	larval abdominal 6 neuromere	A6	abdominal 7	A7	FBbt:00000930|FBbt:00000931|FBbt:00000907	muscle cell of abdominal 7 ventral oblique muscle 4|muscle cell of abdominal 7 ventral oblique muscle 5|hypodermal muscle cell of larval abdominal 7								
FBbt:00048811	larval VT1 motor neuron of abdominal 1 neuromere	FBbt:00110279	VT1 motor neuron	VT1	MN25-Ib	SM	FBbt:00111033	larval abdominal 1 neuromere	A1	abdominal 2	A2	FBbt:00000726	muscle cell of abdominal 2 ventral transverse muscle 1								
FBbt:00048812	larval VT1 motor neuron of abdominal 2 neuromere	FBbt:00110279	VT1 motor neuron	VT1	MN25-Ib	SM	FBbt:00111034	larval abdominal 2 neuromere	A2	abdominal 3	A3	FBbt:00000771	muscle cell of abdominal 3 ventral transverse muscle 1								
FBbt:00048813	larval VT1 motor neuron of abdominal 3 neuromere	FBbt:00110279	VT1 motor neuron	VT1	MN25-Ib	SM	FBbt:00111035	larval abdominal 3 neuromere	A3	abdominal 4	A4	FBbt:00000816	muscle cell of abdominal 4 ventral transverse muscle 1								
FBbt:00048814	larval VT1 motor neuron of abdominal 4 neuromere	FBbt:00110279	VT1 motor neuron	VT1	MN25-Ib	SM	FBbt:00111036	larval abdominal 4 neuromere	A4	abdominal 5	A5	FBbt:00000861	muscle cell of abdominal 5 ventral transverse muscle 1								
FBbt:00048815	larval VT1 motor neuron of abdominal 5 neuromere	FBbt:00110279	VT1 motor neuron	VT1	MN25-Ib	SM	FBbt:00111037	larval abdominal 5 neuromere	A5	abdominal 6	A6	FBbt:00000906	muscle cell of abdominal 6 ventral transverse muscle 1								
FBbt:00048816	larval VT1 motor neuron of abdominal 6 neuromere	FBbt:00110279	VT1 motor neuron	VT1	MN25-Ib	SM	FBbt:00111038	larval abdominal 6 neuromere	A6	abdominal 7	A7	FBbt:00000951	muscle cell of abdominal 7 ventral transverse muscle 1								
