defined_class	defined_class_label	ito_lee	hartenstein	primary	secondary	reference	nb_label	hartenstein_synonym_type	ito_lee_synonym_type	primary_synonym_type	secondary_synonym_type
FBbt:00001371	neuroblast NB1-1			NB1-1	16	FlyBase:FBrf0231327|FlyBase:FBrf0228122	NB1-1	http://purl.obolibrary.org/obo/fbbt#HARTENSTEIN_BRAIN_LINEAGE	http://purl.obolibrary.org/obo/fbbt#ITO_LEE_BRAIN_LINEAGE	http://purl.obolibrary.org/obo/fbbt#PRIMARY_VNC_LINEAGE	http://purl.obolibrary.org/obo/fbbt#SECONDARY_VNC_LINEAGE
FBbt:00001374	neuroblast NB2-5			NB2-5	17	FlyBase:FBrf0231327|FlyBase:FBrf0228122	NB2-5	http://purl.obolibrary.org/obo/fbbt#HARTENSTEIN_BRAIN_LINEAGE	http://purl.obolibrary.org/obo/fbbt#ITO_LEE_BRAIN_LINEAGE	http://purl.obolibrary.org/obo/fbbt#PRIMARY_VNC_LINEAGE	http://purl.obolibrary.org/obo/fbbt#SECONDARY_VNC_LINEAGE
FBbt:00001375	neuroblast NB3-5			NB3-5	9	FlyBase:FBrf0231327|FlyBase:FBrf0228122	NB3-5	http://purl.obolibrary.org/obo/fbbt#HARTENSTEIN_BRAIN_LINEAGE	http://purl.obolibrary.org/obo/fbbt#ITO_LEE_BRAIN_LINEAGE	http://purl.obolibrary.org/obo/fbbt#PRIMARY_VNC_LINEAGE	http://purl.obolibrary.org/obo/fbbt#SECONDARY_VNC_LINEAGE
FBbt:00001376	neuroblast NB5-2			NB5-2	6	FlyBase:FBrf0231327|FlyBase:FBrf0228122	NB5-2	http://purl.obolibrary.org/obo/fbbt#HARTENSTEIN_BRAIN_LINEAGE	http://purl.obolibrary.org/obo/fbbt#ITO_LEE_BRAIN_LINEAGE	http://purl.obolibrary.org/obo/fbbt#PRIMARY_VNC_LINEAGE	http://purl.obolibrary.org/obo/fbbt#SECONDARY_VNC_LINEAGE
FBbt:00001377	neuroblast NB5-6			NB5-6			NB5-6	http://purl.obolibrary.org/obo/fbbt#HARTENSTEIN_BRAIN_LINEAGE	http://purl.obolibrary.org/obo/fbbt#ITO_LEE_BRAIN_LINEAGE	http://purl.obolibrary.org/obo/fbbt#PRIMARY_VNC_LINEAGE	http://purl.obolibrary.org/obo/fbbt#SECONDARY_VNC_LINEAGE
FBbt:00001380	neuroblast NB7-1			NB7-1	3	FlyBase:FBrf0231327|FlyBase:FBrf0228122	NB7-1	http://purl.obolibrary.org/obo/fbbt#HARTENSTEIN_BRAIN_LINEAGE	http://purl.obolibrary.org/obo/fbbt#ITO_LEE_BRAIN_LINEAGE	http://purl.obolibrary.org/obo/fbbt#PRIMARY_VNC_LINEAGE	http://purl.obolibrary.org/obo/fbbt#SECONDARY_VNC_LINEAGE
FBbt:00001381	neuroblast NB7-4			NB7-4	23	FlyBase:FBrf0231327|FlyBase:FBrf0228122	NB7-4	http://purl.obolibrary.org/obo/fbbt#HARTENSTEIN_BRAIN_LINEAGE	http://purl.obolibrary.org/obo/fbbt#ITO_LEE_BRAIN_LINEAGE	http://purl.obolibrary.org/obo/fbbt#PRIMARY_VNC_LINEAGE	http://purl.obolibrary.org/obo/fbbt#SECONDARY_VNC_LINEAGE
FBbt:00001384	neuroblast NB1-2			NB1-2	1	FlyBase:FBrf0231327|FlyBase:FBrf0228122	NB1-2	http://purl.obolibrary.org/obo/fbbt#HARTENSTEIN_BRAIN_LINEAGE	http://purl.obolibrary.org/obo/fbbt#ITO_LEE_BRAIN_LINEAGE	http://purl.obolibrary.org/obo/fbbt#PRIMARY_VNC_LINEAGE	http://purl.obolibrary.org/obo/fbbt#SECONDARY_VNC_LINEAGE
FBbt:00001385	neuroblast NB2-2			NB2-2	10	FlyBase:FBrf0231327|FlyBase:FBrf0228122	NB2-2	http://purl.obolibrary.org/obo/fbbt#HARTENSTEIN_BRAIN_LINEAGE	http://purl.obolibrary.org/obo/fbbt#ITO_LEE_BRAIN_LINEAGE	http://purl.obolibrary.org/obo/fbbt#PRIMARY_VNC_LINEAGE	http://purl.obolibrary.org/obo/fbbt#SECONDARY_VNC_LINEAGE
FBbt:00001388	neuroblast NB3-2			NB3-2	7	FlyBase:FBrf0231327	NB3-2	http://purl.obolibrary.org/obo/fbbt#HARTENSTEIN_BRAIN_LINEAGE	http://purl.obolibrary.org/obo/fbbt#ITO_LEE_BRAIN_LINEAGE	http://purl.obolibrary.org/obo/fbbt#PRIMARY_VNC_LINEAGE	http://purl.obolibrary.org/obo/fbbt#SECONDARY_VNC_LINEAGE
FBbt:00001389	neuroblast NB4-2			NB4-2	13	FlyBase:FBrf0231327	NB4-2	http://purl.obolibrary.org/obo/fbbt#HARTENSTEIN_BRAIN_LINEAGE	http://purl.obolibrary.org/obo/fbbt#ITO_LEE_BRAIN_LINEAGE	http://purl.obolibrary.org/obo/fbbt#PRIMARY_VNC_LINEAGE	http://purl.obolibrary.org/obo/fbbt#SECONDARY_VNC_LINEAGE
FBbt:00001390	neuroblast NB5-3			NB5-3	5	FlyBase:FBrf0231327|FlyBase:FBrf0228122	NB5-3	http://purl.obolibrary.org/obo/fbbt#HARTENSTEIN_BRAIN_LINEAGE	http://purl.obolibrary.org/obo/fbbt#ITO_LEE_BRAIN_LINEAGE	http://purl.obolibrary.org/obo/fbbt#PRIMARY_VNC_LINEAGE	http://purl.obolibrary.org/obo/fbbt#SECONDARY_VNC_LINEAGE
FBbt:00001391	neuroblast NB6-2			NB6-2	19	FlyBase:FBrf0231327|FlyBase:FBrf0228122	NB6-2	http://purl.obolibrary.org/obo/fbbt#HARTENSTEIN_BRAIN_LINEAGE	http://purl.obolibrary.org/obo/fbbt#ITO_LEE_BRAIN_LINEAGE	http://purl.obolibrary.org/obo/fbbt#PRIMARY_VNC_LINEAGE	http://purl.obolibrary.org/obo/fbbt#SECONDARY_VNC_LINEAGE
FBbt:00001392	neuroblast NB7-2			NB7-2	11	FlyBase:FBrf0231327	NB7-2	http://purl.obolibrary.org/obo/fbbt#HARTENSTEIN_BRAIN_LINEAGE	http://purl.obolibrary.org/obo/fbbt#ITO_LEE_BRAIN_LINEAGE	http://purl.obolibrary.org/obo/fbbt#PRIMARY_VNC_LINEAGE	http://purl.obolibrary.org/obo/fbbt#SECONDARY_VNC_LINEAGE
FBbt:00001394	neuroblast NB3-1			NB3-1	4	FlyBase:FBrf0231327|FlyBase:FBrf0228122	NB3-1	http://purl.obolibrary.org/obo/fbbt#HARTENSTEIN_BRAIN_LINEAGE	http://purl.obolibrary.org/obo/fbbt#ITO_LEE_BRAIN_LINEAGE	http://purl.obolibrary.org/obo/fbbt#PRIMARY_VNC_LINEAGE	http://purl.obolibrary.org/obo/fbbt#SECONDARY_VNC_LINEAGE
FBbt:00001397	neuroblast NB4-1			NB4-1	14	FlyBase:FBrf0231327|FlyBase:FBrf0228122	NB4-1	http://purl.obolibrary.org/obo/fbbt#HARTENSTEIN_BRAIN_LINEAGE	http://purl.obolibrary.org/obo/fbbt#ITO_LEE_BRAIN_LINEAGE	http://purl.obolibrary.org/obo/fbbt#PRIMARY_VNC_LINEAGE	http://purl.obolibrary.org/obo/fbbt#SECONDARY_VNC_LINEAGE
FBbt:00001398	neuroblast NB6-1			NB6-1	12	FlyBase:FBrf0231327|FlyBase:FBrf0228122	NB6-1	http://purl.obolibrary.org/obo/fbbt#HARTENSTEIN_BRAIN_LINEAGE	http://purl.obolibrary.org/obo/fbbt#ITO_LEE_BRAIN_LINEAGE	http://purl.obolibrary.org/obo/fbbt#PRIMARY_VNC_LINEAGE	http://purl.obolibrary.org/obo/fbbt#SECONDARY_VNC_LINEAGE
FBbt:00001399	neuroblast NB6-4			NB6-4			NB6-4	http://purl.obolibrary.org/obo/fbbt#HARTENSTEIN_BRAIN_LINEAGE	http://purl.obolibrary.org/obo/fbbt#ITO_LEE_BRAIN_LINEAGE	http://purl.obolibrary.org/obo/fbbt#PRIMARY_VNC_LINEAGE	http://purl.obolibrary.org/obo/fbbt#SECONDARY_VNC_LINEAGE
FBbt:00001404	neuroblast NB1-3			NB1-3			NB1-3	http://purl.obolibrary.org/obo/fbbt#HARTENSTEIN_BRAIN_LINEAGE	http://purl.obolibrary.org/obo/fbbt#ITO_LEE_BRAIN_LINEAGE	http://purl.obolibrary.org/obo/fbbt#PRIMARY_VNC_LINEAGE	http://purl.obolibrary.org/obo/fbbt#SECONDARY_VNC_LINEAGE
FBbt:00001410	neuroblast NB2-1			NB2-1	2	FlyBase:FBrf0231327|FlyBase:FBrf0228122	NB2-1	http://purl.obolibrary.org/obo/fbbt#HARTENSTEIN_BRAIN_LINEAGE	http://purl.obolibrary.org/obo/fbbt#ITO_LEE_BRAIN_LINEAGE	http://purl.obolibrary.org/obo/fbbt#PRIMARY_VNC_LINEAGE	http://purl.obolibrary.org/obo/fbbt#SECONDARY_VNC_LINEAGE
FBbt:00001411	neuroblast NB2-4			NB2-4	18	FlyBase:FBrf0231327	NB2-4	http://purl.obolibrary.org/obo/fbbt#HARTENSTEIN_BRAIN_LINEAGE	http://purl.obolibrary.org/obo/fbbt#ITO_LEE_BRAIN_LINEAGE	http://purl.obolibrary.org/obo/fbbt#PRIMARY_VNC_LINEAGE	http://purl.obolibrary.org/obo/fbbt#SECONDARY_VNC_LINEAGE
FBbt:00001414	neuroblast NB3-4			NB3-4	25	FlyBase:FBrf0231327	NB3-4	http://purl.obolibrary.org/obo/fbbt#HARTENSTEIN_BRAIN_LINEAGE	http://purl.obolibrary.org/obo/fbbt#ITO_LEE_BRAIN_LINEAGE	http://purl.obolibrary.org/obo/fbbt#PRIMARY_VNC_LINEAGE	http://purl.obolibrary.org/obo/fbbt#SECONDARY_VNC_LINEAGE
FBbt:00001415	neuroblast NB4-4			NB4-4	24	FlyBase:FBrf0231327|FlyBase:FBrf0228122	NB4-4	http://purl.obolibrary.org/obo/fbbt#HARTENSTEIN_BRAIN_LINEAGE	http://purl.obolibrary.org/obo/fbbt#ITO_LEE_BRAIN_LINEAGE	http://purl.obolibrary.org/obo/fbbt#PRIMARY_VNC_LINEAGE	http://purl.obolibrary.org/obo/fbbt#SECONDARY_VNC_LINEAGE
FBbt:00001416	neuroblast NB5-4			NB5-4	22	FlyBase:FBrf0231327	NB5-4	http://purl.obolibrary.org/obo/fbbt#HARTENSTEIN_BRAIN_LINEAGE	http://purl.obolibrary.org/obo/fbbt#ITO_LEE_BRAIN_LINEAGE	http://purl.obolibrary.org/obo/fbbt#PRIMARY_VNC_LINEAGE	http://purl.obolibrary.org/obo/fbbt#SECONDARY_VNC_LINEAGE
FBbt:00001419	neuroblast MNB			MNB	0	FlyBase:FBrf0231327|FlyBase:FBrf0228122	MNB	http://purl.obolibrary.org/obo/fbbt#HARTENSTEIN_BRAIN_LINEAGE	http://purl.obolibrary.org/obo/fbbt#ITO_LEE_BRAIN_LINEAGE	http://purl.obolibrary.org/obo/fbbt#PRIMARY_VNC_LINEAGE	http://purl.obolibrary.org/obo/fbbt#SECONDARY_VNC_LINEAGE
FBbt:00001421	neuroblast NB2-3			NB2-3	15	FlyBase:FBrf0231327	NB2-3	http://purl.obolibrary.org/obo/fbbt#HARTENSTEIN_BRAIN_LINEAGE	http://purl.obolibrary.org/obo/fbbt#ITO_LEE_BRAIN_LINEAGE	http://purl.obolibrary.org/obo/fbbt#PRIMARY_VNC_LINEAGE	http://purl.obolibrary.org/obo/fbbt#SECONDARY_VNC_LINEAGE
FBbt:00001422	neuroblast NB3-3			NB3-3	8	FlyBase:FBrf0231327	NB3-3	http://purl.obolibrary.org/obo/fbbt#HARTENSTEIN_BRAIN_LINEAGE	http://purl.obolibrary.org/obo/fbbt#ITO_LEE_BRAIN_LINEAGE	http://purl.obolibrary.org/obo/fbbt#PRIMARY_VNC_LINEAGE	http://purl.obolibrary.org/obo/fbbt#SECONDARY_VNC_LINEAGE
FBbt:00001423	neuroblast NB4-3			NB4-3	21	FlyBase:FBrf0231327|FlyBase:FBrf0228122	NB4-3	http://purl.obolibrary.org/obo/fbbt#HARTENSTEIN_BRAIN_LINEAGE	http://purl.obolibrary.org/obo/fbbt#ITO_LEE_BRAIN_LINEAGE	http://purl.obolibrary.org/obo/fbbt#PRIMARY_VNC_LINEAGE	http://purl.obolibrary.org/obo/fbbt#SECONDARY_VNC_LINEAGE
FBbt:00001424	neuroblast NB5-1			NB5-1	26	doi:10.1101/2023.06.05.543407	NB5-1	http://purl.obolibrary.org/obo/fbbt#HARTENSTEIN_BRAIN_LINEAGE	http://purl.obolibrary.org/obo/fbbt#ITO_LEE_BRAIN_LINEAGE	http://purl.obolibrary.org/obo/fbbt#PRIMARY_VNC_LINEAGE	http://purl.obolibrary.org/obo/fbbt#SECONDARY_VNC_LINEAGE
FBbt:00001425	neuroblast NB5-5			NB5-5			NB5-5	http://purl.obolibrary.org/obo/fbbt#HARTENSTEIN_BRAIN_LINEAGE	http://purl.obolibrary.org/obo/fbbt#ITO_LEE_BRAIN_LINEAGE	http://purl.obolibrary.org/obo/fbbt#PRIMARY_VNC_LINEAGE	http://purl.obolibrary.org/obo/fbbt#SECONDARY_VNC_LINEAGE
FBbt:00001426	neuroblast NB7-3			NB7-3			NB7-3	http://purl.obolibrary.org/obo/fbbt#HARTENSTEIN_BRAIN_LINEAGE	http://purl.obolibrary.org/obo/fbbt#ITO_LEE_BRAIN_LINEAGE	http://purl.obolibrary.org/obo/fbbt#PRIMARY_VNC_LINEAGE	http://purl.obolibrary.org/obo/fbbt#SECONDARY_VNC_LINEAGE
FBbt:00007113	neuroblast MBp	MBp	MBp				MBp	http://purl.obolibrary.org/obo/fbbt#HARTENSTEIN_BRAIN_LINEAGE	http://purl.obolibrary.org/obo/fbbt#ITO_LEE_BRAIN_LINEAGE	http://purl.obolibrary.org/obo/fbbt#PRIMARY_VNC_LINEAGE	http://purl.obolibrary.org/obo/fbbt#SECONDARY_VNC_LINEAGE
FBbt:00049153	neuroblast BLD6	VPNd1	BLD6			doi:10.1101/2023.06.27.546055	BLD6	http://purl.obolibrary.org/obo/fbbt#HARTENSTEIN_BRAIN_LINEAGE	http://purl.obolibrary.org/obo/fbbt#ITO_LEE_BRAIN_LINEAGE	http://purl.obolibrary.org/obo/fbbt#PRIMARY_VNC_LINEAGE	http://purl.obolibrary.org/obo/fbbt#SECONDARY_VNC_LINEAGE
FBbt:00049155	neuroblast BLVa4		BLVa4				BLVa4	http://purl.obolibrary.org/obo/fbbt#HARTENSTEIN_BRAIN_LINEAGE	http://purl.obolibrary.org/obo/fbbt#ITO_LEE_BRAIN_LINEAGE	http://purl.obolibrary.org/obo/fbbt#PRIMARY_VNC_LINEAGE	http://purl.obolibrary.org/obo/fbbt#SECONDARY_VNC_LINEAGE
FBbt:00049157	neuroblast BLVp2	VLPl&p1	BLVp2			doi:10.1101/2023.06.27.546055	BLVp2	http://purl.obolibrary.org/obo/fbbt#HARTENSTEIN_BRAIN_LINEAGE	http://purl.obolibrary.org/obo/fbbt#ITO_LEE_BRAIN_LINEAGE	http://purl.obolibrary.org/obo/fbbt#PRIMARY_VNC_LINEAGE	http://purl.obolibrary.org/obo/fbbt#SECONDARY_VNC_LINEAGE
FBbt:00049159	neuroblast DALl2	VLPa1	DALl2			doi:10.1101/2023.06.27.546055	DALl2	http://purl.obolibrary.org/obo/fbbt#HARTENSTEIN_BRAIN_LINEAGE	http://purl.obolibrary.org/obo/fbbt#ITO_LEE_BRAIN_LINEAGE	http://purl.obolibrary.org/obo/fbbt#PRIMARY_VNC_LINEAGE	http://purl.obolibrary.org/obo/fbbt#SECONDARY_VNC_LINEAGE
FBbt:00049161	neuroblast DPLpv	VLPp&l1	DPLpv			doi:10.1101/2023.06.27.546055	DPLpv	http://purl.obolibrary.org/obo/fbbt#HARTENSTEIN_BRAIN_LINEAGE	http://purl.obolibrary.org/obo/fbbt#ITO_LEE_BRAIN_LINEAGE	http://purl.obolibrary.org/obo/fbbt#PRIMARY_VNC_LINEAGE	http://purl.obolibrary.org/obo/fbbt#SECONDARY_VNC_LINEAGE
FBbt:00049463	neuroblast SMPad1	SMPad1					SMPad1	http://purl.obolibrary.org/obo/fbbt#HARTENSTEIN_BRAIN_LINEAGE	http://purl.obolibrary.org/obo/fbbt#ITO_LEE_BRAIN_LINEAGE	http://purl.obolibrary.org/obo/fbbt#PRIMARY_VNC_LINEAGE	http://purl.obolibrary.org/obo/fbbt#SECONDARY_VNC_LINEAGE
FBbt:00050006	neuroblast BLVa2c	SLPpl3	BLVa2c			doi:10.1101/2023.06.27.546055	BLVa2c	http://purl.obolibrary.org/obo/fbbt#HARTENSTEIN_BRAIN_LINEAGE	http://purl.obolibrary.org/obo/fbbt#ITO_LEE_BRAIN_LINEAGE	http://purl.obolibrary.org/obo/fbbt#PRIMARY_VNC_LINEAGE	http://purl.obolibrary.org/obo/fbbt#SECONDARY_VNC_LINEAGE
FBbt:00050009	neuroblast BAmas2 (male)	FLAa3 (male)	BAmas2 (male)			doi:10.1101/2023.06.27.546055|FlyBase:FBrf0223298	BAmas2 (male)	http://purl.obolibrary.org/obo/fbbt#HARTENSTEIN_BRAIN_LINEAGE	http://purl.obolibrary.org/obo/fbbt#ITO_LEE_BRAIN_LINEAGE	http://purl.obolibrary.org/obo/fbbt#PRIMARY_VNC_LINEAGE	http://purl.obolibrary.org/obo/fbbt#SECONDARY_VNC_LINEAGE
FBbt:00050012	neuroblast BLAl2	VPNl&d1	BLAl2			doi:10.1101/2023.06.27.546055	BLAl2	http://purl.obolibrary.org/obo/fbbt#HARTENSTEIN_BRAIN_LINEAGE	http://purl.obolibrary.org/obo/fbbt#ITO_LEE_BRAIN_LINEAGE	http://purl.obolibrary.org/obo/fbbt#PRIMARY_VNC_LINEAGE	http://purl.obolibrary.org/obo/fbbt#SECONDARY_VNC_LINEAGE
FBbt:00050018	neuroblast DPMm1	DM1	DPMm1			FlyBase:FBrf0246460|doi:10.1101/2023.06.27.546055|FlyBase:FBrf0214495|FlyBase:FBrf0223298	DPMm1	http://purl.obolibrary.org/obo/fbbt#HARTENSTEIN_BRAIN_LINEAGE	http://purl.obolibrary.org/obo/fbbt#ITO_LEE_BRAIN_LINEAGE	http://purl.obolibrary.org/obo/fbbt#PRIMARY_VNC_LINEAGE	http://purl.obolibrary.org/obo/fbbt#SECONDARY_VNC_LINEAGE
FBbt:00050035	neuroblast BAla2	ALv2	BAla2			doi:10.1101/2023.06.27.546055	BAla2	http://purl.obolibrary.org/obo/fbbt#HARTENSTEIN_BRAIN_LINEAGE	http://purl.obolibrary.org/obo/fbbt#ITO_LEE_BRAIN_LINEAGE	http://purl.obolibrary.org/obo/fbbt#PRIMARY_VNC_LINEAGE	http://purl.obolibrary.org/obo/fbbt#SECONDARY_VNC_LINEAGE
FBbt:00050038	neuroblast BAlp4	ALlv1	BAlp4			FlyBase:FBrf0246460|doi:10.1101/2023.06.27.546055	BAlp4	http://purl.obolibrary.org/obo/fbbt#HARTENSTEIN_BRAIN_LINEAGE	http://purl.obolibrary.org/obo/fbbt#ITO_LEE_BRAIN_LINEAGE	http://purl.obolibrary.org/obo/fbbt#PRIMARY_VNC_LINEAGE	http://purl.obolibrary.org/obo/fbbt#SECONDARY_VNC_LINEAGE
FBbt:00050041	neuroblast SMPad1 (female)	SMPad1 (female)					SMPad1 (female)	http://purl.obolibrary.org/obo/fbbt#HARTENSTEIN_BRAIN_LINEAGE	http://purl.obolibrary.org/obo/fbbt#ITO_LEE_BRAIN_LINEAGE	http://purl.obolibrary.org/obo/fbbt#PRIMARY_VNC_LINEAGE	http://purl.obolibrary.org/obo/fbbt#SECONDARY_VNC_LINEAGE
FBbt:00050056	neuroblast BLVa2a	SLPav3	BLVa2a			doi:10.1101/2023.06.27.546055	BLVa2a	http://purl.obolibrary.org/obo/fbbt#HARTENSTEIN_BRAIN_LINEAGE	http://purl.obolibrary.org/obo/fbbt#ITO_LEE_BRAIN_LINEAGE	http://purl.obolibrary.org/obo/fbbt#PRIMARY_VNC_LINEAGE	http://purl.obolibrary.org/obo/fbbt#SECONDARY_VNC_LINEAGE
FBbt:00050059	neuroblast CM1	DM5	CM1			doi:10.1101/2023.06.27.546055|FlyBase:FBrf0223298	CM1	http://purl.obolibrary.org/obo/fbbt#HARTENSTEIN_BRAIN_LINEAGE	http://purl.obolibrary.org/obo/fbbt#ITO_LEE_BRAIN_LINEAGE	http://purl.obolibrary.org/obo/fbbt#PRIMARY_VNC_LINEAGE	http://purl.obolibrary.org/obo/fbbt#SECONDARY_VNC_LINEAGE
FBbt:00050068	neuroblast CP6	SLPpl2	CP6			doi:10.1101/2023.06.27.546055	CP6	http://purl.obolibrary.org/obo/fbbt#HARTENSTEIN_BRAIN_LINEAGE	http://purl.obolibrary.org/obo/fbbt#ITO_LEE_BRAIN_LINEAGE	http://purl.obolibrary.org/obo/fbbt#PRIMARY_VNC_LINEAGE	http://purl.obolibrary.org/obo/fbbt#SECONDARY_VNC_LINEAGE
FBbt:00050100	neuroblast DPMpm2	DM3	DPMpm2			doi:10.1101/2023.06.27.546055|FlyBase:FBrf0214495|FlyBase:FBrf0223298	DPMpm2	http://purl.obolibrary.org/obo/fbbt#HARTENSTEIN_BRAIN_LINEAGE	http://purl.obolibrary.org/obo/fbbt#ITO_LEE_BRAIN_LINEAGE	http://purl.obolibrary.org/obo/fbbt#PRIMARY_VNC_LINEAGE	http://purl.obolibrary.org/obo/fbbt#SECONDARY_VNC_LINEAGE
FBbt:00050103	neuroblast VLPl1	VLPl1					VLPl1	http://purl.obolibrary.org/obo/fbbt#HARTENSTEIN_BRAIN_LINEAGE	http://purl.obolibrary.org/obo/fbbt#ITO_LEE_BRAIN_LINEAGE	http://purl.obolibrary.org/obo/fbbt#PRIMARY_VNC_LINEAGE	http://purl.obolibrary.org/obo/fbbt#SECONDARY_VNC_LINEAGE
FBbt:00050118	neuroblast BAla3	VESa1	BAla3			doi:10.1101/2023.06.27.546055	BAla3	http://purl.obolibrary.org/obo/fbbt#HARTENSTEIN_BRAIN_LINEAGE	http://purl.obolibrary.org/obo/fbbt#ITO_LEE_BRAIN_LINEAGE	http://purl.obolibrary.org/obo/fbbt#PRIMARY_VNC_LINEAGE	http://purl.obolibrary.org/obo/fbbt#SECONDARY_VNC_LINEAGE
FBbt:00050121	neuroblast DPMpm1	DM2	DPMpm1			doi:10.1101/2023.06.27.546055|FlyBase:FBrf0214495|FlyBase:FBrf0223298	DPMpm1	http://purl.obolibrary.org/obo/fbbt#HARTENSTEIN_BRAIN_LINEAGE	http://purl.obolibrary.org/obo/fbbt#ITO_LEE_BRAIN_LINEAGE	http://purl.obolibrary.org/obo/fbbt#PRIMARY_VNC_LINEAGE	http://purl.obolibrary.org/obo/fbbt#SECONDARY_VNC_LINEAGE
FBbt:00050136	neuroblast DALv2	EBa1	DALv2			doi:10.1101/2023.06.27.546055	DALv2	http://purl.obolibrary.org/obo/fbbt#HARTENSTEIN_BRAIN_LINEAGE	http://purl.obolibrary.org/obo/fbbt#ITO_LEE_BRAIN_LINEAGE	http://purl.obolibrary.org/obo/fbbt#PRIMARY_VNC_LINEAGE	http://purl.obolibrary.org/obo/fbbt#SECONDARY_VNC_LINEAGE
FBbt:00050142	neuroblast CM3	DM6	CM3			doi:10.1101/2023.06.27.546055|FlyBase:FBrf0223298	CM3	http://purl.obolibrary.org/obo/fbbt#HARTENSTEIN_BRAIN_LINEAGE	http://purl.obolibrary.org/obo/fbbt#ITO_LEE_BRAIN_LINEAGE	http://purl.obolibrary.org/obo/fbbt#PRIMARY_VNC_LINEAGE	http://purl.obolibrary.org/obo/fbbt#SECONDARY_VNC_LINEAGE
FBbt:00050148	neuroblast BAmd1 (female)	CREa1 (female)	BAmd1 (female)			doi:10.1101/2023.06.27.546055	BAmd1 (female)	http://purl.obolibrary.org/obo/fbbt#HARTENSTEIN_BRAIN_LINEAGE	http://purl.obolibrary.org/obo/fbbt#ITO_LEE_BRAIN_LINEAGE	http://purl.obolibrary.org/obo/fbbt#PRIMARY_VNC_LINEAGE	http://purl.obolibrary.org/obo/fbbt#SECONDARY_VNC_LINEAGE
FBbt:00050154	neuroblast SLPal4	SLPal4					SLPal4	http://purl.obolibrary.org/obo/fbbt#HARTENSTEIN_BRAIN_LINEAGE	http://purl.obolibrary.org/obo/fbbt#ITO_LEE_BRAIN_LINEAGE	http://purl.obolibrary.org/obo/fbbt#PRIMARY_VNC_LINEAGE	http://purl.obolibrary.org/obo/fbbt#SECONDARY_VNC_LINEAGE
FBbt:00050166	neuroblast BAmv1	LALv1	BAmv1			doi:10.1101/2023.06.27.546055	BAmv1	http://purl.obolibrary.org/obo/fbbt#HARTENSTEIN_BRAIN_LINEAGE	http://purl.obolibrary.org/obo/fbbt#ITO_LEE_BRAIN_LINEAGE	http://purl.obolibrary.org/obo/fbbt#PRIMARY_VNC_LINEAGE	http://purl.obolibrary.org/obo/fbbt#SECONDARY_VNC_LINEAGE
FBbt:00050169	neuroblast CM6	PBp1	CM6			doi:10.1101/2023.06.27.546055	CM6	http://purl.obolibrary.org/obo/fbbt#HARTENSTEIN_BRAIN_LINEAGE	http://purl.obolibrary.org/obo/fbbt#ITO_LEE_BRAIN_LINEAGE	http://purl.obolibrary.org/obo/fbbt#PRIMARY_VNC_LINEAGE	http://purl.obolibrary.org/obo/fbbt#SECONDARY_VNC_LINEAGE
FBbt:00050175	neuroblast BLAd5	SLPal5	BLAd5			doi:10.1101/2023.06.27.546055	BLAd5	http://purl.obolibrary.org/obo/fbbt#HARTENSTEIN_BRAIN_LINEAGE	http://purl.obolibrary.org/obo/fbbt#ITO_LEE_BRAIN_LINEAGE	http://purl.obolibrary.org/obo/fbbt#PRIMARY_VNC_LINEAGE	http://purl.obolibrary.org/obo/fbbt#SECONDARY_VNC_LINEAGE
FBbt:00050178	neuroblast BAmas2 (female)	FLAa3 (female)	BAmas2 (female)			doi:10.1101/2023.06.27.546055|FlyBase:FBrf0223298	BAmas2 (female)	http://purl.obolibrary.org/obo/fbbt#HARTENSTEIN_BRAIN_LINEAGE	http://purl.obolibrary.org/obo/fbbt#ITO_LEE_BRAIN_LINEAGE	http://purl.obolibrary.org/obo/fbbt#PRIMARY_VNC_LINEAGE	http://purl.obolibrary.org/obo/fbbt#SECONDARY_VNC_LINEAGE
FBbt:00050201	neuroblast SMPad2	SMPad2					SMPad2	http://purl.obolibrary.org/obo/fbbt#HARTENSTEIN_BRAIN_LINEAGE	http://purl.obolibrary.org/obo/fbbt#ITO_LEE_BRAIN_LINEAGE	http://purl.obolibrary.org/obo/fbbt#PRIMARY_VNC_LINEAGE	http://purl.obolibrary.org/obo/fbbt#SECONDARY_VNC_LINEAGE
FBbt:00050213	neuroblast DPMl2	PSp1	DPMl2			doi:10.1101/2023.06.27.546055	DPMl2	http://purl.obolibrary.org/obo/fbbt#HARTENSTEIN_BRAIN_LINEAGE	http://purl.obolibrary.org/obo/fbbt#ITO_LEE_BRAIN_LINEAGE	http://purl.obolibrary.org/obo/fbbt#PRIMARY_VNC_LINEAGE	http://purl.obolibrary.org/obo/fbbt#SECONDARY_VNC_LINEAGE
FBbt:00050243	neuroblast SMPad1 (male)	SMPad1 (male)					SMPad1 (male)	http://purl.obolibrary.org/obo/fbbt#HARTENSTEIN_BRAIN_LINEAGE	http://purl.obolibrary.org/obo/fbbt#ITO_LEE_BRAIN_LINEAGE	http://purl.obolibrary.org/obo/fbbt#PRIMARY_VNC_LINEAGE	http://purl.obolibrary.org/obo/fbbt#SECONDARY_VNC_LINEAGE
FBbt:00050246	neuroblast BAmd1 (male)	CREa1 (male)	BAmd1 (male)			doi:10.1101/2023.06.27.546055	BAmd1 (male)	http://purl.obolibrary.org/obo/fbbt#HARTENSTEIN_BRAIN_LINEAGE	http://purl.obolibrary.org/obo/fbbt#ITO_LEE_BRAIN_LINEAGE	http://purl.obolibrary.org/obo/fbbt#PRIMARY_VNC_LINEAGE	http://purl.obolibrary.org/obo/fbbt#SECONDARY_VNC_LINEAGE
FBbt:00050249	neuroblast BLD5	VPNp1	BLD5			FlyBase:FBrf0246460|doi:10.1101/2023.06.27.546055	BLD5	http://purl.obolibrary.org/obo/fbbt#HARTENSTEIN_BRAIN_LINEAGE	http://purl.obolibrary.org/obo/fbbt#ITO_LEE_BRAIN_LINEAGE	http://purl.obolibrary.org/obo/fbbt#PRIMARY_VNC_LINEAGE	http://purl.obolibrary.org/obo/fbbt#SECONDARY_VNC_LINEAGE
FBbt:00050252	neuroblast CM4	DM4	CM4			doi:10.1101/2023.06.27.546055|FlyBase:FBrf0214495|FlyBase:FBrf0223298	CM4	http://purl.obolibrary.org/obo/fbbt#HARTENSTEIN_BRAIN_LINEAGE	http://purl.obolibrary.org/obo/fbbt#ITO_LEE_BRAIN_LINEAGE	http://purl.obolibrary.org/obo/fbbt#PRIMARY_VNC_LINEAGE	http://purl.obolibrary.org/obo/fbbt#SECONDARY_VNC_LINEAGE
FBbt:00050255	neuroblast BLVa2b	LHl3	BLVa2b			doi:10.1101/2023.06.27.546055	BLVa2b	http://purl.obolibrary.org/obo/fbbt#HARTENSTEIN_BRAIN_LINEAGE	http://purl.obolibrary.org/obo/fbbt#ITO_LEE_BRAIN_LINEAGE	http://purl.obolibrary.org/obo/fbbt#PRIMARY_VNC_LINEAGE	http://purl.obolibrary.org/obo/fbbt#SECONDARY_VNC_LINEAGE
FBbt:00050270	neuroblast MBp1	MBp1	MBp1			doi:10.1101/2023.06.27.546055	MBp1	http://purl.obolibrary.org/obo/fbbt#HARTENSTEIN_BRAIN_LINEAGE	http://purl.obolibrary.org/obo/fbbt#ITO_LEE_BRAIN_LINEAGE	http://purl.obolibrary.org/obo/fbbt#PRIMARY_VNC_LINEAGE	http://purl.obolibrary.org/obo/fbbt#SECONDARY_VNC_LINEAGE
FBbt:00052820	neuroblast CP5	LHp3	CP5			doi:10.1101/2023.06.27.546055	CP5	http://purl.obolibrary.org/obo/fbbt#HARTENSTEIN_BRAIN_LINEAGE	http://purl.obolibrary.org/obo/fbbt#ITO_LEE_BRAIN_LINEAGE	http://purl.obolibrary.org/obo/fbbt#PRIMARY_VNC_LINEAGE	http://purl.obolibrary.org/obo/fbbt#SECONDARY_VNC_LINEAGE
FBbt:00067346	neuroblast BAmv3	ALad1	BAmv3			FlyBase:FBrf0246460|doi:10.1101/2023.06.27.546055	BAmv3	http://purl.obolibrary.org/obo/fbbt#HARTENSTEIN_BRAIN_LINEAGE	http://purl.obolibrary.org/obo/fbbt#ITO_LEE_BRAIN_LINEAGE	http://purl.obolibrary.org/obo/fbbt#PRIMARY_VNC_LINEAGE	http://purl.obolibrary.org/obo/fbbt#SECONDARY_VNC_LINEAGE
FBbt:00067347	neuroblast BAlc	ALl1	BAlc			FlyBase:FBrf0246460|doi:10.1101/2023.06.27.546055	BAlc	http://purl.obolibrary.org/obo/fbbt#HARTENSTEIN_BRAIN_LINEAGE	http://purl.obolibrary.org/obo/fbbt#ITO_LEE_BRAIN_LINEAGE	http://purl.obolibrary.org/obo/fbbt#PRIMARY_VNC_LINEAGE	http://purl.obolibrary.org/obo/fbbt#SECONDARY_VNC_LINEAGE
FBbt:00067348	neuroblast BAla1	ALv1	BAla1			FlyBase:FBrf0246460|doi:10.1101/2023.06.27.546055	BAla1	http://purl.obolibrary.org/obo/fbbt#HARTENSTEIN_BRAIN_LINEAGE	http://purl.obolibrary.org/obo/fbbt#ITO_LEE_BRAIN_LINEAGE	http://purl.obolibrary.org/obo/fbbt#PRIMARY_VNC_LINEAGE	http://purl.obolibrary.org/obo/fbbt#SECONDARY_VNC_LINEAGE
FBbt:00100498	neuroblast DAMv1		DAMv1				DAMv1	http://purl.obolibrary.org/obo/fbbt#HARTENSTEIN_BRAIN_LINEAGE	http://purl.obolibrary.org/obo/fbbt#ITO_LEE_BRAIN_LINEAGE	http://purl.obolibrary.org/obo/fbbt#PRIMARY_VNC_LINEAGE	http://purl.obolibrary.org/obo/fbbt#SECONDARY_VNC_LINEAGE
FBbt:00100512	neuroblast DAMv2		DAMv2				DAMv2	http://purl.obolibrary.org/obo/fbbt#HARTENSTEIN_BRAIN_LINEAGE	http://purl.obolibrary.org/obo/fbbt#ITO_LEE_BRAIN_LINEAGE	http://purl.obolibrary.org/obo/fbbt#PRIMARY_VNC_LINEAGE	http://purl.obolibrary.org/obo/fbbt#SECONDARY_VNC_LINEAGE
FBbt:00100540	neuroblast DAMd1	SMPad3	DAMd1			doi:10.1101/2023.06.27.546055	DAMd1	http://purl.obolibrary.org/obo/fbbt#HARTENSTEIN_BRAIN_LINEAGE	http://purl.obolibrary.org/obo/fbbt#ITO_LEE_BRAIN_LINEAGE	http://purl.obolibrary.org/obo/fbbt#PRIMARY_VNC_LINEAGE	http://purl.obolibrary.org/obo/fbbt#SECONDARY_VNC_LINEAGE
FBbt:00100541	neuroblast DAMd2		DAMd2				DAMd2	http://purl.obolibrary.org/obo/fbbt#HARTENSTEIN_BRAIN_LINEAGE	http://purl.obolibrary.org/obo/fbbt#ITO_LEE_BRAIN_LINEAGE	http://purl.obolibrary.org/obo/fbbt#PRIMARY_VNC_LINEAGE	http://purl.obolibrary.org/obo/fbbt#SECONDARY_VNC_LINEAGE
FBbt:00100542	neuroblast DAMd3		DAMd3				DAMd3	http://purl.obolibrary.org/obo/fbbt#HARTENSTEIN_BRAIN_LINEAGE	http://purl.obolibrary.org/obo/fbbt#ITO_LEE_BRAIN_LINEAGE	http://purl.obolibrary.org/obo/fbbt#PRIMARY_VNC_LINEAGE	http://purl.obolibrary.org/obo/fbbt#SECONDARY_VNC_LINEAGE
FBbt:00100543	neuroblast DALv1	VLPa2	DALv1			doi:10.1101/2023.06.27.546055|FlyBase:FBrf0223298	DALv1	http://purl.obolibrary.org/obo/fbbt#HARTENSTEIN_BRAIN_LINEAGE	http://purl.obolibrary.org/obo/fbbt#ITO_LEE_BRAIN_LINEAGE	http://purl.obolibrary.org/obo/fbbt#PRIMARY_VNC_LINEAGE	http://purl.obolibrary.org/obo/fbbt#SECONDARY_VNC_LINEAGE
FBbt:00100545	neuroblast DALcl1	AOTUv3	DALcl1			doi:10.1101/2023.06.27.546055|FlyBase:FBrf0223298|FlyBase:FBrf0240929	DALcl1	http://purl.obolibrary.org/obo/fbbt#HARTENSTEIN_BRAIN_LINEAGE	http://purl.obolibrary.org/obo/fbbt#ITO_LEE_BRAIN_LINEAGE	http://purl.obolibrary.org/obo/fbbt#PRIMARY_VNC_LINEAGE	http://purl.obolibrary.org/obo/fbbt#SECONDARY_VNC_LINEAGE
FBbt:00100546	neuroblast DALcl2	AOTUv4	DALcl2			doi:10.1101/2023.06.27.546055|FlyBase:FBrf0240929	DALcl2	http://purl.obolibrary.org/obo/fbbt#HARTENSTEIN_BRAIN_LINEAGE	http://purl.obolibrary.org/obo/fbbt#ITO_LEE_BRAIN_LINEAGE	http://purl.obolibrary.org/obo/fbbt#PRIMARY_VNC_LINEAGE	http://purl.obolibrary.org/obo/fbbt#SECONDARY_VNC_LINEAGE
FBbt:00100547	neuroblast DALl1	AOTUv2	DALl1			FlyBase:FBrf0246460|doi:10.1101/2023.06.27.546055	DALl1	http://purl.obolibrary.org/obo/fbbt#HARTENSTEIN_BRAIN_LINEAGE	http://purl.obolibrary.org/obo/fbbt#ITO_LEE_BRAIN_LINEAGE	http://purl.obolibrary.org/obo/fbbt#PRIMARY_VNC_LINEAGE	http://purl.obolibrary.org/obo/fbbt#SECONDARY_VNC_LINEAGE
FBbt:00100548	neuroblast DALcm1	CREa2	DALcm1			doi:10.1101/2023.06.27.546055	DALcm1	http://purl.obolibrary.org/obo/fbbt#HARTENSTEIN_BRAIN_LINEAGE	http://purl.obolibrary.org/obo/fbbt#ITO_LEE_BRAIN_LINEAGE	http://purl.obolibrary.org/obo/fbbt#PRIMARY_VNC_LINEAGE	http://purl.obolibrary.org/obo/fbbt#SECONDARY_VNC_LINEAGE
FBbt:00100549	neuroblast DALcm2	AOTUv1	DALcm2			doi:10.1101/2023.06.27.546055	DALcm2	http://purl.obolibrary.org/obo/fbbt#HARTENSTEIN_BRAIN_LINEAGE	http://purl.obolibrary.org/obo/fbbt#ITO_LEE_BRAIN_LINEAGE	http://purl.obolibrary.org/obo/fbbt#PRIMARY_VNC_LINEAGE	http://purl.obolibrary.org/obo/fbbt#SECONDARY_VNC_LINEAGE
FBbt:00100550	neuroblast DALd	WEDd1	DALd			FlyBase:FBrf0246460|doi:10.1101/2023.06.27.546055	DALd	http://purl.obolibrary.org/obo/fbbt#HARTENSTEIN_BRAIN_LINEAGE	http://purl.obolibrary.org/obo/fbbt#ITO_LEE_BRAIN_LINEAGE	http://purl.obolibrary.org/obo/fbbt#PRIMARY_VNC_LINEAGE	http://purl.obolibrary.org/obo/fbbt#SECONDARY_VNC_LINEAGE
FBbt:00100551	neuroblast BAmd1	CREa1	BAmd1			doi:10.1101/2023.06.27.546055	BAmd1	http://purl.obolibrary.org/obo/fbbt#HARTENSTEIN_BRAIN_LINEAGE	http://purl.obolibrary.org/obo/fbbt#ITO_LEE_BRAIN_LINEAGE	http://purl.obolibrary.org/obo/fbbt#PRIMARY_VNC_LINEAGE	http://purl.obolibrary.org/obo/fbbt#SECONDARY_VNC_LINEAGE
FBbt:00100553	neuroblast BAmv2	PSa1	BAmv2			doi:10.1101/2023.06.27.546055	BAmv2	http://purl.obolibrary.org/obo/fbbt#HARTENSTEIN_BRAIN_LINEAGE	http://purl.obolibrary.org/obo/fbbt#ITO_LEE_BRAIN_LINEAGE	http://purl.obolibrary.org/obo/fbbt#PRIMARY_VNC_LINEAGE	http://purl.obolibrary.org/obo/fbbt#SECONDARY_VNC_LINEAGE
FBbt:00100555	neuroblast BAmas1	FLAa2	BAmas1			doi:10.1101/2023.06.27.546055|FlyBase:FBrf0223298	BAmas1	http://purl.obolibrary.org/obo/fbbt#HARTENSTEIN_BRAIN_LINEAGE	http://purl.obolibrary.org/obo/fbbt#ITO_LEE_BRAIN_LINEAGE	http://purl.obolibrary.org/obo/fbbt#PRIMARY_VNC_LINEAGE	http://purl.obolibrary.org/obo/fbbt#SECONDARY_VNC_LINEAGE
FBbt:00100556	neuroblast BAmas2	FLAa3	BAmas2			doi:10.1101/2023.06.27.546055|FlyBase:FBrf0223298	BAmas2	http://purl.obolibrary.org/obo/fbbt#HARTENSTEIN_BRAIN_LINEAGE	http://purl.obolibrary.org/obo/fbbt#ITO_LEE_BRAIN_LINEAGE	http://purl.obolibrary.org/obo/fbbt#PRIMARY_VNC_LINEAGE	http://purl.obolibrary.org/obo/fbbt#SECONDARY_VNC_LINEAGE
FBbt:00100560	neuroblast BAla4	FLAa1	BAla4			doi:10.1101/2023.06.27.546055	BAla4	http://purl.obolibrary.org/obo/fbbt#HARTENSTEIN_BRAIN_LINEAGE	http://purl.obolibrary.org/obo/fbbt#ITO_LEE_BRAIN_LINEAGE	http://purl.obolibrary.org/obo/fbbt#PRIMARY_VNC_LINEAGE	http://purl.obolibrary.org/obo/fbbt#SECONDARY_VNC_LINEAGE
FBbt:00100563	neuroblast BAlp1	VESa2	BAlp1			doi:10.1101/2023.06.27.546055	BAlp1	http://purl.obolibrary.org/obo/fbbt#HARTENSTEIN_BRAIN_LINEAGE	http://purl.obolibrary.org/obo/fbbt#ITO_LEE_BRAIN_LINEAGE	http://purl.obolibrary.org/obo/fbbt#PRIMARY_VNC_LINEAGE	http://purl.obolibrary.org/obo/fbbt#SECONDARY_VNC_LINEAGE
FBbt:00100564	neuroblast BAlp2	LALa1	BAlp2			doi:10.1101/2023.06.27.546055	BAlp2	http://purl.obolibrary.org/obo/fbbt#HARTENSTEIN_BRAIN_LINEAGE	http://purl.obolibrary.org/obo/fbbt#ITO_LEE_BRAIN_LINEAGE	http://purl.obolibrary.org/obo/fbbt#PRIMARY_VNC_LINEAGE	http://purl.obolibrary.org/obo/fbbt#SECONDARY_VNC_LINEAGE
FBbt:00100565	neuroblast BAlp3	WEDa2	BAlp3			FlyBase:FBrf0246460|doi:10.1101/2023.06.27.546055	BAlp3	http://purl.obolibrary.org/obo/fbbt#HARTENSTEIN_BRAIN_LINEAGE	http://purl.obolibrary.org/obo/fbbt#ITO_LEE_BRAIN_LINEAGE	http://purl.obolibrary.org/obo/fbbt#PRIMARY_VNC_LINEAGE	http://purl.obolibrary.org/obo/fbbt#SECONDARY_VNC_LINEAGE
FBbt:00100566	neuroblast BAlv	WEDa1	BAlv			doi:10.1101/2023.06.27.546055	BAlv	http://purl.obolibrary.org/obo/fbbt#HARTENSTEIN_BRAIN_LINEAGE	http://purl.obolibrary.org/obo/fbbt#ITO_LEE_BRAIN_LINEAGE	http://purl.obolibrary.org/obo/fbbt#PRIMARY_VNC_LINEAGE	http://purl.obolibrary.org/obo/fbbt#SECONDARY_VNC_LINEAGE
FBbt:00100568	neuroblast CM2		CM2				CM2	http://purl.obolibrary.org/obo/fbbt#HARTENSTEIN_BRAIN_LINEAGE	http://purl.obolibrary.org/obo/fbbt#ITO_LEE_BRAIN_LINEAGE	http://purl.obolibrary.org/obo/fbbt#PRIMARY_VNC_LINEAGE	http://purl.obolibrary.org/obo/fbbt#SECONDARY_VNC_LINEAGE
FBbt:00100571	neuroblast CM5	PSp2	CM5			doi:10.1101/2023.06.27.546055	CM5	http://purl.obolibrary.org/obo/fbbt#HARTENSTEIN_BRAIN_LINEAGE	http://purl.obolibrary.org/obo/fbbt#ITO_LEE_BRAIN_LINEAGE	http://purl.obolibrary.org/obo/fbbt#PRIMARY_VNC_LINEAGE	http://purl.obolibrary.org/obo/fbbt#SECONDARY_VNC_LINEAGE
FBbt:00100572	neuroblast TRdm		TRdm				TRdm	http://purl.obolibrary.org/obo/fbbt#HARTENSTEIN_BRAIN_LINEAGE	http://purl.obolibrary.org/obo/fbbt#ITO_LEE_BRAIN_LINEAGE	http://purl.obolibrary.org/obo/fbbt#PRIMARY_VNC_LINEAGE	http://purl.obolibrary.org/obo/fbbt#SECONDARY_VNC_LINEAGE
FBbt:00100573	neuroblast TRdl		TRdl				TRdl	http://purl.obolibrary.org/obo/fbbt#HARTENSTEIN_BRAIN_LINEAGE	http://purl.obolibrary.org/obo/fbbt#ITO_LEE_BRAIN_LINEAGE	http://purl.obolibrary.org/obo/fbbt#PRIMARY_VNC_LINEAGE	http://purl.obolibrary.org/obo/fbbt#SECONDARY_VNC_LINEAGE
FBbt:00100574	neuroblast TRvm		TRvm				TRvm	http://purl.obolibrary.org/obo/fbbt#HARTENSTEIN_BRAIN_LINEAGE	http://purl.obolibrary.org/obo/fbbt#ITO_LEE_BRAIN_LINEAGE	http://purl.obolibrary.org/obo/fbbt#PRIMARY_VNC_LINEAGE	http://purl.obolibrary.org/obo/fbbt#SECONDARY_VNC_LINEAGE
FBbt:00100575	neuroblast TRvl		TRvl				TRvl	http://purl.obolibrary.org/obo/fbbt#HARTENSTEIN_BRAIN_LINEAGE	http://purl.obolibrary.org/obo/fbbt#ITO_LEE_BRAIN_LINEAGE	http://purl.obolibrary.org/obo/fbbt#PRIMARY_VNC_LINEAGE	http://purl.obolibrary.org/obo/fbbt#SECONDARY_VNC_LINEAGE
FBbt:00100576	neuroblast TRco		TRco				TRco	http://purl.obolibrary.org/obo/fbbt#HARTENSTEIN_BRAIN_LINEAGE	http://purl.obolibrary.org/obo/fbbt#ITO_LEE_BRAIN_LINEAGE	http://purl.obolibrary.org/obo/fbbt#PRIMARY_VNC_LINEAGE	http://purl.obolibrary.org/obo/fbbt#SECONDARY_VNC_LINEAGE
FBbt:00100577	neuroblast DPMpl1	SMPpv1	DPMpl1			doi:10.1101/2023.06.27.546055	DPMpl1	http://purl.obolibrary.org/obo/fbbt#HARTENSTEIN_BRAIN_LINEAGE	http://purl.obolibrary.org/obo/fbbt#ITO_LEE_BRAIN_LINEAGE	http://purl.obolibrary.org/obo/fbbt#PRIMARY_VNC_LINEAGE	http://purl.obolibrary.org/obo/fbbt#SECONDARY_VNC_LINEAGE
FBbt:00100578	neuroblast DPMpl2	SIPp1	DPMpl2			doi:10.1101/2023.06.27.546055	DPMpl2	http://purl.obolibrary.org/obo/fbbt#HARTENSTEIN_BRAIN_LINEAGE	http://purl.obolibrary.org/obo/fbbt#ITO_LEE_BRAIN_LINEAGE	http://purl.obolibrary.org/obo/fbbt#PRIMARY_VNC_LINEAGE	http://purl.obolibrary.org/obo/fbbt#SECONDARY_VNC_LINEAGE
FBbt:00100579	neuroblast DPMpl3	VLPp2	DPMpl3			doi:10.1101/2023.06.27.546055	DPMpl3	http://purl.obolibrary.org/obo/fbbt#HARTENSTEIN_BRAIN_LINEAGE	http://purl.obolibrary.org/obo/fbbt#ITO_LEE_BRAIN_LINEAGE	http://purl.obolibrary.org/obo/fbbt#PRIMARY_VNC_LINEAGE	http://purl.obolibrary.org/obo/fbbt#SECONDARY_VNC_LINEAGE
FBbt:00100584	neuroblast DPMm2	SMPpm1	DPMm2			doi:10.1101/2023.06.27.546055	DPMm2	http://purl.obolibrary.org/obo/fbbt#HARTENSTEIN_BRAIN_LINEAGE	http://purl.obolibrary.org/obo/fbbt#ITO_LEE_BRAIN_LINEAGE	http://purl.obolibrary.org/obo/fbbt#PRIMARY_VNC_LINEAGE	http://purl.obolibrary.org/obo/fbbt#SECONDARY_VNC_LINEAGE
FBbt:00100585	neuroblast DPMm3		DPMm3				DPMm3	http://purl.obolibrary.org/obo/fbbt#HARTENSTEIN_BRAIN_LINEAGE	http://purl.obolibrary.org/obo/fbbt#ITO_LEE_BRAIN_LINEAGE	http://purl.obolibrary.org/obo/fbbt#PRIMARY_VNC_LINEAGE	http://purl.obolibrary.org/obo/fbbt#SECONDARY_VNC_LINEAGE
FBbt:00100586	neuroblast DPMl1	PSp3	DPMl1			doi:10.1101/2023.06.27.546055	DPMl1	http://purl.obolibrary.org/obo/fbbt#HARTENSTEIN_BRAIN_LINEAGE	http://purl.obolibrary.org/obo/fbbt#ITO_LEE_BRAIN_LINEAGE	http://purl.obolibrary.org/obo/fbbt#PRIMARY_VNC_LINEAGE	http://purl.obolibrary.org/obo/fbbt#SECONDARY_VNC_LINEAGE
FBbt:00100590	neuroblast DPLam	VLPd1	DPLam			FlyBase:FBrf0246460|doi:10.1101/2023.06.27.546055	DPLam	http://purl.obolibrary.org/obo/fbbt#HARTENSTEIN_BRAIN_LINEAGE	http://purl.obolibrary.org/obo/fbbt#ITO_LEE_BRAIN_LINEAGE	http://purl.obolibrary.org/obo/fbbt#PRIMARY_VNC_LINEAGE	http://purl.obolibrary.org/obo/fbbt#SECONDARY_VNC_LINEAGE
FBbt:00100591	neuroblast DPLal1	SLPal1	DPLal1			FlyBase:FBrf0246460|doi:10.1101/2023.06.27.546055	DPLal1	http://purl.obolibrary.org/obo/fbbt#HARTENSTEIN_BRAIN_LINEAGE	http://purl.obolibrary.org/obo/fbbt#ITO_LEE_BRAIN_LINEAGE	http://purl.obolibrary.org/obo/fbbt#PRIMARY_VNC_LINEAGE	http://purl.obolibrary.org/obo/fbbt#SECONDARY_VNC_LINEAGE
FBbt:00100592	neuroblast DPLal2	LHl2	DPLal2			FlyBase:FBrf0246460|doi:10.1101/2023.06.27.546055	DPLal2	http://purl.obolibrary.org/obo/fbbt#HARTENSTEIN_BRAIN_LINEAGE	http://purl.obolibrary.org/obo/fbbt#ITO_LEE_BRAIN_LINEAGE	http://purl.obolibrary.org/obo/fbbt#PRIMARY_VNC_LINEAGE	http://purl.obolibrary.org/obo/fbbt#SECONDARY_VNC_LINEAGE
FBbt:00100593	neuroblast DPLal3	SLPal2	DPLal3			FlyBase:FBrf0246460|doi:10.1101/2023.06.27.546055	DPLal3	http://purl.obolibrary.org/obo/fbbt#HARTENSTEIN_BRAIN_LINEAGE	http://purl.obolibrary.org/obo/fbbt#ITO_LEE_BRAIN_LINEAGE	http://purl.obolibrary.org/obo/fbbt#PRIMARY_VNC_LINEAGE	http://purl.obolibrary.org/obo/fbbt#SECONDARY_VNC_LINEAGE
FBbt:00100594	neuroblast DPLd	LHd1	DPLd			FlyBase:FBrf0246460|doi:10.1101/2023.06.27.546055	DPLd	http://purl.obolibrary.org/obo/fbbt#HARTENSTEIN_BRAIN_LINEAGE	http://purl.obolibrary.org/obo/fbbt#ITO_LEE_BRAIN_LINEAGE	http://purl.obolibrary.org/obo/fbbt#PRIMARY_VNC_LINEAGE	http://purl.obolibrary.org/obo/fbbt#SECONDARY_VNC_LINEAGE
FBbt:00100595	neuroblast DPLc1	SMPpd1	DPLc1			doi:10.1101/2023.06.27.546055	DPLc1	http://purl.obolibrary.org/obo/fbbt#HARTENSTEIN_BRAIN_LINEAGE	http://purl.obolibrary.org/obo/fbbt#ITO_LEE_BRAIN_LINEAGE	http://purl.obolibrary.org/obo/fbbt#PRIMARY_VNC_LINEAGE	http://purl.obolibrary.org/obo/fbbt#SECONDARY_VNC_LINEAGE
FBbt:00100596	neuroblast DPLc2	SLPpm2	DPLc2			doi:10.1101/2023.06.27.546055	DPLc2	http://purl.obolibrary.org/obo/fbbt#HARTENSTEIN_BRAIN_LINEAGE	http://purl.obolibrary.org/obo/fbbt#ITO_LEE_BRAIN_LINEAGE	http://purl.obolibrary.org/obo/fbbt#PRIMARY_VNC_LINEAGE	http://purl.obolibrary.org/obo/fbbt#SECONDARY_VNC_LINEAGE
FBbt:00100597	neuroblast DPLc3	SLPpm3	DPLc3			FlyBase:FBrf0246460|doi:10.1101/2023.06.27.546055	DPLc3	http://purl.obolibrary.org/obo/fbbt#HARTENSTEIN_BRAIN_LINEAGE	http://purl.obolibrary.org/obo/fbbt#ITO_LEE_BRAIN_LINEAGE	http://purl.obolibrary.org/obo/fbbt#PRIMARY_VNC_LINEAGE	http://purl.obolibrary.org/obo/fbbt#SECONDARY_VNC_LINEAGE
FBbt:00100598	neuroblast DPLc4	CLp1	DPLc4			doi:10.1101/2023.06.27.546055	DPLc4	http://purl.obolibrary.org/obo/fbbt#HARTENSTEIN_BRAIN_LINEAGE	http://purl.obolibrary.org/obo/fbbt#ITO_LEE_BRAIN_LINEAGE	http://purl.obolibrary.org/obo/fbbt#PRIMARY_VNC_LINEAGE	http://purl.obolibrary.org/obo/fbbt#SECONDARY_VNC_LINEAGE
FBbt:00100599	neuroblast DPLc5	SMPp&v1	DPLc5			doi:10.1101/2023.06.27.546055	DPLc5	http://purl.obolibrary.org/obo/fbbt#HARTENSTEIN_BRAIN_LINEAGE	http://purl.obolibrary.org/obo/fbbt#ITO_LEE_BRAIN_LINEAGE	http://purl.obolibrary.org/obo/fbbt#PRIMARY_VNC_LINEAGE	http://purl.obolibrary.org/obo/fbbt#SECONDARY_VNC_LINEAGE
FBbt:00100600	neuroblast DPLl1	SLPpl1	DPLl1			FlyBase:FBrf0246460|doi:10.1101/2023.06.27.546055	DPLl1	http://purl.obolibrary.org/obo/fbbt#HARTENSTEIN_BRAIN_LINEAGE	http://purl.obolibrary.org/obo/fbbt#ITO_LEE_BRAIN_LINEAGE	http://purl.obolibrary.org/obo/fbbt#PRIMARY_VNC_LINEAGE	http://purl.obolibrary.org/obo/fbbt#SECONDARY_VNC_LINEAGE
FBbt:00100601	neuroblast DPLl2	VLPd&p1	DPLl2			FlyBase:FBrf0246460|doi:10.1101/2023.06.27.546055	DPLl2	http://purl.obolibrary.org/obo/fbbt#HARTENSTEIN_BRAIN_LINEAGE	http://purl.obolibrary.org/obo/fbbt#ITO_LEE_BRAIN_LINEAGE	http://purl.obolibrary.org/obo/fbbt#PRIMARY_VNC_LINEAGE	http://purl.obolibrary.org/obo/fbbt#SECONDARY_VNC_LINEAGE
FBbt:00100602	neuroblast DPLl3	SLPad1	DPLl3			doi:10.1101/2023.06.27.546055	DPLl3	http://purl.obolibrary.org/obo/fbbt#HARTENSTEIN_BRAIN_LINEAGE	http://purl.obolibrary.org/obo/fbbt#ITO_LEE_BRAIN_LINEAGE	http://purl.obolibrary.org/obo/fbbt#PRIMARY_VNC_LINEAGE	http://purl.obolibrary.org/obo/fbbt#SECONDARY_VNC_LINEAGE
FBbt:00100603	neuroblast DPLp1	LHp2	DPLp1			FlyBase:FBrf0246460|doi:10.1101/2023.06.27.546055	DPLp1	http://purl.obolibrary.org/obo/fbbt#HARTENSTEIN_BRAIN_LINEAGE	http://purl.obolibrary.org/obo/fbbt#ITO_LEE_BRAIN_LINEAGE	http://purl.obolibrary.org/obo/fbbt#PRIMARY_VNC_LINEAGE	http://purl.obolibrary.org/obo/fbbt#SECONDARY_VNC_LINEAGE
FBbt:00100604	neuroblast DPLp2	SLPp&v1	DPLp2			FlyBase:FBrf0246460|doi:10.1101/2023.06.27.546055	DPLp2	http://purl.obolibrary.org/obo/fbbt#HARTENSTEIN_BRAIN_LINEAGE	http://purl.obolibrary.org/obo/fbbt#ITO_LEE_BRAIN_LINEAGE	http://purl.obolibrary.org/obo/fbbt#PRIMARY_VNC_LINEAGE	http://purl.obolibrary.org/obo/fbbt#SECONDARY_VNC_LINEAGE
FBbt:00100605	neuroblast DPLm1	SLPpm1	DPLm1			doi:10.1101/2023.06.27.546055	DPLm1	http://purl.obolibrary.org/obo/fbbt#HARTENSTEIN_BRAIN_LINEAGE	http://purl.obolibrary.org/obo/fbbt#ITO_LEE_BRAIN_LINEAGE	http://purl.obolibrary.org/obo/fbbt#PRIMARY_VNC_LINEAGE	http://purl.obolibrary.org/obo/fbbt#SECONDARY_VNC_LINEAGE
FBbt:00100606	neuroblast DPLm2	LHd2	DPLm2			FlyBase:FBrf0246460|doi:10.1101/2023.06.27.546055	DPLm2	http://purl.obolibrary.org/obo/fbbt#HARTENSTEIN_BRAIN_LINEAGE	http://purl.obolibrary.org/obo/fbbt#ITO_LEE_BRAIN_LINEAGE	http://purl.obolibrary.org/obo/fbbt#PRIMARY_VNC_LINEAGE	http://purl.obolibrary.org/obo/fbbt#SECONDARY_VNC_LINEAGE
FBbt:00100607	neuroblast DPLcv		DPLcv				DPLcv	http://purl.obolibrary.org/obo/fbbt#HARTENSTEIN_BRAIN_LINEAGE	http://purl.obolibrary.org/obo/fbbt#ITO_LEE_BRAIN_LINEAGE	http://purl.obolibrary.org/obo/fbbt#PRIMARY_VNC_LINEAGE	http://purl.obolibrary.org/obo/fbbt#SECONDARY_VNC_LINEAGE
FBbt:00100608	neuroblast CP1	SMPpv2	CP1			doi:10.1101/2023.06.27.546055	CP1	http://purl.obolibrary.org/obo/fbbt#HARTENSTEIN_BRAIN_LINEAGE	http://purl.obolibrary.org/obo/fbbt#ITO_LEE_BRAIN_LINEAGE	http://purl.obolibrary.org/obo/fbbt#PRIMARY_VNC_LINEAGE	http://purl.obolibrary.org/obo/fbbt#SECONDARY_VNC_LINEAGE
FBbt:00100609	neuroblast CP2	DL1	CP2			FlyBase:FBrf0246460|doi:10.1101/2023.06.27.546055|FlyBase:FBrf0223298	CP2	http://purl.obolibrary.org/obo/fbbt#HARTENSTEIN_BRAIN_LINEAGE	http://purl.obolibrary.org/obo/fbbt#ITO_LEE_BRAIN_LINEAGE	http://purl.obolibrary.org/obo/fbbt#PRIMARY_VNC_LINEAGE	http://purl.obolibrary.org/obo/fbbt#SECONDARY_VNC_LINEAGE
FBbt:00100610	neuroblast CP3	DL2	CP3			FlyBase:FBrf0246460|doi:10.1101/2023.06.27.546055|FlyBase:FBrf0223298	CP3	http://purl.obolibrary.org/obo/fbbt#HARTENSTEIN_BRAIN_LINEAGE	http://purl.obolibrary.org/obo/fbbt#ITO_LEE_BRAIN_LINEAGE	http://purl.obolibrary.org/obo/fbbt#PRIMARY_VNC_LINEAGE	http://purl.obolibrary.org/obo/fbbt#SECONDARY_VNC_LINEAGE
FBbt:00100611	neuroblast CP4	CLp2	CP4			doi:10.1101/2023.06.27.546055	CP4	http://purl.obolibrary.org/obo/fbbt#HARTENSTEIN_BRAIN_LINEAGE	http://purl.obolibrary.org/obo/fbbt#ITO_LEE_BRAIN_LINEAGE	http://purl.obolibrary.org/obo/fbbt#PRIMARY_VNC_LINEAGE	http://purl.obolibrary.org/obo/fbbt#SECONDARY_VNC_LINEAGE
FBbt:00100612	neuroblast BLAv1	VLPl&d1	BLAv1			doi:10.1101/2023.06.27.546055|FlyBase:FBrf0223298	BLAv1	http://purl.obolibrary.org/obo/fbbt#HARTENSTEIN_BRAIN_LINEAGE	http://purl.obolibrary.org/obo/fbbt#ITO_LEE_BRAIN_LINEAGE	http://purl.obolibrary.org/obo/fbbt#PRIMARY_VNC_LINEAGE	http://purl.obolibrary.org/obo/fbbt#SECONDARY_VNC_LINEAGE
FBbt:00100613	neuroblast BLAv2	VLPl2	BLAv2			FlyBase:FBrf0246460|doi:10.1101/2023.06.27.546055	BLAv2	http://purl.obolibrary.org/obo/fbbt#HARTENSTEIN_BRAIN_LINEAGE	http://purl.obolibrary.org/obo/fbbt#ITO_LEE_BRAIN_LINEAGE	http://purl.obolibrary.org/obo/fbbt#PRIMARY_VNC_LINEAGE	http://purl.obolibrary.org/obo/fbbt#SECONDARY_VNC_LINEAGE
FBbt:00100614	neuroblast BLAd1	LHa1	BLAd1			FlyBase:FBrf0246460|doi:10.1101/2023.06.27.546055	BLAd1	http://purl.obolibrary.org/obo/fbbt#HARTENSTEIN_BRAIN_LINEAGE	http://purl.obolibrary.org/obo/fbbt#ITO_LEE_BRAIN_LINEAGE	http://purl.obolibrary.org/obo/fbbt#PRIMARY_VNC_LINEAGE	http://purl.obolibrary.org/obo/fbbt#SECONDARY_VNC_LINEAGE
FBbt:00100615	neuroblast BLAd2	SIPa1	BLAd2			FlyBase:FBrf0246460|doi:10.1101/2023.06.27.546055	BLAd2	http://purl.obolibrary.org/obo/fbbt#HARTENSTEIN_BRAIN_LINEAGE	http://purl.obolibrary.org/obo/fbbt#ITO_LEE_BRAIN_LINEAGE	http://purl.obolibrary.org/obo/fbbt#PRIMARY_VNC_LINEAGE	http://purl.obolibrary.org/obo/fbbt#SECONDARY_VNC_LINEAGE
FBbt:00100616	neuroblast BLAd3	SLPal3	BLAd3			doi:10.1101/2020.06.12.148775	BLAd3	http://purl.obolibrary.org/obo/fbbt#HARTENSTEIN_BRAIN_LINEAGE	http://purl.obolibrary.org/obo/fbbt#ITO_LEE_BRAIN_LINEAGE	http://purl.obolibrary.org/obo/fbbt#PRIMARY_VNC_LINEAGE	http://purl.obolibrary.org/obo/fbbt#SECONDARY_VNC_LINEAGE
FBbt:00100617	neuroblast BLAd4		BLAd4				BLAd4	http://purl.obolibrary.org/obo/fbbt#HARTENSTEIN_BRAIN_LINEAGE	http://purl.obolibrary.org/obo/fbbt#ITO_LEE_BRAIN_LINEAGE	http://purl.obolibrary.org/obo/fbbt#PRIMARY_VNC_LINEAGE	http://purl.obolibrary.org/obo/fbbt#SECONDARY_VNC_LINEAGE
FBbt:00100618	neuroblast BLAl1	SLPav1	BLAl1			doi:10.1101/2023.06.27.546055	BLAl1	http://purl.obolibrary.org/obo/fbbt#HARTENSTEIN_BRAIN_LINEAGE	http://purl.obolibrary.org/obo/fbbt#ITO_LEE_BRAIN_LINEAGE	http://purl.obolibrary.org/obo/fbbt#PRIMARY_VNC_LINEAGE	http://purl.obolibrary.org/obo/fbbt#SECONDARY_VNC_LINEAGE
FBbt:00100619	neuroblast BLAvm	SLPa&l1	BLAvm			doi:10.1101/2023.06.27.546055	BLAvm	http://purl.obolibrary.org/obo/fbbt#HARTENSTEIN_BRAIN_LINEAGE	http://purl.obolibrary.org/obo/fbbt#ITO_LEE_BRAIN_LINEAGE	http://purl.obolibrary.org/obo/fbbt#PRIMARY_VNC_LINEAGE	http://purl.obolibrary.org/obo/fbbt#SECONDARY_VNC_LINEAGE
FBbt:00100620	neuroblast BLD1	LHl4	BLD1			FlyBase:FBrf0246460|doi:10.1101/2023.06.27.546055	BLD1	http://purl.obolibrary.org/obo/fbbt#HARTENSTEIN_BRAIN_LINEAGE	http://purl.obolibrary.org/obo/fbbt#ITO_LEE_BRAIN_LINEAGE	http://purl.obolibrary.org/obo/fbbt#PRIMARY_VNC_LINEAGE	http://purl.obolibrary.org/obo/fbbt#SECONDARY_VNC_LINEAGE
FBbt:00100621	neuroblast BLD2	SLPav2	BLD2			FlyBase:FBrf0246460|doi:10.1101/2023.06.27.546055	BLD2	http://purl.obolibrary.org/obo/fbbt#HARTENSTEIN_BRAIN_LINEAGE	http://purl.obolibrary.org/obo/fbbt#ITO_LEE_BRAIN_LINEAGE	http://purl.obolibrary.org/obo/fbbt#PRIMARY_VNC_LINEAGE	http://purl.obolibrary.org/obo/fbbt#SECONDARY_VNC_LINEAGE
FBbt:00100622	neuroblast BLD3	VLPl4	BLD3			doi:10.1101/2023.06.27.546055	BLD3	http://purl.obolibrary.org/obo/fbbt#HARTENSTEIN_BRAIN_LINEAGE	http://purl.obolibrary.org/obo/fbbt#ITO_LEE_BRAIN_LINEAGE	http://purl.obolibrary.org/obo/fbbt#PRIMARY_VNC_LINEAGE	http://purl.obolibrary.org/obo/fbbt#SECONDARY_VNC_LINEAGE
FBbt:00100623	neuroblast BLD4	LHl1	BLD4			FlyBase:FBrf0246460|doi:10.1101/2023.06.27.546055	BLD4	http://purl.obolibrary.org/obo/fbbt#HARTENSTEIN_BRAIN_LINEAGE	http://purl.obolibrary.org/obo/fbbt#ITO_LEE_BRAIN_LINEAGE	http://purl.obolibrary.org/obo/fbbt#PRIMARY_VNC_LINEAGE	http://purl.obolibrary.org/obo/fbbt#SECONDARY_VNC_LINEAGE
FBbt:00100625	neuroblast BLP1	VPNp&v1	BLP1			FlyBase:FBrf0246460|doi:10.1101/2023.06.27.546055	BLP1	http://purl.obolibrary.org/obo/fbbt#HARTENSTEIN_BRAIN_LINEAGE	http://purl.obolibrary.org/obo/fbbt#ITO_LEE_BRAIN_LINEAGE	http://purl.obolibrary.org/obo/fbbt#PRIMARY_VNC_LINEAGE	http://purl.obolibrary.org/obo/fbbt#SECONDARY_VNC_LINEAGE
FBbt:00100626	neuroblast BLP2	VLPp1	BLP2			doi:10.1101/2023.06.27.546055	BLP2	http://purl.obolibrary.org/obo/fbbt#HARTENSTEIN_BRAIN_LINEAGE	http://purl.obolibrary.org/obo/fbbt#ITO_LEE_BRAIN_LINEAGE	http://purl.obolibrary.org/obo/fbbt#PRIMARY_VNC_LINEAGE	http://purl.obolibrary.org/obo/fbbt#SECONDARY_VNC_LINEAGE
FBbt:00100627	neuroblast BLP3		BLP3				BLP3	http://purl.obolibrary.org/obo/fbbt#HARTENSTEIN_BRAIN_LINEAGE	http://purl.obolibrary.org/obo/fbbt#ITO_LEE_BRAIN_LINEAGE	http://purl.obolibrary.org/obo/fbbt#PRIMARY_VNC_LINEAGE	http://purl.obolibrary.org/obo/fbbt#SECONDARY_VNC_LINEAGE
FBbt:00100628	neuroblast BLP4	LHp1	BLP4			FlyBase:FBrf0246460|doi:10.1101/2023.06.27.546055	BLP4	http://purl.obolibrary.org/obo/fbbt#HARTENSTEIN_BRAIN_LINEAGE	http://purl.obolibrary.org/obo/fbbt#ITO_LEE_BRAIN_LINEAGE	http://purl.obolibrary.org/obo/fbbt#PRIMARY_VNC_LINEAGE	http://purl.obolibrary.org/obo/fbbt#SECONDARY_VNC_LINEAGE
FBbt:00100629	neuroblast BLP5		BLP5				BLP5	http://purl.obolibrary.org/obo/fbbt#HARTENSTEIN_BRAIN_LINEAGE	http://purl.obolibrary.org/obo/fbbt#ITO_LEE_BRAIN_LINEAGE	http://purl.obolibrary.org/obo/fbbt#PRIMARY_VNC_LINEAGE	http://purl.obolibrary.org/obo/fbbt#SECONDARY_VNC_LINEAGE
FBbt:00100630	neuroblast BLVa1	LHa2	BLVa1			FlyBase:FBrf0246460|doi:10.1101/2023.06.27.546055	BLVa1	http://purl.obolibrary.org/obo/fbbt#HARTENSTEIN_BRAIN_LINEAGE	http://purl.obolibrary.org/obo/fbbt#ITO_LEE_BRAIN_LINEAGE	http://purl.obolibrary.org/obo/fbbt#PRIMARY_VNC_LINEAGE	http://purl.obolibrary.org/obo/fbbt#SECONDARY_VNC_LINEAGE
FBbt:00100631	neuroblast BLVa2	LHa3	BLVa2			FlyBase:FBrf0246460|doi:10.1101/2023.06.27.546055	BLVa2	http://purl.obolibrary.org/obo/fbbt#HARTENSTEIN_BRAIN_LINEAGE	http://purl.obolibrary.org/obo/fbbt#ITO_LEE_BRAIN_LINEAGE	http://purl.obolibrary.org/obo/fbbt#PRIMARY_VNC_LINEAGE	http://purl.obolibrary.org/obo/fbbt#SECONDARY_VNC_LINEAGE
FBbt:00100632	neuroblast BLVa3		BLVa3				BLVa3	http://purl.obolibrary.org/obo/fbbt#HARTENSTEIN_BRAIN_LINEAGE	http://purl.obolibrary.org/obo/fbbt#ITO_LEE_BRAIN_LINEAGE	http://purl.obolibrary.org/obo/fbbt#PRIMARY_VNC_LINEAGE	http://purl.obolibrary.org/obo/fbbt#SECONDARY_VNC_LINEAGE
FBbt:00100633	neuroblast BLVp1	VLPl&p2	BLVp1			doi:10.1101/2023.06.27.546055	BLVp1	http://purl.obolibrary.org/obo/fbbt#HARTENSTEIN_BRAIN_LINEAGE	http://purl.obolibrary.org/obo/fbbt#ITO_LEE_BRAIN_LINEAGE	http://purl.obolibrary.org/obo/fbbt#PRIMARY_VNC_LINEAGE	http://purl.obolibrary.org/obo/fbbt#SECONDARY_VNC_LINEAGE
FBbt:00100645	neuroblast DALv3	CREl1	DALv3			doi:10.1101/2023.06.27.546055	DALv3	http://purl.obolibrary.org/obo/fbbt#HARTENSTEIN_BRAIN_LINEAGE	http://purl.obolibrary.org/obo/fbbt#ITO_LEE_BRAIN_LINEAGE	http://purl.obolibrary.org/obo/fbbt#PRIMARY_VNC_LINEAGE	http://purl.obolibrary.org/obo/fbbt#SECONDARY_VNC_LINEAGE
FBbt:00100735	neuroblast BAmd2	WEDd2	BAmd2			doi:10.1101/2023.06.27.546055|FlyBase:FBrf0223298	BAmd2	http://purl.obolibrary.org/obo/fbbt#HARTENSTEIN_BRAIN_LINEAGE	http://purl.obolibrary.org/obo/fbbt#ITO_LEE_BRAIN_LINEAGE	http://purl.obolibrary.org/obo/fbbt#PRIMARY_VNC_LINEAGE	http://purl.obolibrary.org/obo/fbbt#SECONDARY_VNC_LINEAGE
FBbt:00110359	neuroblast LHa4	LHa4					LHa4	http://purl.obolibrary.org/obo/fbbt#HARTENSTEIN_BRAIN_LINEAGE	http://purl.obolibrary.org/obo/fbbt#ITO_LEE_BRAIN_LINEAGE	http://purl.obolibrary.org/obo/fbbt#PRIMARY_VNC_LINEAGE	http://purl.obolibrary.org/obo/fbbt#SECONDARY_VNC_LINEAGE
FBbt:00110368	neuroblast SLPpm4	SLPpm4					SLPpm4	http://purl.obolibrary.org/obo/fbbt#HARTENSTEIN_BRAIN_LINEAGE	http://purl.obolibrary.org/obo/fbbt#ITO_LEE_BRAIN_LINEAGE	http://purl.obolibrary.org/obo/fbbt#PRIMARY_VNC_LINEAGE	http://purl.obolibrary.org/obo/fbbt#SECONDARY_VNC_LINEAGE
FBbt:00110374	neuroblast DPLc6	SMPpd2	DPLc6			doi:10.1101/2023.06.27.546055	DPLc6	http://purl.obolibrary.org/obo/fbbt#HARTENSTEIN_BRAIN_LINEAGE	http://purl.obolibrary.org/obo/fbbt#ITO_LEE_BRAIN_LINEAGE	http://purl.obolibrary.org/obo/fbbt#PRIMARY_VNC_LINEAGE	http://purl.obolibrary.org/obo/fbbt#SECONDARY_VNC_LINEAGE
FBbt:00110383	neuroblast VPNd2	VPNd2					VPNd2	http://purl.obolibrary.org/obo/fbbt#HARTENSTEIN_BRAIN_LINEAGE	http://purl.obolibrary.org/obo/fbbt#ITO_LEE_BRAIN_LINEAGE	http://purl.obolibrary.org/obo/fbbt#PRIMARY_VNC_LINEAGE	http://purl.obolibrary.org/obo/fbbt#SECONDARY_VNC_LINEAGE
FBbt:00110386	neuroblast VPNd3	VPNd3					VPNd3	http://purl.obolibrary.org/obo/fbbt#HARTENSTEIN_BRAIN_LINEAGE	http://purl.obolibrary.org/obo/fbbt#ITO_LEE_BRAIN_LINEAGE	http://purl.obolibrary.org/obo/fbbt#PRIMARY_VNC_LINEAGE	http://purl.obolibrary.org/obo/fbbt#SECONDARY_VNC_LINEAGE
FBbt:00110389	neuroblast VPNd4	VPNd4					VPNd4	http://purl.obolibrary.org/obo/fbbt#HARTENSTEIN_BRAIN_LINEAGE	http://purl.obolibrary.org/obo/fbbt#ITO_LEE_BRAIN_LINEAGE	http://purl.obolibrary.org/obo/fbbt#PRIMARY_VNC_LINEAGE	http://purl.obolibrary.org/obo/fbbt#SECONDARY_VNC_LINEAGE
FBbt:00110392	neuroblast VPNp2	VPNp2					VPNp2	http://purl.obolibrary.org/obo/fbbt#HARTENSTEIN_BRAIN_LINEAGE	http://purl.obolibrary.org/obo/fbbt#ITO_LEE_BRAIN_LINEAGE	http://purl.obolibrary.org/obo/fbbt#PRIMARY_VNC_LINEAGE	http://purl.obolibrary.org/obo/fbbt#SECONDARY_VNC_LINEAGE
FBbt:00110395	neuroblast VPNp3	VPNp3					VPNp3	http://purl.obolibrary.org/obo/fbbt#HARTENSTEIN_BRAIN_LINEAGE	http://purl.obolibrary.org/obo/fbbt#ITO_LEE_BRAIN_LINEAGE	http://purl.obolibrary.org/obo/fbbt#PRIMARY_VNC_LINEAGE	http://purl.obolibrary.org/obo/fbbt#SECONDARY_VNC_LINEAGE
FBbt:00110398	neuroblast VPNp4	VPNp4					VPNp4	http://purl.obolibrary.org/obo/fbbt#HARTENSTEIN_BRAIN_LINEAGE	http://purl.obolibrary.org/obo/fbbt#ITO_LEE_BRAIN_LINEAGE	http://purl.obolibrary.org/obo/fbbt#PRIMARY_VNC_LINEAGE	http://purl.obolibrary.org/obo/fbbt#SECONDARY_VNC_LINEAGE
FBbt:00110401	neuroblast VPNv1	VPNv1					VPNv1	http://purl.obolibrary.org/obo/fbbt#HARTENSTEIN_BRAIN_LINEAGE	http://purl.obolibrary.org/obo/fbbt#ITO_LEE_BRAIN_LINEAGE	http://purl.obolibrary.org/obo/fbbt#PRIMARY_VNC_LINEAGE	http://purl.obolibrary.org/obo/fbbt#SECONDARY_VNC_LINEAGE
FBbt:00110404	neuroblast VPNv2	VPNv2					VPNv2	http://purl.obolibrary.org/obo/fbbt#HARTENSTEIN_BRAIN_LINEAGE	http://purl.obolibrary.org/obo/fbbt#ITO_LEE_BRAIN_LINEAGE	http://purl.obolibrary.org/obo/fbbt#PRIMARY_VNC_LINEAGE	http://purl.obolibrary.org/obo/fbbt#SECONDARY_VNC_LINEAGE
FBbt:00110407	neuroblast VPNv3	VPNv3					VPNv3	http://purl.obolibrary.org/obo/fbbt#HARTENSTEIN_BRAIN_LINEAGE	http://purl.obolibrary.org/obo/fbbt#ITO_LEE_BRAIN_LINEAGE	http://purl.obolibrary.org/obo/fbbt#PRIMARY_VNC_LINEAGE	http://purl.obolibrary.org/obo/fbbt#SECONDARY_VNC_LINEAGE
FBbt:00110411	neuroblast SMPad4	SMPad4					SMPad4	http://purl.obolibrary.org/obo/fbbt#HARTENSTEIN_BRAIN_LINEAGE	http://purl.obolibrary.org/obo/fbbt#ITO_LEE_BRAIN_LINEAGE	http://purl.obolibrary.org/obo/fbbt#PRIMARY_VNC_LINEAGE	http://purl.obolibrary.org/obo/fbbt#SECONDARY_VNC_LINEAGE
FBbt:00110558	neuroblast MBp2	MBp2	MBp2			doi:10.1101/2023.06.27.546055	MBp2	http://purl.obolibrary.org/obo/fbbt#HARTENSTEIN_BRAIN_LINEAGE	http://purl.obolibrary.org/obo/fbbt#ITO_LEE_BRAIN_LINEAGE	http://purl.obolibrary.org/obo/fbbt#PRIMARY_VNC_LINEAGE	http://purl.obolibrary.org/obo/fbbt#SECONDARY_VNC_LINEAGE
FBbt:00110561	neuroblast MBp3	MBp3	MBp3			doi:10.1101/2023.06.27.546055	MBp3	http://purl.obolibrary.org/obo/fbbt#HARTENSTEIN_BRAIN_LINEAGE	http://purl.obolibrary.org/obo/fbbt#ITO_LEE_BRAIN_LINEAGE	http://purl.obolibrary.org/obo/fbbt#PRIMARY_VNC_LINEAGE	http://purl.obolibrary.org/obo/fbbt#SECONDARY_VNC_LINEAGE
FBbt:00110564	neuroblast MBp4	MBp4	MBp4			doi:10.1101/2023.06.27.546055	MBp4	http://purl.obolibrary.org/obo/fbbt#HARTENSTEIN_BRAIN_LINEAGE	http://purl.obolibrary.org/obo/fbbt#ITO_LEE_BRAIN_LINEAGE	http://purl.obolibrary.org/obo/fbbt#PRIMARY_VNC_LINEAGE	http://purl.obolibrary.org/obo/fbbt#SECONDARY_VNC_LINEAGE
FBbt:00111737	neuroblast NB5-7			NB5-7	20	FlyBase:FBrf0231327	NB5-7	http://purl.obolibrary.org/obo/fbbt#HARTENSTEIN_BRAIN_LINEAGE	http://purl.obolibrary.org/obo/fbbt#ITO_LEE_BRAIN_LINEAGE	http://purl.obolibrary.org/obo/fbbt#PRIMARY_VNC_LINEAGE	http://purl.obolibrary.org/obo/fbbt#SECONDARY_VNC_LINEAGE
